#pragma once

#include <cstddef>
#include <cstdint>

#include "font.h"

inline constexpr std::uint8_t minecraftstandard_6_bitmap[] = {
    0x80, 0x80, 0x80, 0x80, 0x80, 0x00, 0x80, 0xA0, 0xA0, 0x00, 0x50, 0x50, 0xF8, 0x50, 0xF8, 0x50,
    0x50, 0x20, 0x78, 0x80, 0x70, 0x08, 0xF0, 0x20, 0x88, 0x90, 0x10, 0x20, 0x40, 0x48, 0x88, 0x20,
    0x50, 0x20, 0x68, 0xB0, 0x90, 0x68, 0x80, 0x80, 0x00, 0x20, 0x40, 0x80, 0x80, 0x80, 0x40, 0x20,
    0x80, 0x40, 0x20, 0x20, 0x20, 0x40, 0x80, 0xA0, 0x40, 0xA0, 0x00, 0x20, 0x20, 0xF8, 0x20, 0x20,
    0x80, 0x80, 0x00, 0xF8, 0x00, 0x80, 0x08, 0x10, 0x10, 0x20, 0x40, 0x40, 0x80, 0x70, 0x88, 0x98,
    0xA8, 0xC8, 0x88, 0x70, 0x20, 0x60, 0x20, 0x20, 0x20, 0x20, 0xF8, 0x70, 0x88, 0x08, 0x30, 0x40,
    0x88, 0xF8, 0x70, 0x88, 0x08, 0x30, 0x08, 0x88, 0x70, 0x18, 0x28, 0x48, 0x88, 0xF8, 0x08, 0x08,
    0xF8, 0x80, 0xF0, 0x08, 0x08, 0x88, 0x70, 0x30, 0x40, 0x80, 0xF0, 0x88, 0x88, 0x70, 0xF8, 0x88,
    0x08, 0x10, 0x20, 0x20, 0x20, 0x70, 0x88, 0x88, 0x70, 0x88, 0x88, 0x70, 0x70, 0x88, 0x88, 0x78,
    0x08, 0x10, 0x60, 0x80, 0x00, 0x00, 0x00, 0x80, 0x80, 0x00, 0x00, 0x00, 0x80, 0x80, 0x00, 0x10,
    0x20, 0x40, 0x80, 0x40, 0x20, 0x10, 0xF8, 0x00, 0xF8, 0x00, 0x80, 0x40, 0x20, 0x10, 0x20, 0x40,
    0x80, 0x70, 0x88, 0x08, 0x10, 0x20, 0x00, 0x20, 0x78, 0x84, 0xB4, 0xA4, 0xBC, 0x80, 0x78, 0x00,
    0x70, 0x88, 0xF8, 0x88, 0x88, 0x88, 0x88, 0xF0, 0x88, 0xF0, 0x88, 0x88, 0x88, 0xF0, 0x70, 0x88,
    0x80, 0x80, 0x80, 0x88, 0x70, 0xF0, 0x88, 0x88, 0x88, 0x88, 0x88, 0xF0, 0xF8, 0x80, 0xE0, 0x80,
    0x80, 0x80, 0xF8, 0xF8, 0x80, 0xE0, 0x80, 0x80, 0x80, 0x80, 0x78, 0x80, 0x98, 0x88, 0x88, 0x88,
    0x70, 0x88, 0x88, 0xF8, 0x88, 0x88, 0x88, 0x88, 0xE0, 0x40, 0x40, 0x40, 0x40, 0x40, 0xE0, 0x08,
    0x08, 0x08, 0x08, 0x08, 0x88, 0x70, 0x88, 0x90, 0xE0, 0x90, 0x88, 0x88, 0x88, 0x80, 0x80, 0x80,
    0x80, 0x80, 0x80, 0xF8, 0x88, 0xD8, 0xA8, 0x88, 0x88, 0x88, 0x88, 0x88, 0xC8, 0xA8, 0x98, 0x88,
    0x88, 0x88, 0x70, 0x88, 0x88, 0x88, 0x88, 0x88, 0x70, 0xF0, 0x88, 0xF0, 0x80, 0x80, 0x80, 0x80,
    0x70, 0x88, 0x88, 0x88, 0x88, 0x90, 0x68, 0xF0, 0x88, 0xF0, 0x88, 0x88, 0x88, 0x88, 0x78, 0x80,
    0x70, 0x08, 0x08, 0x88, 0x70, 0xF8, 0x20, 0x20, 0x20, 0x20, 0x20, 0x20, 0x88, 0x88, 0x88, 0x88,
    0x88, 0x88, 0x70, 0x88, 0x88, 0x88, 0x88, 0x50, 0x50, 0x20, 0x88, 0x88, 0x88, 0x88, 0xA8, 0xD8,
    0x88, 0x88, 0x50, 0x20, 0x50, 0x88, 0x88, 0x88, 0x88, 0x50, 0x20, 0x20, 0x20, 0x20, 0x20, 0xF8,
    0x08, 0x10, 0x20, 0x40, 0x80, 0xF8, 0xE0, 0x80, 0x80, 0x80, 0x80, 0x80, 0xE0, 0x80, 0x40, 0x40,
    0x20, 0x10, 0x10, 0x08, 0xE0, 0x20, 0x20, 0x20, 0x20, 0x20, 0xE0, 0x20, 0x50, 0x88, 0x00, 0xF8,
    0x00, 0x80, 0x40, 0x00, 0x70, 0x08, 0x78, 0x88, 0x78, 0x80, 0x80, 0xB0, 0xC8, 0x88, 0x88, 0xF0,
    0x70, 0x88, 0x80, 0x88, 0x70, 0x08, 0x08, 0x68, 0x98, 0x88, 0x88, 0x78, 0x70, 0x88, 0xF8, 0x80,
    0x78, 0x30, 0x40, 0xF0, 0x40, 0x40, 0x40, 0x40, 0x78, 0x88, 0x88, 0x78, 0x08, 0xF0, 0x00, 0x80,
    0x80, 0xB0, 0xC8, 0x88, 0x88, 0x88, 0x80, 0x00, 0x80, 0x80, 0x80, 0x80, 0x80, 0x08, 0x00, 0x08,
    0x08, 0x08, 0x88, 0x88, 0x70, 0x00, 0x80, 0x80, 0x90, 0xA0, 0xC0, 0xA0, 0x90, 0x80, 0x80, 0x80,
    0x80, 0x80, 0x80, 0x40, 0xD0, 0xA8, 0xA8, 0x88, 0x88, 0xF0, 0x88, 0x88, 0x88, 0x88, 0x70, 0x88,
    0x88, 0x88, 0x70, 0xB0, 0xC8, 0x88, 0xF0, 0x80, 0x80, 0x00, 0x68, 0x98, 0x88, 0x78, 0x08, 0x08,
    0x00, 0xB0, 0xC8, 0x80, 0x80, 0x80, 0x78, 0x80, 0x70, 0x08, 0xF0, 0x40, 0x40, 0xE0, 0x40, 0x40,
    0x40, 0x20, 0x88, 0x88, 0x88, 0x88, 0x78, 0x88, 0x88, 0x88, 0x50, 0x20, 0x88, 0x88, 0xA8, 0xA8,
    0x78, 0x88, 0x50, 0x20, 0x50, 0x88, 0x88, 0x88, 0x88, 0x78, 0x08, 0xF0, 0x00, 0xF8, 0x10, 0x20,
    0x40, 0xF8, 0x20, 0x40, 0x40, 0x80, 0x40, 0x40, 0x20, 0x80, 0x80, 0x80, 0x80, 0x80, 0x80, 0x80,
    0x80, 0x40, 0x40, 0x20, 0x40, 0x40, 0x80, 0x64, 0x98, 0x00,
};

inline constexpr FontGlyph minecraftstandard_6_glyphs[] = {
    {0, 0, 0, 0, 0, 3},
    {0, 1, 7, 0, 3, 2},
    {7, 3, 3, 0, 3, 4},
    {10, 5, 7, 0, 3, 6},
    {17, 5, 7, 0, 3, 6},
    {24, 5, 7, 0, 3, 6},
    {31, 5, 7, 0, 3, 6},
    {38, 1, 3, 0, 3, 2},
    {41, 3, 7, 0, 3, 4},
    {48, 3, 7, 0, 3, 4},
    {55, 3, 4, 0, 3, 4},
    {59, 5, 5, 0, 4, 6},
    {64, 1, 3, 0, 9, 2},
    {67, 5, 2, 0, 6, 6},
    {69, 1, 1, 0, 9, 2},
    {70, 5, 7, 0, 3, 6},
    {77, 5, 7, 0, 3, 6},
    {84, 5, 7, 0, 3, 6},
    {91, 5, 7, 0, 3, 6},
    {98, 5, 7, 0, 3, 6},
    {105, 5, 7, 0, 3, 6},
    {112, 5, 7, 0, 3, 6},
    {119, 5, 7, 0, 3, 6},
    {126, 5, 7, 0, 3, 6},
    {133, 5, 7, 0, 3, 6},
    {140, 5, 7, 0, 3, 6},
    {147, 1, 5, 0, 5, 2},
    {152, 1, 7, 0, 5, 2},
    {159, 4, 7, 0, 3, 5},
    {166, 5, 4, 0, 5, 6},
    {170, 4, 7, 0, 3, 5},
    {177, 5, 7, 0, 3, 6},
    {184, 6, 8, 0, 4, 7},
    {192, 5, 7, 0, 3, 6},
    {199, 5, 7, 0, 3, 6},
    {206, 5, 7, 0, 3, 6},
    {213, 5, 7, 0, 3, 6},
    {220, 5, 7, 0, 3, 6},
    {227, 5, 7, 0, 3, 6},
    {234, 5, 7, 0, 3, 6},
    {241, 5, 7, 0, 3, 6},
    {248, 3, 7, 0, 3, 4},
    {255, 5, 7, 0, 3, 6},
    {262, 5, 7, 0, 3, 6},
    {269, 5, 7, 0, 3, 6},
    {276, 5, 7, 0, 3, 6},
    {283, 5, 7, 0, 3, 6},
    {290, 5, 7, 0, 3, 6},
    {297, 5, 7, 0, 3, 6},
    {304, 5, 7, 0, 3, 6},
    {311, 5, 7, 0, 3, 6},
    {318, 5, 7, 0, 3, 6},
    {325, 5, 7, 0, 3, 6},
    {332, 5, 7, 0, 3, 6},
    {339, 5, 7, 0, 3, 6},
    {346, 5, 7, 0, 3, 6},
    {353, 5, 7, 0, 3, 6},
    {360, 5, 7, 0, 3, 6},
    {367, 5, 7, 0, 3, 6},
    {374, 3, 7, 0, 3, 4},
    {381, 5, 7, 0, 3, 6},
    {388, 3, 7, 0, 3, 4},
    {395, 5, 4, 0, 3, 6},
    {399, 5, 2, 0, 10, 6},
    {401, 2, 3, 0, 3, 3},
    {404, 5, 5, 0, 5, 6},
    {409, 5, 7, 0, 3, 6},
    {416, 5, 5, 0, 5, 6},
    {421, 5, 7, 0, 3, 6},
    {428, 5, 5, 0, 5, 6},
    {433, 4, 7, 0, 3, 5},
    {440, 5, 7, 0, 5, 6},
    {447, 5, 7, 0, 3, 6},
    {454, 1, 7, 0, 3, 2},
    {461, 5, 9, 0, 3, 6},
    {470, 4, 7, 0, 3, 5},
    {477, 2, 7, 0, 3, 3},
    {484, 5, 5, 0, 5, 6},
    {489, 5, 5, 0, 5, 6},
    {494, 5, 5, 0, 5, 6},
    {499, 5, 7, 0, 5, 6},
    {506, 5, 7, 0, 5, 6},
    {513, 5, 5, 0, 5, 6},
    {518, 5, 5, 0, 5, 6},
    {523, 3, 7, 0, 3, 4},
    {530, 5, 5, 0, 5, 6},
    {535, 5, 5, 0, 5, 6},
    {540, 5, 5, 0, 5, 6},
    {545, 5, 5, 0, 5, 6},
    {550, 5, 7, 0, 5, 6},
    {557, 5, 5, 0, 5, 6},
    {562, 3, 7, 0, 3, 4},
    {569, 1, 7, 0, 3, 2},
    {576, 3, 7, 0, 3, 4},
    {583, 6, 3, 0, 3, 7},
};

inline constexpr FontAsset minecraftstandard_6{6, 12, 32, 126, minecraftstandard_6_glyphs, minecraftstandard_6_bitmap, sizeof(minecraftstandard_6_bitmap)};

inline constexpr std::uint8_t minecraftstandard_6_tight_bitmap[] = {
    0x80, 0x80, 0x80, 0x80, 0x80, 0x00, 0x80, 0xA0, 0xA0, 0x00, 0x50, 0x50, 0xF8, 0x50, 0xF8, 0x50,
    0x50, 0x20, 0x78, 0x80, 0x70, 0x08, 0xF0, 0x20, 0x88, 0x90, 0x10, 0x20, 0x40, 0x48, 0x88, 0x20,
    0x50, 0x20, 0x68, 0xB0, 0x90, 0x68, 0x80, 0x80, 0x00, 0x20, 0x40, 0x80, 0x80, 0x80, 0x40, 0x20,
    0x80, 0x40, 0x20, 0x20, 0x20, 0x40, 0x80, 0xA0, 0x40, 0xA0, 0x00, 0x20, 0x20, 0xF8, 0x20, 0x20,
    0x80, 0x80, 0x00, 0xF8, 0x00, 0x80, 0x08, 0x10, 0x10, 0x20, 0x40, 0x40, 0x80, 0x70, 0x88, 0x98,
    0xA8, 0xC8, 0x88, 0x70, 0x20, 0x60, 0x20, 0x20, 0x20, 0x20, 0xF8, 0x70, 0x88, 0x08, 0x30, 0x40,
    0x88, 0xF8, 0x70, 0x88, 0x08, 0x30, 0x08, 0x88, 0x70, 0x18, 0x28, 0x48, 0x88, 0xF8, 0x08, 0x08,
    0xF8, 0x80, 0xF0, 0x08, 0x08, 0x88, 0x70, 0x30, 0x40, 0x80, 0xF0, 0x88, 0x88, 0x70, 0xF8, 0x88,
    0x08, 0x10, 0x20, 0x20, 0x20, 0x70, 0x88, 0x88, 0x70, 0x88, 0x88, 0x70, 0x70, 0x88, 0x88, 0x78,
    0x08, 0x10, 0x60, 0x80, 0x00, 0x00, 0x00, 0x80, 0x80, 0x00, 0x00, 0x00, 0x80, 0x80, 0x00, 0x10,
    0x20, 0x40, 0x80, 0x40, 0x20, 0x10, 0xF8, 0x00, 0xF8, 0x00, 0x80, 0x40, 0x20, 0x10, 0x20, 0x40,
    0x80, 0x70, 0x88, 0x08, 0x10, 0x20, 0x00, 0x20, 0x78, 0x84, 0xB4, 0xA4, 0xBC, 0x80, 0x78, 0x00,
    0x70, 0x88, 0xF8, 0x88, 0x88, 0x88, 0x88, 0xF0, 0x88, 0xF0, 0x88, 0x88, 0x88, 0xF0, 0x70, 0x88,
    0x80, 0x80, 0x80, 0x88, 0x70, 0xF0, 0x88, 0x88, 0x88, 0x88, 0x88, 0xF0, 0xF8, 0x80, 0xE0, 0x80,
    0x80, 0x80, 0xF8, 0xF8, 0x80, 0xE0, 0x80, 0x80, 0x80, 0x80, 0x78, 0x80, 0x98, 0x88, 0x88, 0x88,
    0x70, 0x88, 0x88, 0xF8, 0x88, 0x88, 0x88, 0x88, 0xE0, 0x40, 0x40, 0x40, 0x40, 0x40, 0xE0, 0x08,
    0x08, 0x08, 0x08, 0x08, 0x88, 0x70, 0x88, 0x90, 0xE0, 0x90, 0x88, 0x88, 0x88, 0x80, 0x80, 0x80,
    0x80, 0x80, 0x80, 0xF8, 0x88, 0xD8, 0xA8, 0x88, 0x88, 0x88, 0x88, 0x88, 0xC8, 0xA8, 0x98, 0x88,
    0x88, 0x88, 0x70, 0x88, 0x88, 0x88, 0x88, 0x88, 0x70, 0xF0, 0x88, 0xF0, 0x80, 0x80, 0x80, 0x80,
    0x70, 0x88, 0x88, 0x88, 0x88, 0x90, 0x68, 0xF0, 0x88, 0xF0, 0x88, 0x88, 0x88, 0x88, 0x78, 0x80,
    0x70, 0x08, 0x08, 0x88, 0x70, 0xF8, 0x20, 0x20, 0x20, 0x20, 0x20, 0x20, 0x88, 0x88, 0x88, 0x88,
    0x88, 0x88, 0x70, 0x88, 0x88, 0x88, 0x88, 0x50, 0x50, 0x20, 0x88, 0x88, 0x88, 0x88, 0xA8, 0xD8,
    0x88, 0x88, 0x50, 0x20, 0x50, 0x88, 0x88, 0x88, 0x88, 0x50, 0x20, 0x20, 0x20, 0x20, 0x20, 0xF8,
    0x08, 0x10, 0x20, 0x40, 0x80, 0xF8, 0xE0, 0x80, 0x80, 0x80, 0x80, 0x80, 0xE0, 0x80, 0x40, 0x40,
    0x20, 0x10, 0x10, 0x08, 0xE0, 0x20, 0x20, 0x20, 0x20, 0x20, 0xE0, 0x20, 0x50, 0x88, 0x00, 0xF8,
    0x00, 0x80, 0x40, 0x00, 0x70, 0x08, 0x78, 0x88, 0x78, 0x80, 0x80, 0xB0, 0xC8, 0x88, 0x88, 0xF0,
    0x70, 0x88, 0x80, 0x88, 0x70, 0x08, 0x08, 0x68, 0x98, 0x88, 0x88, 0x78, 0x70, 0x88, 0xF8, 0x80,
    0x78, 0x30, 0x40, 0xF0, 0x40, 0x40, 0x40, 0x40, 0x78, 0x88, 0x88, 0x78, 0x08, 0xF0, 0x00, 0x80,
    0x80, 0xB0, 0xC8, 0x88, 0x88, 0x88, 0x80, 0x00, 0x80, 0x80, 0x80, 0x80, 0x80, 0x08, 0x00, 0x08,
    0x08, 0x08, 0x88, 0x88, 0x70, 0x00, 0x80, 0x80, 0x90, 0xA0, 0xC0, 0xA0, 0x90, 0x80, 0x80, 0x80,
    0x80, 0x80, 0x80, 0x40, 0xD0, 0xA8, 0xA8, 0x88, 0x88, 0xF0, 0x88, 0x88, 0x88, 0x88, 0x70, 0x88,
    0x88, 0x88, 0x70, 0xB0, 0xC8, 0x88, 0xF0, 0x80, 0x80, 0x00, 0x68, 0x98, 0x88, 0x78, 0x08, 0x08,
    0x00, 0xB0, 0xC8, 0x80, 0x80, 0x80, 0x78, 0x80, 0x70, 0x08, 0xF0, 0x40, 0x40, 0xE0, 0x40, 0x40,
    0x40, 0x20, 0x88, 0x88, 0x88, 0x88, 0x78, 0x88, 0x88, 0x88, 0x50, 0x20, 0x88, 0x88, 0xA8, 0xA8,
    0x78, 0x88, 0x50, 0x20, 0x50, 0x88, 0x88, 0x88, 0x88, 0x78, 0x08, 0xF0, 0x00, 0xF8, 0x10, 0x20,
    0x40, 0xF8, 0x20, 0x40, 0x40, 0x80, 0x40, 0x40, 0x20, 0x80, 0x80, 0x80, 0x80, 0x80, 0x80, 0x80,
    0x80, 0x40, 0x40, 0x20, 0x40, 0x40, 0x80, 0x64, 0x98, 0x00,
};

inline constexpr FontGlyph minecraftstandard_6_tight_glyphs[] = {
    {0, 0, 0, 0, -3, 3},
    {0, 1, 7, 0, 0, 2},
    {7, 3, 3, 0, 0, 4},
    {10, 5, 7, 0, 0, 6},
    {17, 5, 7, 0, 0, 6},
    {24, 5, 7, 0, 0, 6},
    {31, 5, 7, 0, 0, 6},
    {38, 1, 3, 0, 0, 2},
    {41, 3, 7, 0, 0, 4},
    {48, 3, 7, 0, 0, 4},
    {55, 3, 4, 0, 0, 4},
    {59, 5, 5, 0, 1, 6},
    {64, 1, 3, 0, 6, 2},
    {67, 5, 2, 0, 3, 6},
    {69, 1, 1, 0, 6, 2},
    {70, 5, 7, 0, 0, 6},
    {77, 5, 7, 0, 0, 6},
    {84, 5, 7, 0, 0, 6},
    {91, 5, 7, 0, 0, 6},
    {98, 5, 7, 0, 0, 6},
    {105, 5, 7, 0, 0, 6},
    {112, 5, 7, 0, 0, 6},
    {119, 5, 7, 0, 0, 6},
    {126, 5, 7, 0, 0, 6},
    {133, 5, 7, 0, 0, 6},
    {140, 5, 7, 0, 0, 6},
    {147, 1, 5, 0, 2, 2},
    {152, 1, 7, 0, 2, 2},
    {159, 4, 7, 0, 0, 5},
    {166, 5, 4, 0, 2, 6},
    {170, 4, 7, 0, 0, 5},
    {177, 5, 7, 0, 0, 6},
    {184, 6, 8, 0, 1, 7},
    {192, 5, 7, 0, 0, 6},
    {199, 5, 7, 0, 0, 6},
    {206, 5, 7, 0, 0, 6},
    {213, 5, 7, 0, 0, 6},
    {220, 5, 7, 0, 0, 6},
    {227, 5, 7, 0, 0, 6},
    {234, 5, 7, 0, 0, 6},
    {241, 5, 7, 0, 0, 6},
    {248, 3, 7, 0, 0, 4},
    {255, 5, 7, 0, 0, 6},
    {262, 5, 7, 0, 0, 6},
    {269, 5, 7, 0, 0, 6},
    {276, 5, 7, 0, 0, 6},
    {283, 5, 7, 0, 0, 6},
    {290, 5, 7, 0, 0, 6},
    {297, 5, 7, 0, 0, 6},
    {304, 5, 7, 0, 0, 6},
    {311, 5, 7, 0, 0, 6},
    {318, 5, 7, 0, 0, 6},
    {325, 5, 7, 0, 0, 6},
    {332, 5, 7, 0, 0, 6},
    {339, 5, 7, 0, 0, 6},
    {346, 5, 7, 0, 0, 6},
    {353, 5, 7, 0, 0, 6},
    {360, 5, 7, 0, 0, 6},
    {367, 5, 7, 0, 0, 6},
    {374, 3, 7, 0, 0, 4},
    {381, 5, 7, 0, 0, 6},
    {388, 3, 7, 0, 0, 4},
    {395, 5, 4, 0, 0, 6},
    {399, 5, 2, 0, 7, 6},
    {401, 2, 3, 0, 0, 3},
    {404, 5, 5, 0, 2, 6},
    {409, 5, 7, 0, 0, 6},
    {416, 5, 5, 0, 2, 6},
    {421, 5, 7, 0, 0, 6},
    {428, 5, 5, 0, 2, 6},
    {433, 4, 7, 0, 0, 5},
    {440, 5, 7, 0, 2, 6},
    {447, 5, 7, 0, 0, 6},
    {454, 1, 7, 0, 0, 2},
    {461, 5, 9, 0, 0, 6},
    {470, 4, 7, 0, 0, 5},
    {477, 2, 7, 0, 0, 3},
    {484, 5, 5, 0, 2, 6},
    {489, 5, 5, 0, 2, 6},
    {494, 5, 5, 0, 2, 6},
    {499, 5, 7, 0, 2, 6},
    {506, 5, 7, 0, 2, 6},
    {513, 5, 5, 0, 2, 6},
    {518, 5, 5, 0, 2, 6},
    {523, 3, 7, 0, 0, 4},
    {530, 5, 5, 0, 2, 6},
    {535, 5, 5, 0, 2, 6},
    {540, 5, 5, 0, 2, 6},
    {545, 5, 5, 0, 2, 6},
    {550, 5, 7, 0, 2, 6},
    {557, 5, 5, 0, 2, 6},
    {562, 3, 7, 0, 0, 4},
    {569, 1, 7, 0, 0, 2},
    {576, 3, 7, 0, 0, 4},
    {583, 6, 3, 0, 0, 7},
};

inline constexpr FontAsset minecraftstandard_6_tight{6, 9, 32, 126, minecraftstandard_6_tight_glyphs, minecraftstandard_6_tight_bitmap, sizeof(minecraftstandard_6_tight_bitmap)};

inline constexpr std::uint8_t minecraftstandard_12_bitmap[] = {
    0xC0, 0xC0, 0xC0, 0xC0, 0xC0, 0xC0, 0xC0, 0xC0, 0xC0, 0xC0, 0x00, 0x00, 0xC0, 0xC0, 0xCC, 0xCC,
    0xCC, 0xCC, 0x00, 0x33, 0x00, 0x33, 0x00, 0x33, 0x00, 0x33, 0x00, 0xFF, 0xC0, 0xFF, 0xC0, 0x33,
    0x00, 0x33, 0x00, 0xFF, 0xC0, 0xFF, 0xC0, 0x33, 0x00, 0x33, 0x00, 0x33, 0x00, 0x33, 0x00, 0x0C,
    0x00, 0x0C, 0x00, 0x3F, 0xC0, 0x3F, 0xC0, 0xC0, 0x00, 0xC0, 0x00, 0x3F, 0x00, 0x3F, 0x00, 0x00,
    0xC0, 0x00, 0xC0, 0xFF, 0x00, 0xFF, 0x00, 0x0C, 0x00, 0x0C, 0x00, 0xC0, 0xC0, 0xC0, 0xC0, 0xC3,
    0x00, 0xC3, 0x00, 0x03, 0x00, 0x03, 0x00, 0x0C, 0x00, 0x0C, 0x00, 0x30, 0x00, 0x30, 0x00, 0x30,
    0xC0, 0x30, 0xC0, 0xC0, 0xC0, 0xC0, 0xC0, 0x0C, 0x00, 0x0C, 0x00, 0x33, 0x00, 0x33, 0x00, 0x0C,
    0x00, 0x0C, 0x00, 0x3C, 0xC0, 0x3C, 0xC0, 0xCF, 0x00, 0xCF, 0x00, 0xC3, 0x00, 0xC3, 0x00, 0x3C,
    0xC0, 0x3C, 0xC0, 0xC0, 0xC0, 0xC0, 0xC0, 0x00, 0x0C, 0x0C, 0x30, 0x30, 0xC0, 0xC0, 0xC0, 0xC0,
    0xC0, 0xC0, 0x30, 0x30, 0x0C, 0x0C, 0xC0, 0xC0, 0x30, 0x30, 0x0C, 0x0C, 0x0C, 0x0C, 0x0C, 0x0C,
    0x30, 0x30, 0xC0, 0xC0, 0xCC, 0xCC, 0x30, 0x30, 0xCC, 0xCC, 0x00, 0x0C, 0x00, 0x0C, 0x00, 0x0C,
    0x00, 0x0C, 0x00, 0xFF, 0xC0, 0xFF, 0xC0, 0x0C, 0x00, 0x0C, 0x00, 0x0C, 0x00, 0x0C, 0x00, 0xC0,
    0xC0, 0xC0, 0xC0, 0x00, 0xFF, 0xC0, 0xFF, 0xC0, 0x00, 0x00, 0xC0, 0xC0, 0x00, 0xC0, 0x00, 0xC0,
    0x03, 0x00, 0x03, 0x00, 0x03, 0x00, 0x03, 0x00, 0x0C, 0x00, 0x0C, 0x00, 0x30, 0x00, 0x30, 0x00,
    0x30, 0x00, 0x30, 0x00, 0xC0, 0x00, 0xC0, 0x00, 0x3F, 0x00, 0x3F, 0x00, 0xC0, 0xC0, 0xC0, 0xC0,
    0xC3, 0xC0, 0xC3, 0xC0, 0xCC, 0xC0, 0xCC, 0xC0, 0xF0, 0xC0, 0xF0, 0xC0, 0xC0, 0xC0, 0xC0, 0xC0,
    0x3F, 0x00, 0x3F, 0x00, 0x0C, 0x00, 0x0C, 0x00, 0x3C, 0x00, 0x3C, 0x00, 0x0C, 0x00, 0x0C, 0x00,
    0x0C, 0x00, 0x0C, 0x00, 0x0C, 0x00, 0x0C, 0x00, 0x0C, 0x00, 0x0C, 0x00, 0xFF, 0xC0, 0xFF, 0xC0,
    0x3F, 0x00, 0x3F, 0x00, 0xC0, 0xC0, 0xC0, 0xC0, 0x00, 0xC0, 0x00, 0xC0, 0x0F, 0x00, 0x0F, 0x00,
    0x30, 0x00, 0x30, 0x00, 0xC0, 0xC0, 0xC0, 0xC0, 0xFF, 0xC0, 0xFF, 0xC0, 0x3F, 0x00, 0x3F, 0x00,
    0xC0, 0xC0, 0xC0, 0xC0, 0x00, 0xC0, 0x00, 0xC0, 0x0F, 0x00, 0x0F, 0x00, 0x00, 0xC0, 0x00, 0xC0,
    0xC0, 0xC0, 0xC0, 0xC0, 0x3F, 0x00, 0x3F, 0x00, 0x03, 0xC0, 0x03, 0xC0, 0x0C, 0xC0, 0x0C, 0xC0,
    0x30, 0xC0, 0x30, 0xC0, 0xC0, 0xC0, 0xC0, 0xC0, 0xFF, 0xC0, 0xFF, 0xC0, 0x00, 0xC0, 0x00, 0xC0,
    0x00, 0xC0, 0x00, 0xC0, 0xFF, 0xC0, 0xFF, 0xC0, 0xC0, 0x00, 0xC0, 0x00, 0xFF, 0x00, 0xFF, 0x00,
    0x00, 0xC0, 0x00, 0xC0, 0x00, 0xC0, 0x00, 0xC0, 0xC0, 0xC0, 0xC0, 0xC0, 0x3F, 0x00, 0x3F, 0x00,
    0x0F, 0x00, 0x0F, 0x00, 0x30, 0x00, 0x30, 0x00, 0xC0, 0x00, 0xC0, 0x00, 0xFF, 0x00, 0xFF, 0x00,
    0xC0, 0xC0, 0xC0, 0xC0, 0xC0, 0xC0, 0xC0, 0xC0, 0x3F, 0x00, 0x3F, 0x00, 0xFF, 0xC0, 0xFF, 0xC0,
    0xC0, 0xC0, 0xC0, 0xC0, 0x00, 0xC0, 0x00, 0xC0, 0x03, 0x00, 0x03, 0x00, 0x0C, 0x00, 0x0C, 0x00,
    0x0C, 0x00, 0x0C, 0x00, 0x0C, 0x00, 0x0C, 0x00, 0x3F, 0x00, 0x3F, 0x00, 0xC0, 0xC0, 0xC0, 0xC0,
    0xC0, 0xC0, 0xC0, 0xC0, 0x3F, 0x00, 0x3F, 0x00, 0xC0, 0xC0, 0xC0, 0xC0, 0xC0, 0xC0, 0xC0, 0xC0,
    0x3F, 0x00, 0x3F, 0x00, 0x3F, 0x00, 0x3F, 0x00, 0xC0, 0xC0, 0xC0, 0xC0, 0xC0, 0xC0, 0xC0, 0xC0,
    0x3F, 0xC0, 0x3F, 0xC0, 0x00, 0xC0, 0x00, 0xC0, 0x03, 0x00, 0x03, 0x00, 0x3C, 0x00, 0x3C, 0x00,
    0xC0, 0xC0, 0x00, 0x00, 0x00, 0x00, 0x00, 0x00, 0xC0, 0xC0, 0xC0, 0xC0, 0x00, 0x00, 0x00, 0x00,
    0x00, 0x00, 0xC0, 0xC0, 0xC0, 0xC0, 0x00, 0x03, 0x03, 0x0C, 0x0C, 0x30, 0x30, 0xC0, 0xC0, 0x30,
    0x30, 0x0C, 0x0C, 0x03, 0x03, 0xFF, 0xC0, 0xFF, 0xC0, 0x00, 0x00, 0x00, 0x00, 0xFF, 0xC0, 0xFF,
    0xC0, 0x00, 0x00, 0xC0, 0xC0, 0x30, 0x30, 0x0C, 0x0C, 0x03, 0x03, 0x0C, 0x0C, 0x30, 0x30, 0xC0,
    0xC0, 0x3F, 0x00, 0x3F, 0x00, 0xC0, 0xC0, 0xC0, 0xC0, 0x00, 0xC0, 0x00, 0xC0, 0x03, 0x00, 0x03,
    0x00, 0x0C, 0x00, 0x0C, 0x00, 0x00, 0x00, 0x00, 0x00, 0x0C, 0x00, 0x0C, 0x00, 0x3F, 0xC0, 0x3F,
    0xC0, 0xC0, 0x30, 0xC0, 0x30, 0xCF, 0x30, 0xCF, 0x30, 0xCC, 0x30, 0xCC, 0x30, 0xCF, 0xF0, 0xCF,
    0xF0, 0xC0, 0x00, 0xC0, 0x00, 0x3F, 0xC0, 0x3F, 0xC0, 0x00, 0x00, 0x3F, 0x00, 0x3F, 0x00, 0xC0,
    0xC0, 0xC0, 0xC0, 0xFF, 0xC0, 0xFF, 0xC0, 0xC0, 0xC0, 0xC0, 0xC0, 0xC0, 0xC0, 0xC0, 0xC0, 0xC0,
    0xC0, 0xC0, 0xC0, 0xC0, 0xC0, 0xC0, 0xC0, 0xFF, 0x00, 0xFF, 0x00, 0xC0, 0xC0, 0xC0, 0xC0, 0xFF,
    0x00, 0xFF, 0x00, 0xC0, 0xC0, 0xC0, 0xC0, 0xC0, 0xC0, 0xC0, 0xC0, 0xC0, 0xC0, 0xC0, 0xC0, 0xFF,
    0x00, 0xFF, 0x00, 0x3F, 0x00, 0x3F, 0x00, 0xC0, 0xC0, 0xC0, 0xC0, 0xC0, 0x00, 0xC0, 0x00, 0xC0,
    0x00, 0xC0, 0x00, 0xC0, 0x00, 0xC0, 0x00, 0xC0, 0xC0, 0xC0, 0xC0, 0x3F, 0x00, 0x3F, 0x00, 0xFF,
    0x00, 0xFF, 0x00, 0xC0, 0xC0, 0xC0, 0xC0, 0xC0, 0xC0, 0xC0, 0xC0, 0xC0, 0xC0, 0xC0, 0xC0, 0xC0,
    0xC0, 0xC0, 0xC0, 0xC0, 0xC0, 0xC0, 0xC0, 0xFF, 0x00, 0xFF, 0x00, 0xFF, 0xC0, 0xFF, 0xC0, 0xC0,
    0x00, 0xC0, 0x00, 0xFC, 0x00, 0xFC, 0x00, 0xC0, 0x00, 0xC0, 0x00, 0xC0, 0x00, 0xC0, 0x00, 0xC0,
    0x00, 0xC0, 0x00, 0xFF, 0xC0, 0xFF, 0xC0, 0xFF, 0xC0, 0xFF, 0xC0, 0xC0, 0x00, 0xC0, 0x00, 0xFC,
    0x00, 0xFC, 0x00, 0xC0, 0x00, 0xC0, 0x00, 0xC0, 0x00, 0xC0, 0x00, 0xC0, 0x00, 0xC0, 0x00, 0xC0,
    0x00, 0xC0, 0x00, 0x3F, 0xC0, 0x3F, 0xC0, 0xC0, 0x00, 0xC0, 0x00, 0xC3, 0xC0, 0xC3, 0xC0, 0xC0,
    0xC0, 0xC0, 0xC0, 0xC0, 0xC0, 0xC0, 0xC0, 0xC0, 0xC0, 0xC0, 0xC0, 0x3F, 0x00, 0x3F, 0x00, 0xC0,
    0xC0, 0xC0, 0xC0, 0xC0, 0xC0, 0xC0, 0xC0, 0xFF, 0xC0, 0xFF, 0xC0, 0xC0, 0xC0, 0xC0, 0xC0, 0xC0,
    0xC0, 0xC0, 0xC0, 0xC0, 0xC0, 0xC0, 0xC0, 0xC0, 0xC0, 0xC0, 0xC0, 0xFC, 0xFC, 0x30, 0x30, 0x30,
    0x30, 0x30, 0x30, 0x30, 0x30, 0x30, 0x30, 0xFC, 0xFC, 0x00, 0xC0, 0x00, 0xC0, 0x00, 0xC0, 0x00,
    0xC0, 0x00, 0xC0, 0x00, 0xC0, 0x00, 0xC0, 0x00, 0xC0, 0x00, 0xC0, 0x00, 0xC0, 0xC0, 0xC0, 0xC0,
    0xC0, 0x3F, 0x00, 0x3F, 0x00, 0xC0, 0xC0, 0xC0, 0xC0, 0xC3, 0x00, 0xC3, 0x00, 0xFC, 0x00, 0xFC,
    0x00, 0xC3, 0x00, 0xC3, 0x00, 0xC0, 0xC0, 0xC0, 0xC0, 0xC0, 0xC0, 0xC0, 0xC0, 0xC0, 0xC0, 0xC0,
    0xC0, 0xC0, 0x00, 0xC0, 0x00, 0xC0, 0x00, 0xC0, 0x00, 0xC0, 0x00, 0xC0, 0x00, 0xC0, 0x00, 0xC0,
    0x00, 0xC0, 0x00, 0xC0, 0x00, 0xC0, 0x00, 0xC0, 0x00, 0xFF, 0xC0, 0xFF, 0xC0, 0xC0, 0xC0, 0xC0,
    0xC0, 0xF3, 0xC0, 0xF3, 0xC0, 0xCC, 0xC0, 0xCC, 0xC0, 0xC0, 0xC0, 0xC0, 0xC0, 0xC0, 0xC0, 0xC0,
    0xC0, 0xC0, 0xC0, 0xC0, 0xC0, 0xC0, 0xC0, 0xC0, 0xC0, 0xC0, 0xC0, 0xC0, 0xC0, 0xF0, 0xC0, 0xF0,
    0xC0, 0xCC, 0xC0, 0xCC, 0xC0, 0xC3, 0xC0, 0xC3, 0xC0, 0xC0, 0xC0, 0xC0, 0xC0, 0xC0, 0xC0, 0xC0,
    0xC0, 0xC0, 0xC0, 0xC0, 0xC0, 0x3F, 0x00, 0x3F, 0x00, 0xC0, 0xC0, 0xC0, 0xC0, 0xC0, 0xC0, 0xC0,
    0xC0, 0xC0, 0xC0, 0xC0, 0xC0, 0xC0, 0xC0, 0xC0, 0xC0, 0xC0, 0xC0, 0xC0, 0xC0, 0x3F, 0x00, 0x3F,
    0x00, 0xFF, 0x00, 0xFF, 0x00, 0xC0, 0xC0, 0xC0, 0xC0, 0xFF, 0x00, 0xFF, 0x00, 0xC0, 0x00, 0xC0,
    0x00, 0xC0, 0x00, 0xC0, 0x00, 0xC0, 0x00, 0xC0, 0x00, 0xC0, 0x00, 0xC0, 0x00, 0x3F, 0x00, 0x3F,
    0x00, 0xC0, 0xC0, 0xC0, 0xC0, 0xC0, 0xC0, 0xC0, 0xC0, 0xC0, 0xC0, 0xC0, 0xC0, 0xC0, 0xC0, 0xC0,
    0xC0, 0xC3, 0x00, 0xC3, 0x00, 0x3C, 0xC0, 0x3C, 0xC0, 0xFF, 0x00, 0xFF, 0x00, 0xC0, 0xC0, 0xC0,
    0xC0, 0xFF, 0x00, 0xFF, 0x00, 0xC0, 0xC0, 0xC0, 0xC0, 0xC0, 0xC0, 0xC0, 0xC0, 0xC0, 0xC0, 0xC0,
    0xC0, 0xC0, 0xC0, 0xC0, 0xC0, 0x3F, 0xC0, 0x3F, 0xC0, 0xC0, 0x00, 0xC0, 0x00, 0x3F, 0x00, 0x3F,
    0x00, 0x00, 0xC0, 0x00, 0xC0, 0x00, 0xC0, 0x00, 0xC0, 0xC0, 0xC0, 0xC0, 0xC0, 0x3F, 0x00, 0x3F,
    0x00, 0xFF, 0xC0, 0xFF, 0xC0, 0x0C, 0x00, 0x0C, 0x00, 0x0C, 0x00, 0x0C, 0x00, 0x0C, 0x00, 0x0C,
    0x00, 0x0C, 0x00, 0x0C, 0x00, 0x0C, 0x00, 0x0C, 0x00, 0x0C, 0x00, 0x0C, 0x00, 0xC0, 0xC0, 0xC0,
    0xC0, 0xC0, 0xC0, 0xC0, 0xC0, 0xC0, 0xC0, 0xC0, 0xC0, 0xC0, 0xC0, 0xC0, 0xC0, 0xC0, 0xC0, 0xC0,
    0xC0, 0xC0, 0xC0, 0xC0, 0xC0, 0x3F, 0x00, 0x3F, 0x00, 0xC0, 0xC0, 0xC0, 0xC0, 0xC0, 0xC0, 0xC0,
    0xC0, 0xC0, 0xC0, 0xC0, 0xC0, 0xC0, 0xC0, 0xC0, 0xC0, 0x33, 0x00, 0x33, 0x00, 0x33, 0x00, 0x33,
    0x00, 0x0C, 0x00, 0x0C, 0x00, 0xC0, 0xC0, 0xC0, 0xC0, 0xC0, 0xC0, 0xC0, 0xC0, 0xC0, 0xC0, 0xC0,
    0xC0, 0xC0, 0xC0, 0xC0, 0xC0, 0xCC, 0xC0, 0xCC, 0xC0, 0xF3, 0xC0, 0xF3, 0xC0, 0xC0, 0xC0, 0xC0,
    0xC0, 0xC0, 0xC0, 0xC0, 0xC0, 0x33, 0x00, 0x33, 0x00, 0x0C, 0x00, 0x0C, 0x00, 0x33, 0x00, 0x33,
    0x00, 0xC0, 0xC0, 0xC0, 0xC0, 0xC0, 0xC0, 0xC0, 0xC0, 0xC0, 0xC0, 0xC0, 0xC0, 0xC0, 0xC0, 0xC0,
    0xC0, 0x33, 0x00, 0x33, 0x00, 0x0C, 0x00, 0x0C, 0x00, 0x0C, 0x00, 0x0C, 0x00, 0x0C, 0x00, 0x0C,
    0x00, 0x0C, 0x00, 0x0C, 0x00, 0x0C, 0x00, 0x0C, 0x00, 0xFF, 0xC0, 0xFF, 0xC0, 0x00, 0xC0, 0x00,
    0xC0, 0x03, 0x00, 0x03, 0x00, 0x0C, 0x00, 0x0C, 0x00, 0x30, 0x00, 0x30, 0x00, 0xC0, 0x00, 0xC0,
    0x00, 0xFF, 0xC0, 0xFF, 0xC0, 0xFC, 0xFC, 0xC0, 0xC0, 0xC0, 0xC0, 0xC0, 0xC0, 0xC0, 0xC0, 0xC0,
    0xC0, 0xFC, 0xFC, 0xC0, 0x00, 0xC0, 0x00, 0x30, 0x00, 0x30, 0x00, 0x30, 0x00, 0x30, 0x00, 0x0C,
    0x00, 0x0C, 0x00, 0x03, 0x00, 0x03, 0x00, 0x03, 0x00, 0x03, 0x00, 0x00, 0xC0, 0x00, 0xC0, 0xFC,
    0xFC, 0x0C, 0x0C, 0x0C, 0x0C, 0x0C, 0x0C, 0x0C, 0x0C, 0x0C, 0x0C, 0xFC, 0xFC, 0x0C, 0x00, 0x0C,
    0x00, 0x33, 0x00, 0x33, 0x00, 0xC0, 0xC0, 0xC0, 0xC0, 0x00, 0x00, 0xFF, 0xC0, 0xFF, 0xC0, 0x00,
    0x00, 0xC0, 0xC0, 0x30, 0x30, 0x00, 0x3F, 0x00, 0x3F, 0x00, 0x00, 0xC0, 0x00, 0xC0, 0x3F, 0xC0,
    0x3F, 0xC0, 0xC0, 0xC0, 0xC0, 0xC0, 0x3F, 0xC0, 0x3F, 0xC0, 0xC0, 0x00, 0xC0, 0x00, 0xC0, 0x00,
    0xC0, 0x00, 0xCF, 0x00, 0xCF, 0x00, 0xF0, 0xC0, 0xF0, 0xC0, 0xC0, 0xC0, 0xC0, 0xC0, 0xC0, 0xC0,
    0xC0, 0xC0, 0xFF, 0x00, 0xFF, 0x00, 0x3F, 0x00, 0x3F, 0x00, 0xC0, 0xC0, 0xC0, 0xC0, 0xC0, 0x00,
    0xC0, 0x00, 0xC0, 0xC0, 0xC0, 0xC0, 0x3F, 0x00, 0x3F, 0x00, 0x00, 0xC0, 0x00, 0xC0, 0x00, 0xC0,
    0x00, 0xC0, 0x3C, 0xC0, 0x3C, 0xC0, 0xC3, 0xC0, 0xC3, 0xC0, 0xC0, 0xC0, 0xC0, 0xC0, 0xC0, 0xC0,
    0xC0, 0xC0, 0x3F, 0xC0, 0x3F, 0xC0, 0x3F, 0x00, 0x3F, 0x00, 0xC0, 0xC0, 0xC0, 0xC0, 0xFF, 0xC0,
    0xFF, 0xC0, 0xC0, 0x00, 0xC0, 0x00, 0x3F, 0xC0, 0x3F, 0xC0, 0x0F, 0x0F, 0x30, 0x30, 0xFF, 0xFF,
    0x30, 0x30, 0x30, 0x30, 0x30, 0x30, 0x30, 0x30, 0x3F, 0xC0, 0x3F, 0xC0, 0xC0, 0xC0, 0xC0, 0xC0,
    0xC0, 0xC0, 0xC0, 0xC0, 0x3F, 0xC0, 0x3F, 0xC0, 0x00, 0xC0, 0x00, 0xC0, 0xFF, 0x00, 0xFF, 0x00,
    0x00, 0x00, 0xC0, 0x00, 0xC0, 0x00, 0xC0, 0x00, 0xC0, 0x00, 0xCF, 0x00, 0xCF, 0x00, 0xF0, 0xC0,
    0xF0, 0xC0, 0xC0, 0xC0, 0xC0, 0xC0, 0xC0, 0xC0, 0xC0, 0xC0, 0xC0, 0xC0, 0xC0, 0xC0, 0xC0, 0xC0,
    0x00, 0x00, 0xC0, 0xC0, 0xC0, 0xC0, 0xC0, 0xC0, 0xC0, 0xC0, 0xC0, 0xC0, 0x00, 0xC0, 0x00, 0xC0,
    0x00, 0x00, 0x00, 0x00, 0x00, 0xC0, 0x00, 0xC0, 0x00, 0xC0, 0x00, 0xC0, 0x00, 0xC0, 0x00, 0xC0,
    0xC0, 0xC0, 0xC0, 0xC0, 0xC0, 0xC0, 0xC0, 0xC0, 0x3F, 0x00, 0x3F, 0x00, 0x00, 0x00, 0xC0, 0xC0,
    0xC0, 0xC0, 0xC3, 0xC3, 0xCC, 0xCC, 0xF0, 0xF0, 0xCC, 0xCC, 0xC3, 0xC3, 0xC0, 0xC0, 0xC0, 0xC0,
    0xC0, 0xC0, 0xC0, 0xC0, 0xC0, 0xC0, 0xC0, 0xC0, 0x30, 0x30, 0xF3, 0x00, 0xF3, 0x00, 0xCC, 0xC0,
    0xCC, 0xC0, 0xCC, 0xC0, 0xCC, 0xC0, 0xC0, 0xC0, 0xC0, 0xC0, 0xC0, 0xC0, 0xC0, 0xC0, 0xFF, 0x00,
    0xFF, 0x00, 0xC0, 0xC0, 0xC0, 0xC0, 0xC0, 0xC0, 0xC0, 0xC0, 0xC0, 0xC0, 0xC0, 0xC0, 0xC0, 0xC0,
    0xC0, 0xC0, 0x3F, 0x00, 0x3F, 0x00, 0xC0, 0xC0, 0xC0, 0xC0, 0xC0, 0xC0, 0xC0, 0xC0, 0xC0, 0xC0,
    0xC0, 0xC0, 0x3F, 0x00, 0x3F, 0x00, 0xCF, 0x00, 0xCF, 0x00, 0xF0, 0xC0, 0xF0, 0xC0, 0xC0, 0xC0,
    0xC0, 0xC0, 0xFF, 0x00, 0xFF, 0x00, 0xC0, 0x00, 0xC0, 0x00, 0xC0, 0x00, 0xC0, 0x00, 0x00, 0x00,
    0x3C, 0xC0, 0x3C, 0xC0, 0xC3, 0xC0, 0xC3, 0xC0, 0xC0, 0xC0, 0xC0, 0xC0, 0x3F, 0xC0, 0x3F, 0xC0,
    0x00, 0xC0, 0x00, 0xC0, 0x00, 0xC0, 0x00, 0xC0, 0x00, 0x00, 0xCF, 0x00, 0xCF, 0x00, 0xF0, 0xC0,
    0xF0, 0xC0, 0xC0, 0x00, 0xC0, 0x00, 0xC0, 0x00, 0xC0, 0x00, 0xC0, 0x00, 0xC0, 0x00, 0x3F, 0xC0,
    0x3F, 0xC0, 0xC0, 0x00, 0xC0, 0x00, 0x3F, 0x00, 0x3F, 0x00, 0x00, 0xC0, 0x00, 0xC0, 0xFF, 0x00,
    0xFF, 0x00, 0x30, 0x30, 0x30, 0x30, 0xFC, 0xFC, 0x30, 0x30, 0x30, 0x30, 0x30, 0x30, 0x0C, 0x0C,
    0xC0, 0xC0, 0xC0, 0xC0, 0xC0, 0xC0, 0xC0, 0xC0, 0xC0, 0xC0, 0xC0, 0xC0, 0xC0, 0xC0, 0xC0, 0xC0,
    0x3F, 0xC0, 0x3F, 0xC0, 0xC0, 0xC0, 0xC0, 0xC0, 0xC0, 0xC0, 0xC0, 0xC0, 0xC0, 0xC0, 0xC0, 0xC0,
    0x33, 0x00, 0x33, 0x00, 0x0C, 0x00, 0x0C, 0x00, 0xC0, 0xC0, 0xC0, 0xC0, 0xC0, 0xC0, 0xC0, 0xC0,
    0xCC, 0xC0, 0xCC, 0xC0, 0xCC, 0xC0, 0xCC, 0xC0, 0x3F, 0xC0, 0x3F, 0xC0, 0xC0, 0xC0, 0xC0, 0xC0,
    0x33, 0x00, 0x33, 0x00, 0x0C, 0x00, 0x0C, 0x00, 0x33, 0x00, 0x33, 0x00, 0xC0, 0xC0, 0xC0, 0xC0,
    0xC0, 0xC0, 0xC0, 0xC0, 0xC0, 0xC0, 0xC0, 0xC0, 0xC0, 0xC0, 0xC0, 0xC0, 0x3F, 0xC0, 0x3F, 0xC0,
    0x00, 0xC0, 0x00, 0xC0, 0xFF, 0x00, 0xFF, 0x00, 0x00, 0x00, 0xFF, 0xC0, 0xFF, 0xC0, 0x03, 0x00,
    0x03, 0x00, 0x0C, 0x00, 0x0C, 0x00, 0x30, 0x00, 0x30, 0x00, 0xFF, 0xC0, 0xFF, 0xC0, 0x0C, 0x0C,
    0x30, 0x30, 0x30, 0x30, 0xC0, 0xC0, 0x30, 0x30, 0x30, 0x30, 0x0C, 0x0C, 0xC0, 0xC0, 0xC0, 0xC0,
    0xC0, 0xC0, 0xC0, 0xC0, 0xC0, 0xC0, 0xC0, 0xC0, 0xC0, 0xC0, 0xC0, 0xC0, 0x30, 0x30, 0x30, 0x30,
    0x0C, 0x0C, 0x30, 0x30, 0x30, 0x30, 0xC0, 0xC0, 0x3C, 0x30, 0x3C, 0x30, 0xC3, 0xC0, 0xC3, 0xC0,
    0x00, 0x00,
};

inline constexpr FontGlyph minecraftstandard_12_glyphs[] = {
    {0, 0, 0, 0, 0, 5},
    {0, 2, 14, 0, 6, 4},
    {14, 6, 5, 0, 6, 8},
    {19, 10, 14, 0, 6, 12},
    {47, 10, 14, 0, 6, 12},
    {75, 10, 14, 0, 6, 12},
    {103, 10, 14, 0, 6, 12},
    {131, 2, 5, 0, 6, 4},
    {136, 6, 14, 0, 6, 8},
    {150, 6, 14, 0, 6, 8},
    {164, 6, 7, 0, 6, 8},
    {171, 10, 10, 0, 8, 12},
    {191, 2, 5, 0, 18, 4},
    {196, 10, 3, 0, 12, 12},
    {202, 2, 2, 0, 18, 4},
    {204, 10, 14, 0, 6, 12},
    {232, 10, 14, 0, 6, 12},
    {260, 10, 14, 0, 6, 12},
    {288, 10, 14, 0, 6, 12},
    {316, 10, 14, 0, 6, 12},
    {344, 10, 14, 0, 6, 12},
    {372, 10, 14, 0, 6, 12},
    {400, 10, 14, 0, 6, 12},
    {428, 10, 14, 0, 6, 12},
    {456, 10, 14, 0, 6, 12},
    {484, 10, 14, 0, 6, 12},
    {512, 2, 10, 0, 10, 4},
    {522, 2, 13, 0, 10, 4},
    {535, 8, 14, 0, 6, 10},
    {549, 10, 7, 0, 10, 12},
    {563, 8, 14, 0, 6, 10},
    {577, 10, 14, 0, 6, 12},
    {605, 12, 15, 0, 8, 14},
    {635, 10, 14, 0, 6, 12},
    {663, 10, 14, 0, 6, 12},
    {691, 10, 14, 0, 6, 12},
    {719, 10, 14, 0, 6, 12},
    {747, 10, 14, 0, 6, 12},
    {775, 10, 14, 0, 6, 12},
    {803, 10, 14, 0, 6, 12},
    {831, 10, 14, 0, 6, 12},
    {859, 6, 14, 0, 6, 8},
    {873, 10, 14, 0, 6, 12},
    {901, 10, 14, 0, 6, 12},
    {929, 10, 14, 0, 6, 12},
    {957, 10, 14, 0, 6, 12},
    {985, 10, 14, 0, 6, 12},
    {1013, 10, 14, 0, 6, 12},
    {1041, 10, 14, 0, 6, 12},
    {1069, 10, 14, 0, 6, 12},
    {1097, 10, 14, 0, 6, 12},
    {1125, 10, 14, 0, 6, 12},
    {1153, 10, 14, 0, 6, 12},
    {1181, 10, 14, 0, 6, 12},
    {1209, 10, 14, 0, 6, 12},
    {1237, 10, 14, 0, 6, 12},
    {1265, 10, 14, 0, 6, 12},
    {1293, 10, 14, 0, 6, 12},
    {1321, 10, 14, 0, 6, 12},
    {1349, 6, 14, 0, 6, 8},
    {1363, 10, 14, 0, 6, 12},
    {1391, 6, 14, 0, 6, 8},
    {1405, 10, 7, 0, 6, 12},
    {1419, 10, 3, 0, 20, 12},
    {1425, 4, 5, 0, 6, 6},
    {1430, 10, 10, 0, 10, 12},
    {1450, 10, 14, 0, 6, 12},
    {1478, 10, 10, 0, 10, 12},
    {1498, 10, 14, 0, 6, 12},
    {1526, 10, 10, 0, 10, 12},
    {1546, 8, 14, 0, 6, 10},
    {1560, 10, 13, 0, 10, 12},
    {1586, 10, 14, 0, 6, 12},
    {1614, 2, 14, 0, 6, 4},
    {1628, 10, 17, 0, 6, 12},
    {1662, 8, 14, 0, 6, 10},
    {1676, 4, 14, 0, 6, 6},
    {1690, 10, 10, 0, 10, 12},
    {1710, 10, 10, 0, 10, 12},
    {1730, 10, 10, 0, 10, 12},
    {1750, 10, 13, 0, 10, 12},
    {1776, 10, 13, 0, 10, 12},
    {1802, 10, 10, 0, 10, 12},
    {1822, 10, 10, 0, 10, 12},
    {1842, 6, 14, 0, 6, 8},
    {1856, 10, 10, 0, 10, 12},
    {1876, 10, 10, 0, 10, 12},
    {1896, 10, 10, 0, 10, 12},
    {1916, 10, 10, 0, 10, 12},
    {1936, 10, 13, 0, 10, 12},
    {1962, 10, 10, 0, 10, 12},
    {1982, 6, 14, 0, 6, 8},
    {1996, 2, 14, 0, 6, 4},
    {2010, 6, 14, 0, 6, 8},
    {2024, 12, 5, 0, 6, 14},
};

inline constexpr FontAsset minecraftstandard_12{12, 24, 32, 126, minecraftstandard_12_glyphs, minecraftstandard_12_bitmap, sizeof(minecraftstandard_12_bitmap)};

inline constexpr std::uint8_t minecraftstandardbold_6_bitmap[] = {
    0xC0, 0xC0, 0xC0, 0xC0, 0xC0, 0x00, 0xC0, 0xF0, 0xF0, 0x00, 0x78, 0x78, 0xFC, 0x78, 0xFC, 0x78,
    0x78, 0x30, 0x7C, 0xC0, 0x78, 0x0C, 0xF8, 0x30, 0xCC, 0xD8, 0x18, 0x30, 0x60, 0x6C, 0xCC, 0x30,
    0x78, 0x30, 0x7C, 0xF8, 0xD8, 0x7C, 0xC0, 0xC0, 0x00, 0x30, 0x60, 0xC0, 0xC0, 0xC0, 0x60, 0x30,
    0xC0, 0x60, 0x30, 0x30, 0x30, 0x60, 0xC0, 0xF0, 0x60, 0xF0, 0x00, 0x30, 0x30, 0xFC, 0x30, 0x30,
    0xC0, 0xC0, 0x00, 0xFC, 0x00, 0xC0, 0x0C, 0x18, 0x18, 0x30, 0x60, 0x60, 0xC0, 0x78, 0xCC, 0xDC,
    0xFC, 0xEC, 0xCC, 0x78, 0x30, 0x70, 0x30, 0x30, 0x30, 0x30, 0xFC, 0x78, 0xCC, 0x0C, 0x38, 0x60,
    0xCC, 0xFC, 0x78, 0xCC, 0x0C, 0x38, 0x0C, 0xCC, 0x78, 0x1C, 0x3C, 0x6C, 0xCC, 0xFC, 0x0C, 0x0C,
    0xFC, 0xC0, 0xF8, 0x0C, 0x0C, 0xCC, 0x78, 0x38, 0x60, 0xC0, 0xF8, 0xCC, 0xCC, 0x78, 0xFC, 0xCC,
    0x0C, 0x18, 0x30, 0x30, 0x30, 0x78, 0xCC, 0xCC, 0x78, 0xCC, 0xCC, 0x78, 0x78, 0xCC, 0xCC, 0x7C,
    0x0C, 0x18, 0x70, 0xC0, 0x00, 0x00, 0x00, 0xC0, 0xC0, 0x00, 0x00, 0x00, 0xC0, 0xC0, 0x00, 0x18,
    0x30, 0x60, 0xC0, 0x60, 0x30, 0x18, 0xFC, 0x00, 0xFC, 0x00, 0xC0, 0x60, 0x30, 0x18, 0x30, 0x60,
    0xC0, 0x78, 0xCC, 0x0C, 0x18, 0x30, 0x00, 0x30, 0x7C, 0xC6, 0xFE, 0xF6, 0xFE, 0xC0, 0x7C, 0x00,
    0x78, 0xCC, 0xFC, 0xCC, 0xCC, 0xCC, 0xCC, 0xF8, 0xCC, 0xF8, 0xCC, 0xCC, 0xCC, 0xF8, 0x78, 0xCC,
    0xC0, 0xC0, 0xC0, 0xCC, 0x78, 0xF8, 0xCC, 0xCC, 0xCC, 0xCC, 0xCC, 0xF8, 0xFC, 0xC0, 0xF0, 0xC0,
    0xC0, 0xC0, 0xFC, 0xFC, 0xC0, 0xF0, 0xC0, 0xC0, 0xC0, 0xC0, 0x7C, 0xC0, 0xDC, 0xCC, 0xCC, 0xCC,
    0x78, 0xCC, 0xCC, 0xFC, 0xCC, 0xCC, 0xCC, 0xCC, 0xF0, 0x60, 0x60, 0x60, 0x60, 0x60, 0xF0, 0x0C,
    0x0C, 0x0C, 0x0C, 0x0C, 0xCC, 0x78, 0xCC, 0xD8, 0xF0, 0xD8, 0xCC, 0xCC, 0xCC, 0xC0, 0xC0, 0xC0,
    0xC0, 0xC0, 0xC0, 0xFC, 0xCC, 0xFC, 0xFC, 0xCC, 0xCC, 0xCC, 0xCC, 0xCC, 0xEC, 0xFC, 0xDC, 0xCC,
    0xCC, 0xCC, 0x78, 0xCC, 0xCC, 0xCC, 0xCC, 0xCC, 0x78, 0xF8, 0xCC, 0xF8, 0xC0, 0xC0, 0xC0, 0xC0,
    0x78, 0xCC, 0xCC, 0xCC, 0xCC, 0xD8, 0x7C, 0xF8, 0xCC, 0xF8, 0xCC, 0xCC, 0xCC, 0xCC, 0x7C, 0xC0,
    0x78, 0x0C, 0x0C, 0xCC, 0x78, 0xFC, 0x30, 0x30, 0x30, 0x30, 0x30, 0x30, 0xCC, 0xCC, 0xCC, 0xCC,
    0xCC, 0xCC, 0x78, 0xCC, 0xCC, 0xCC, 0xCC, 0x78, 0x78, 0x30, 0xCC, 0xCC, 0xCC, 0xCC, 0xFC, 0xFC,
    0xCC, 0xCC, 0x78, 0x30, 0x78, 0xCC, 0xCC, 0xCC, 0xCC, 0x78, 0x30, 0x30, 0x30, 0x30, 0x30, 0xFC,
    0x0C, 0x18, 0x30, 0x60, 0xC0, 0xFC, 0xF0, 0xC0, 0xC0, 0xC0, 0xC0, 0xC0, 0xF0, 0xC0, 0x60, 0x60,
    0x30, 0x18, 0x18, 0x0C, 0xF0, 0x30, 0x30, 0x30, 0x30, 0x30, 0xF0, 0x30, 0x78, 0xCC, 0x00, 0xFC,
    0x00, 0xC0, 0x60, 0x00, 0x78, 0x0C, 0x7C, 0xCC, 0x7C, 0xC0, 0xC0, 0xF8, 0xEC, 0xCC, 0xCC, 0xF8,
    0x78, 0xCC, 0xC0, 0xCC, 0x78, 0x0C, 0x0C, 0x7C, 0xDC, 0xCC, 0xCC, 0x7C, 0x78, 0xCC, 0xFC, 0xC0,
    0x7C, 0x38, 0x60, 0xF8, 0x60, 0x60, 0x60, 0x60, 0x7C, 0xCC, 0xCC, 0x7C, 0x0C, 0xF8, 0x00, 0xC0,
    0xC0, 0xF8, 0xEC, 0xCC, 0xCC, 0xCC, 0xC0, 0x00, 0xC0, 0xC0, 0xC0, 0xC0, 0xC0, 0x0C, 0x00, 0x0C,
    0x0C, 0x0C, 0xCC, 0xCC, 0x78, 0x00, 0xC0, 0xC0, 0xD8, 0xF0, 0xE0, 0xF0, 0xD8, 0xC0, 0xC0, 0xC0,
    0xC0, 0xC0, 0xC0, 0x60, 0xF8, 0xFC, 0xFC, 0xCC, 0xCC, 0xF8, 0xCC, 0xCC, 0xCC, 0xCC, 0x78, 0xCC,
    0xCC, 0xCC, 0x78, 0xF8, 0xEC, 0xCC, 0xF8, 0xC0, 0xC0, 0x00, 0x7C, 0xDC, 0xCC, 0x7C, 0x0C, 0x0C,
    0x00, 0xF8, 0xEC, 0xC0, 0xC0, 0xC0, 0x7C, 0xC0, 0x78, 0x0C, 0xF8, 0x60, 0x60, 0xF0, 0x60, 0x60,
    0x60, 0x30, 0xCC, 0xCC, 0xCC, 0xCC, 0x7C, 0xCC, 0xCC, 0xCC, 0x78, 0x30, 0xCC, 0xCC, 0xFC, 0xFC,
    0x7C, 0xCC, 0x78, 0x30, 0x78, 0xCC, 0xCC, 0xCC, 0xCC, 0x7C, 0x0C, 0xF8, 0x00, 0xFC, 0x18, 0x30,
    0x60, 0xFC, 0x30, 0x60, 0x60, 0xC0, 0x60, 0x60, 0x30, 0xC0, 0xC0, 0xC0, 0xC0, 0xC0, 0xC0, 0xC0,
    0xC0, 0x60, 0x60, 0x30, 0x60, 0x60, 0xC0, 0x76, 0xDC, 0x00,
};

inline constexpr FontGlyph minecraftstandardbold_6_glyphs[] = {
    {0, 0, 0, 0, 0, 3},
    {0, 2, 7, 0, 3, 3},
    {7, 4, 3, 0, 3, 5},
    {10, 6, 7, 0, 3, 7},
    {17, 6, 7, 0, 3, 7},
    {24, 6, 7, 0, 3, 7},
    {31, 6, 7, 0, 3, 7},
    {38, 2, 3, 0, 3, 3},
    {41, 4, 7, 0, 3, 5},
    {48, 4, 7, 0, 3, 5},
    {55, 4, 4, 0, 3, 5},
    {59, 6, 5, 0, 4, 7},
    {64, 2, 3, 0, 9, 3},
    {67, 6, 2, 0, 6, 7},
    {69, 2, 1, 0, 9, 3},
    {70, 6, 7, 0, 3, 7},
    {77, 6, 7, 0, 3, 7},
    {84, 6, 7, 0, 3, 7},
    {91, 6, 7, 0, 3, 7},
    {98, 6, 7, 0, 3, 7},
    {105, 6, 7, 0, 3, 7},
    {112, 6, 7, 0, 3, 7},
    {119, 6, 7, 0, 3, 7},
    {126, 6, 7, 0, 3, 7},
    {133, 6, 7, 0, 3, 7},
    {140, 6, 7, 0, 3, 7},
    {147, 2, 5, 0, 5, 3},
    {152, 2, 7, 0, 5, 3},
    {159, 5, 7, 0, 3, 6},
    {166, 6, 4, 0, 5, 7},
    {170, 5, 7, 0, 3, 6},
    {177, 6, 7, 0, 3, 7},
    {184, 7, 8, 0, 4, 8},
    {192, 6, 7, 0, 3, 7},
    {199, 6, 7, 0, 3, 7},
    {206, 6, 7, 0, 3, 7},
    {213, 6, 7, 0, 3, 7},
    {220, 6, 7, 0, 3, 7},
    {227, 6, 7, 0, 3, 7},
    {234, 6, 7, 0, 3, 7},
    {241, 6, 7, 0, 3, 7},
    {248, 4, 7, 0, 3, 5},
    {255, 6, 7, 0, 3, 7},
    {262, 6, 7, 0, 3, 7},
    {269, 6, 7, 0, 3, 7},
    {276, 6, 7, 0, 3, 7},
    {283, 6, 7, 0, 3, 7},
    {290, 6, 7, 0, 3, 7},
    {297, 6, 7, 0, 3, 7},
    {304, 6, 7, 0, 3, 7},
    {311, 6, 7, 0, 3, 7},
    {318, 6, 7, 0, 3, 7},
    {325, 6, 7, 0, 3, 7},
    {332, 6, 7, 0, 3, 7},
    {339, 6, 7, 0, 3, 7},
    {346, 6, 7, 0, 3, 7},
    {353, 6, 7, 0, 3, 7},
    {360, 6, 7, 0, 3, 7},
    {367, 6, 7, 0, 3, 7},
    {374, 4, 7, 0, 3, 5},
    {381, 6, 7, 0, 3, 7},
    {388, 4, 7, 0, 3, 5},
    {395, 6, 4, 0, 3, 7},
    {399, 6, 2, 0, 10, 7},
    {401, 3, 3, 0, 3, 4},
    {404, 6, 5, 0, 5, 7},
    {409, 6, 7, 0, 3, 7},
    {416, 6, 5, 0, 5, 7},
    {421, 6, 7, 0, 3, 7},
    {428, 6, 5, 0, 5, 7},
    {433, 5, 7, 0, 3, 6},
    {440, 6, 7, 0, 5, 7},
    {447, 6, 7, 0, 3, 7},
    {454, 2, 7, 0, 3, 3},
    {461, 6, 9, 0, 3, 7},
    {470, 5, 7, 0, 3, 6},
    {477, 3, 7, 0, 3, 4},
    {484, 6, 5, 0, 5, 7},
    {489, 6, 5, 0, 5, 7},
    {494, 6, 5, 0, 5, 7},
    {499, 6, 7, 0, 5, 7},
    {506, 6, 7, 0, 5, 7},
    {513, 6, 5, 0, 5, 7},
    {518, 6, 5, 0, 5, 7},
    {523, 4, 7, 0, 3, 5},
    {530, 6, 5, 0, 5, 7},
    {535, 6, 5, 0, 5, 7},
    {540, 6, 5, 0, 5, 7},
    {545, 6, 5, 0, 5, 7},
    {550, 6, 7, 0, 5, 7},
    {557, 6, 5, 0, 5, 7},
    {562, 4, 7, 0, 3, 5},
    {569, 2, 7, 0, 3, 3},
    {576, 4, 7, 0, 3, 5},
    {583, 7, 3, 0, 3, 8},
};

inline constexpr FontAsset minecraftstandardbold_6{6, 12, 32, 126, minecraftstandardbold_6_glyphs, minecraftstandardbold_6_bitmap, sizeof(minecraftstandardbold_6_bitmap)};

inline constexpr std::uint8_t minecraftstandardbold_6_tight_bitmap[] = {
    0xC0, 0xC0, 0xC0, 0xC0, 0xC0, 0x00, 0xC0, 0xF0, 0xF0, 0x00, 0x78, 0x78, 0xFC, 0x78, 0xFC, 0x78,
    0x78, 0x30, 0x7C, 0xC0, 0x78, 0x0C, 0xF8, 0x30, 0xCC, 0xD8, 0x18, 0x30, 0x60, 0x6C, 0xCC, 0x30,
    0x78, 0x30, 0x7C, 0xF8, 0xD8, 0x7C, 0xC0, 0xC0, 0x00, 0x30, 0x60, 0xC0, 0xC0, 0xC0, 0x60, 0x30,
    0xC0, 0x60, 0x30, 0x30, 0x30, 0x60, 0xC0, 0xF0, 0x60, 0xF0, 0x00, 0x30, 0x30, 0xFC, 0x30, 0x30,
    0xC0, 0xC0, 0x00, 0xFC, 0x00, 0xC0, 0x0C, 0x18, 0x18, 0x30, 0x60, 0x60, 0xC0, 0x78, 0xCC, 0xDC,
    0xFC, 0xEC, 0xCC, 0x78, 0x30, 0x70, 0x30, 0x30, 0x30, 0x30, 0xFC, 0x78, 0xCC, 0x0C, 0x38, 0x60,
    0xCC, 0xFC, 0x78, 0xCC, 0x0C, 0x38, 0x0C, 0xCC, 0x78, 0x1C, 0x3C, 0x6C, 0xCC, 0xFC, 0x0C, 0x0C,
    0xFC, 0xC0, 0xF8, 0x0C, 0x0C, 0xCC, 0x78, 0x38, 0x60, 0xC0, 0xF8, 0xCC, 0xCC, 0x78, 0xFC, 0xCC,
    0x0C, 0x18, 0x30, 0x30, 0x30, 0x78, 0xCC, 0xCC, 0x78, 0xCC, 0xCC, 0x78, 0x78, 0xCC, 0xCC, 0x7C,
    0x0C, 0x18, 0x70, 0xC0, 0x00, 0x00, 0x00, 0xC0, 0xC0, 0x00, 0x00, 0x00, 0xC0, 0xC0, 0x00, 0x18,
    0x30, 0x60, 0xC0, 0x60, 0x30, 0x18, 0xFC, 0x00, 0xFC, 0x00, 0xC0, 0x60, 0x30, 0x18, 0x30, 0x60,
    0xC0, 0x78, 0xCC, 0x0C, 0x18, 0x30, 0x00, 0x30, 0x7C, 0xC6, 0xFE, 0xF6, 0xFE, 0xC0, 0x7C, 0x00,
    0x78, 0xCC, 0xFC, 0xCC, 0xCC, 0xCC, 0xCC, 0xF8, 0xCC, 0xF8, 0xCC, 0xCC, 0xCC, 0xF8, 0x78, 0xCC,
    0xC0, 0xC0, 0xC0, 0xCC, 0x78, 0xF8, 0xCC, 0xCC, 0xCC, 0xCC, 0xCC, 0xF8, 0xFC, 0xC0, 0xF0, 0xC0,
    0xC0, 0xC0, 0xFC, 0xFC, 0xC0, 0xF0, 0xC0, 0xC0, 0xC0, 0xC0, 0x7C, 0xC0, 0xDC, 0xCC, 0xCC, 0xCC,
    0x78, 0xCC, 0xCC, 0xFC, 0xCC, 0xCC, 0xCC, 0xCC, 0xF0, 0x60, 0x60, 0x60, 0x60, 0x60, 0xF0, 0x0C,
    0x0C, 0x0C, 0x0C, 0x0C, 0xCC, 0x78, 0xCC, 0xD8, 0xF0, 0xD8, 0xCC, 0xCC, 0xCC, 0xC0, 0xC0, 0xC0,
    0xC0, 0xC0, 0xC0, 0xFC, 0xCC, 0xFC, 0xFC, 0xCC, 0xCC, 0xCC, 0xCC, 0xCC, 0xEC, 0xFC, 0xDC, 0xCC,
    0xCC, 0xCC, 0x78, 0xCC, 0xCC, 0xCC, 0xCC, 0xCC, 0x78, 0xF8, 0xCC, 0xF8, 0xC0, 0xC0, 0xC0, 0xC0,
    0x78, 0xCC, 0xCC, 0xCC, 0xCC, 0xD8, 0x7C, 0xF8, 0xCC, 0xF8, 0xCC, 0xCC, 0xCC, 0xCC, 0x7C, 0xC0,
    0x78, 0x0C, 0x0C, 0xCC, 0x78, 0xFC, 0x30, 0x30, 0x30, 0x30, 0x30, 0x30, 0xCC, 0xCC, 0xCC, 0xCC,
    0xCC, 0xCC, 0x78, 0xCC, 0xCC, 0xCC, 0xCC, 0x78, 0x78, 0x30, 0xCC, 0xCC, 0xCC, 0xCC, 0xFC, 0xFC,
    0xCC, 0xCC, 0x78, 0x30, 0x78, 0xCC, 0xCC, 0xCC, 0xCC, 0x78, 0x30, 0x30, 0x30, 0x30, 0x30, 0xFC,
    0x0C, 0x18, 0x30, 0x60, 0xC0, 0xFC, 0xF0, 0xC0, 0xC0, 0xC0, 0xC0, 0xC0, 0xF0, 0xC0, 0x60, 0x60,
    0x30, 0x18, 0x18, 0x0C, 0xF0, 0x30, 0x30, 0x30, 0x30, 0x30, 0xF0, 0x30, 0x78, 0xCC, 0x00, 0xFC,
    0x00, 0xC0, 0x60, 0x00, 0x78, 0x0C, 0x7C, 0xCC, 0x7C, 0xC0, 0xC0, 0xF8, 0xEC, 0xCC, 0xCC, 0xF8,
    0x78, 0xCC, 0xC0, 0xCC, 0x78, 0x0C, 0x0C, 0x7C, 0xDC, 0xCC, 0xCC, 0x7C, 0x78, 0xCC, 0xFC, 0xC0,
    0x7C, 0x38, 0x60, 0xF8, 0x60, 0x60, 0x60, 0x60, 0x7C, 0xCC, 0xCC, 0x7C, 0x0C, 0xF8, 0x00, 0xC0,
    0xC0, 0xF8, 0xEC, 0xCC, 0xCC, 0xCC, 0xC0, 0x00, 0xC0, 0xC0, 0xC0, 0xC0, 0xC0, 0x0C, 0x00, 0x0C,
    0x0C, 0x0C, 0xCC, 0xCC, 0x78, 0x00, 0xC0, 0xC0, 0xD8, 0xF0, 0xE0, 0xF0, 0xD8, 0xC0, 0xC0, 0xC0,
    0xC0, 0xC0, 0xC0, 0x60, 0xF8, 0xFC, 0xFC, 0xCC, 0xCC, 0xF8, 0xCC, 0xCC, 0xCC, 0xCC, 0x78, 0xCC,
    0xCC, 0xCC, 0x78, 0xF8, 0xEC, 0xCC, 0xF8, 0xC0, 0xC0, 0x00, 0x7C, 0xDC, 0xCC, 0x7C, 0x0C, 0x0C,
    0x00, 0xF8, 0xEC, 0xC0, 0xC0, 0xC0, 0x7C, 0xC0, 0x78, 0x0C, 0xF8, 0x60, 0x60, 0xF0, 0x60, 0x60,
    0x60, 0x30, 0xCC, 0xCC, 0xCC, 0xCC, 0x7C, 0xCC, 0xCC, 0xCC, 0x78, 0x30, 0xCC, 0xCC, 0xFC, 0xFC,
    0x7C, 0xCC, 0x78, 0x30, 0x78, 0xCC, 0xCC, 0xCC, 0xCC, 0x7C, 0x0C, 0xF8, 0x00, 0xFC, 0x18, 0x30,
    0x60, 0xFC, 0x30, 0x60, 0x60, 0xC0, 0x60, 0x60, 0x30, 0xC0, 0xC0, 0xC0, 0xC0, 0xC0, 0xC0, 0xC0,
    0xC0, 0x60, 0x60, 0x30, 0x60, 0x60, 0xC0, 0x76, 0xDC, 0x00,
};

inline constexpr FontGlyph minecraftstandardbold_6_tight_glyphs[] = {
    {0, 0, 0, 0, -3, 3},
    {0, 2, 7, 0, 0, 3},
    {7, 4, 3, 0, 0, 5},
    {10, 6, 7, 0, 0, 7},
    {17, 6, 7, 0, 0, 7},
    {24, 6, 7, 0, 0, 7},
    {31, 6, 7, 0, 0, 7},
    {38, 2, 3, 0, 0, 3},
    {41, 4, 7, 0, 0, 5},
    {48, 4, 7, 0, 0, 5},
    {55, 4, 4, 0, 0, 5},
    {59, 6, 5, 0, 1, 7},
    {64, 2, 3, 0, 6, 3},
    {67, 6, 2, 0, 3, 7},
    {69, 2, 1, 0, 6, 3},
    {70, 6, 7, 0, 0, 7},
    {77, 6, 7, 0, 0, 7},
    {84, 6, 7, 0, 0, 7},
    {91, 6, 7, 0, 0, 7},
    {98, 6, 7, 0, 0, 7},
    {105, 6, 7, 0, 0, 7},
    {112, 6, 7, 0, 0, 7},
    {119, 6, 7, 0, 0, 7},
    {126, 6, 7, 0, 0, 7},
    {133, 6, 7, 0, 0, 7},
    {140, 6, 7, 0, 0, 7},
    {147, 2, 5, 0, 2, 3},
    {152, 2, 7, 0, 2, 3},
    {159, 5, 7, 0, 0, 6},
    {166, 6, 4, 0, 2, 7},
    {170, 5, 7, 0, 0, 6},
    {177, 6, 7, 0, 0, 7},
    {184, 7, 8, 0, 1, 8},
    {192, 6, 7, 0, 0, 7},
    {199, 6, 7, 0, 0, 7},
    {206, 6, 7, 0, 0, 7},
    {213, 6, 7, 0, 0, 7},
    {220, 6, 7, 0, 0, 7},
    {227, 6, 7, 0, 0, 7},
    {234, 6, 7, 0, 0, 7},
    {241, 6, 7, 0, 0, 7},
    {248, 4, 7, 0, 0, 5},
    {255, 6, 7, 0, 0, 7},
    {262, 6, 7, 0, 0, 7},
    {269, 6, 7, 0, 0, 7},
    {276, 6, 7, 0, 0, 7},
    {283, 6, 7, 0, 0, 7},
    {290, 6, 7, 0, 0, 7},
    {297, 6, 7, 0, 0, 7},
    {304, 6, 7, 0, 0, 7},
    {311, 6, 7, 0, 0, 7},
    {318, 6, 7, 0, 0, 7},
    {325, 6, 7, 0, 0, 7},
    {332, 6, 7, 0, 0, 7},
    {339, 6, 7, 0, 0, 7},
    {346, 6, 7, 0, 0, 7},
    {353, 6, 7, 0, 0, 7},
    {360, 6, 7, 0, 0, 7},
    {367, 6, 7, 0, 0, 7},
    {374, 4, 7, 0, 0, 5},
    {381, 6, 7, 0, 0, 7},
    {388, 4, 7, 0, 0, 5},
    {395, 6, 4, 0, 0, 7},
    {399, 6, 2, 0, 7, 7},
    {401, 3, 3, 0, 0, 4},
    {404, 6, 5, 0, 2, 7},
    {409, 6, 7, 0, 0, 7},
    {416, 6, 5, 0, 2, 7},
    {421, 6, 7, 0, 0, 7},
    {428, 6, 5, 0, 2, 7},
    {433, 5, 7, 0, 0, 6},
    {440, 6, 7, 0, 2, 7},
    {447, 6, 7, 0, 0, 7},
    {454, 2, 7, 0, 0, 3},
    {461, 6, 9, 0, 0, 7},
    {470, 5, 7, 0, 0, 6},
    {477, 3, 7, 0, 0, 4},
    {484, 6, 5, 0, 2, 7},
    {489, 6, 5, 0, 2, 7},
    {494, 6, 5, 0, 2, 7},
    {499, 6, 7, 0, 2, 7},
    {506, 6, 7, 0, 2, 7},
    {513, 6, 5, 0, 2, 7},
    {518, 6, 5, 0, 2, 7},
    {523, 4, 7, 0, 0, 5},
    {530, 6, 5, 0, 2, 7},
    {535, 6, 5, 0, 2, 7},
    {540, 6, 5, 0, 2, 7},
    {545, 6, 5, 0, 2, 7},
    {550, 6, 7, 0, 2, 7},
    {557, 6, 5, 0, 2, 7},
    {562, 4, 7, 0, 0, 5},
    {569, 2, 7, 0, 0, 3},
    {576, 4, 7, 0, 0, 5},
    {583, 7, 3, 0, 0, 8},
};

inline constexpr FontAsset minecraftstandardbold_6_tight{6, 9, 32, 126, minecraftstandardbold_6_tight_glyphs, minecraftstandardbold_6_tight_bitmap, sizeof(minecraftstandardbold_6_tight_bitmap)};

inline constexpr std::uint8_t minecraftstandardbold_12_bitmap[] = {
    0xF0, 0xF0, 0xF0, 0xF0, 0xF0, 0xF0, 0xF0, 0xF0, 0xF0, 0xF0, 0x00, 0x00, 0xF0, 0xF0, 0xFF, 0xFF,
    0xFF, 0xFF, 0x00, 0x3F, 0xC0, 0x3F, 0xC0, 0x3F, 0xC0, 0x3F, 0xC0, 0xFF, 0xF0, 0xFF, 0xF0, 0x3F,
    0xC0, 0x3F, 0xC0, 0xFF, 0xF0, 0xFF, 0xF0, 0x3F, 0xC0, 0x3F, 0xC0, 0x3F, 0xC0, 0x3F, 0xC0, 0x0F,
    0x00, 0x0F, 0x00, 0x3F, 0xF0, 0x3F, 0xF0, 0xF0, 0x00, 0xF0, 0x00, 0x3F, 0xC0, 0x3F, 0xC0, 0x00,
    0xF0, 0x00, 0xF0, 0xFF, 0xC0, 0xFF, 0xC0, 0x0F, 0x00, 0x0F, 0x00, 0xF0, 0xF0, 0xF0, 0xF0, 0xF3,
    0xC0, 0xF3, 0xC0, 0x03, 0xC0, 0x03, 0xC0, 0x0F, 0x00, 0x0F, 0x00, 0x3C, 0x00, 0x3C, 0x00, 0x3C,
    0xF0, 0x3C, 0xF0, 0xF0, 0xF0, 0xF0, 0xF0, 0x0F, 0x00, 0x0F, 0x00, 0x3F, 0xC0, 0x3F, 0xC0, 0x0F,
    0x00, 0x0F, 0x00, 0x3F, 0xF0, 0x3F, 0xF0, 0xFF, 0xC0, 0xFF, 0xC0, 0xF3, 0xC0, 0xF3, 0xC0, 0x3F,
    0xF0, 0x3F, 0xF0, 0xF0, 0xF0, 0xF0, 0xF0, 0x00, 0x0F, 0x0F, 0x3C, 0x3C, 0xF0, 0xF0, 0xF0, 0xF0,
    0xF0, 0xF0, 0x3C, 0x3C, 0x0F, 0x0F, 0xF0, 0xF0, 0x3C, 0x3C, 0x0F, 0x0F, 0x0F, 0x0F, 0x0F, 0x0F,
    0x3C, 0x3C, 0xF0, 0xF0, 0xFF, 0xFF, 0x3C, 0x3C, 0xFF, 0xFF, 0x00, 0x0F, 0x00, 0x0F, 0x00, 0x0F,
    0x00, 0x0F, 0x00, 0xFF, 0xF0, 0xFF, 0xF0, 0x0F, 0x00, 0x0F, 0x00, 0x0F, 0x00, 0x0F, 0x00, 0xF0,
    0xF0, 0xF0, 0xF0, 0x00, 0xFF, 0xF0, 0xFF, 0xF0, 0x00, 0x00, 0xF0, 0xF0, 0x00, 0xF0, 0x00, 0xF0,
    0x03, 0xC0, 0x03, 0xC0, 0x03, 0xC0, 0x03, 0xC0, 0x0F, 0x00, 0x0F, 0x00, 0x3C, 0x00, 0x3C, 0x00,
    0x3C, 0x00, 0x3C, 0x00, 0xF0, 0x00, 0xF0, 0x00, 0x3F, 0xC0, 0x3F, 0xC0, 0xF0, 0xF0, 0xF0, 0xF0,
    0xF3, 0xF0, 0xF3, 0xF0, 0xFF, 0xF0, 0xFF, 0xF0, 0xFC, 0xF0, 0xFC, 0xF0, 0xF0, 0xF0, 0xF0, 0xF0,
    0x3F, 0xC0, 0x3F, 0xC0, 0x0F, 0x00, 0x0F, 0x00, 0x3F, 0x00, 0x3F, 0x00, 0x0F, 0x00, 0x0F, 0x00,
    0x0F, 0x00, 0x0F, 0x00, 0x0F, 0x00, 0x0F, 0x00, 0x0F, 0x00, 0x0F, 0x00, 0xFF, 0xF0, 0xFF, 0xF0,
    0x3F, 0xC0, 0x3F, 0xC0, 0xF0, 0xF0, 0xF0, 0xF0, 0x00, 0xF0, 0x00, 0xF0, 0x0F, 0xC0, 0x0F, 0xC0,
    0x3C, 0x00, 0x3C, 0x00, 0xF0, 0xF0, 0xF0, 0xF0, 0xFF, 0xF0, 0xFF, 0xF0, 0x3F, 0xC0, 0x3F, 0xC0,
    0xF0, 0xF0, 0xF0, 0xF0, 0x00, 0xF0, 0x00, 0xF0, 0x0F, 0xC0, 0x0F, 0xC0, 0x00, 0xF0, 0x00, 0xF0,
    0xF0, 0xF0, 0xF0, 0xF0, 0x3F, 0xC0, 0x3F, 0xC0, 0x03, 0xF0, 0x03, 0xF0, 0x0F, 0xF0, 0x0F, 0xF0,
    0x3C, 0xF0, 0x3C, 0xF0, 0xF0, 0xF0, 0xF0, 0xF0, 0xFF, 0xF0, 0xFF, 0xF0, 0x00, 0xF0, 0x00, 0xF0,
    0x00, 0xF0, 0x00, 0xF0, 0xFF, 0xF0, 0xFF, 0xF0, 0xF0, 0x00, 0xF0, 0x00, 0xFF, 0xC0, 0xFF, 0xC0,
    0x00, 0xF0, 0x00, 0xF0, 0x00, 0xF0, 0x00, 0xF0, 0xF0, 0xF0, 0xF0, 0xF0, 0x3F, 0xC0, 0x3F, 0xC0,
    0x0F, 0xC0, 0x0F, 0xC0, 0x3C, 0x00, 0x3C, 0x00, 0xF0, 0x00, 0xF0, 0x00, 0xFF, 0xC0, 0xFF, 0xC0,
    0xF0, 0xF0, 0xF0, 0xF0, 0xF0, 0xF0, 0xF0, 0xF0, 0x3F, 0xC0, 0x3F, 0xC0, 0xFF, 0xF0, 0xFF, 0xF0,
    0xF0, 0xF0, 0xF0, 0xF0, 0x00, 0xF0, 0x00, 0xF0, 0x03, 0xC0, 0x03, 0xC0, 0x0F, 0x00, 0x0F, 0x00,
    0x0F, 0x00, 0x0F, 0x00, 0x0F, 0x00, 0x0F, 0x00, 0x3F, 0xC0, 0x3F, 0xC0, 0xF0, 0xF0, 0xF0, 0xF0,
    0xF0, 0xF0, 0xF0, 0xF0, 0x3F, 0xC0, 0x3F, 0xC0, 0xF0, 0xF0, 0xF0, 0xF0, 0xF0, 0xF0, 0xF0, 0xF0,
    0x3F, 0xC0, 0x3F, 0xC0, 0x3F, 0xC0, 0x3F, 0xC0, 0xF0, 0xF0, 0xF0, 0xF0, 0xF0, 0xF0, 0xF0, 0xF0,
    0x3F, 0xF0, 0x3F, 0xF0, 0x00, 0xF0, 0x00, 0xF0, 0x03, 0xC0, 0x03, 0xC0, 0x3F, 0x00, 0x3F, 0x00,
    0xF0, 0xF0, 0x00, 0x00, 0x00, 0x00, 0x00, 0x00, 0xF0, 0xF0, 0xF0, 0xF0, 0x00, 0x00, 0x00, 0x00,
    0x00, 0x00, 0xF0, 0xF0, 0xF0, 0xF0, 0x00, 0x03, 0xC0, 0x03, 0xC0, 0x0F, 0x00, 0x0F, 0x00, 0x3C,
    0x00, 0x3C, 0x00, 0xF0, 0x00, 0xF0, 0x00, 0x3C, 0x00, 0x3C, 0x00, 0x0F, 0x00, 0x0F, 0x00, 0x03,
    0xC0, 0x03, 0xC0, 0xFF, 0xF0, 0xFF, 0xF0, 0x00, 0x00, 0x00, 0x00, 0xFF, 0xF0, 0xFF, 0xF0, 0x00,
    0x00, 0xF0, 0x00, 0xF0, 0x00, 0x3C, 0x00, 0x3C, 0x00, 0x0F, 0x00, 0x0F, 0x00, 0x03, 0xC0, 0x03,
    0xC0, 0x0F, 0x00, 0x0F, 0x00, 0x3C, 0x00, 0x3C, 0x00, 0xF0, 0x00, 0xF0, 0x00, 0x3F, 0xC0, 0x3F,
    0xC0, 0xF0, 0xF0, 0xF0, 0xF0, 0x00, 0xF0, 0x00, 0xF0, 0x03, 0xC0, 0x03, 0xC0, 0x0F, 0x00, 0x0F,
    0x00, 0x00, 0x00, 0x00, 0x00, 0x0F, 0x00, 0x0F, 0x00, 0x3F, 0xF0, 0x3F, 0xF0, 0xF0, 0x3C, 0xF0,
    0x3C, 0xFF, 0xFC, 0xFF, 0xFC, 0xFF, 0x3C, 0xFF, 0x3C, 0xFF, 0xFC, 0xFF, 0xFC, 0xF0, 0x00, 0xF0,
    0x00, 0x3F, 0xF0, 0x3F, 0xF0, 0x00, 0x00, 0x3F, 0xC0, 0x3F, 0xC0, 0xF0, 0xF0, 0xF0, 0xF0, 0xFF,
    0xF0, 0xFF, 0xF0, 0xF0, 0xF0, 0xF0, 0xF0, 0xF0, 0xF0, 0xF0, 0xF0, 0xF0, 0xF0, 0xF0, 0xF0, 0xF0,
    0xF0, 0xF0, 0xF0, 0xFF, 0xC0, 0xFF, 0xC0, 0xF0, 0xF0, 0xF0, 0xF0, 0xFF, 0xC0, 0xFF, 0xC0, 0xF0,
    0xF0, 0xF0, 0xF0, 0xF0, 0xF0, 0xF0, 0xF0, 0xF0, 0xF0, 0xF0, 0xF0, 0xFF, 0xC0, 0xFF, 0xC0, 0x3F,
    0xC0, 0x3F, 0xC0, 0xF0, 0xF0, 0xF0, 0xF0, 0xF0, 0x00, 0xF0, 0x00, 0xF0, 0x00, 0xF0, 0x00, 0xF0,
    0x00, 0xF0, 0x00, 0xF0, 0xF0, 0xF0, 0xF0, 0x3F, 0xC0, 0x3F, 0xC0, 0xFF, 0xC0, 0xFF, 0xC0, 0xF0,
    0xF0, 0xF0, 0xF0, 0xF0, 0xF0, 0xF0, 0xF0, 0xF0, 0xF0, 0xF0, 0xF0, 0xF0, 0xF0, 0xF0, 0xF0, 0xF0,
    0xF0, 0xF0, 0xF0, 0xFF, 0xC0, 0xFF, 0xC0, 0xFF, 0xF0, 0xFF, 0xF0, 0xF0, 0x00, 0xF0, 0x00, 0xFF,
    0x00, 0xFF, 0x00, 0xF0, 0x00, 0xF0, 0x00, 0xF0, 0x00, 0xF0, 0x00, 0xF0, 0x00, 0xF0, 0x00, 0xFF,
    0xF0, 0xFF, 0xF0, 0xFF, 0xF0, 0xFF, 0xF0, 0xF0, 0x00, 0xF0, 0x00, 0xFF, 0x00, 0xFF, 0x00, 0xF0,
    0x00, 0xF0, 0x00, 0xF0, 0x00, 0xF0, 0x00, 0xF0, 0x00, 0xF0, 0x00, 0xF0, 0x00, 0xF0, 0x00, 0x3F,
    0xF0, 0x3F, 0xF0, 0xF0, 0x00, 0xF0, 0x00, 0xF3, 0xF0, 0xF3, 0xF0, 0xF0, 0xF0, 0xF0, 0xF0, 0xF0,
    0xF0, 0xF0, 0xF0, 0xF0, 0xF0, 0xF0, 0xF0, 0x3F, 0xC0, 0x3F, 0xC0, 0xF0, 0xF0, 0xF0, 0xF0, 0xF0,
    0xF0, 0xF0, 0xF0, 0xFF, 0xF0, 0xFF, 0xF0, 0xF0, 0xF0, 0xF0, 0xF0, 0xF0, 0xF0, 0xF0, 0xF0, 0xF0,
    0xF0, 0xF0, 0xF0, 0xF0, 0xF0, 0xF0, 0xF0, 0xFF, 0xFF, 0x3C, 0x3C, 0x3C, 0x3C, 0x3C, 0x3C, 0x3C,
    0x3C, 0x3C, 0x3C, 0xFF, 0xFF, 0x00, 0xF0, 0x00, 0xF0, 0x00, 0xF0, 0x00, 0xF0, 0x00, 0xF0, 0x00,
    0xF0, 0x00, 0xF0, 0x00, 0xF0, 0x00, 0xF0, 0x00, 0xF0, 0xF0, 0xF0, 0xF0, 0xF0, 0x3F, 0xC0, 0x3F,
    0xC0, 0xF0, 0xF0, 0xF0, 0xF0, 0xF3, 0xC0, 0xF3, 0xC0, 0xFF, 0x00, 0xFF, 0x00, 0xF3, 0xC0, 0xF3,
    0xC0, 0xF0, 0xF0, 0xF0, 0xF0, 0xF0, 0xF0, 0xF0, 0xF0, 0xF0, 0xF0, 0xF0, 0xF0, 0xF0, 0x00, 0xF0,
    0x00, 0xF0, 0x00, 0xF0, 0x00, 0xF0, 0x00, 0xF0, 0x00, 0xF0, 0x00, 0xF0, 0x00, 0xF0, 0x00, 0xF0,
    0x00, 0xF0, 0x00, 0xF0, 0x00, 0xFF, 0xF0, 0xFF, 0xF0, 0xF0, 0xF0, 0xF0, 0xF0, 0xFF, 0xF0, 0xFF,
    0xF0, 0xFF, 0xF0, 0xFF, 0xF0, 0xF0, 0xF0, 0xF0, 0xF0, 0xF0, 0xF0, 0xF0, 0xF0, 0xF0, 0xF0, 0xF0,
    0xF0, 0xF0, 0xF0, 0xF0, 0xF0, 0xF0, 0xF0, 0xF0, 0xF0, 0xFC, 0xF0, 0xFC, 0xF0, 0xFF, 0xF0, 0xFF,
    0xF0, 0xF3, 0xF0, 0xF3, 0xF0, 0xF0, 0xF0, 0xF0, 0xF0, 0xF0, 0xF0, 0xF0, 0xF0, 0xF0, 0xF0, 0xF0,
    0xF0, 0x3F, 0xC0, 0x3F, 0xC0, 0xF0, 0xF0, 0xF0, 0xF0, 0xF0, 0xF0, 0xF0, 0xF0, 0xF0, 0xF0, 0xF0,
    0xF0, 0xF0, 0xF0, 0xF0, 0xF0, 0xF0, 0xF0, 0xF0, 0xF0, 0x3F, 0xC0, 0x3F, 0xC0, 0xFF, 0xC0, 0xFF,
    0xC0, 0xF0, 0xF0, 0xF0, 0xF0, 0xFF, 0xC0, 0xFF, 0xC0, 0xF0, 0x00, 0xF0, 0x00, 0xF0, 0x00, 0xF0,
    0x00, 0xF0, 0x00, 0xF0, 0x00, 0xF0, 0x00, 0xF0, 0x00, 0x3F, 0xC0, 0x3F, 0xC0, 0xF0, 0xF0, 0xF0,
    0xF0, 0xF0, 0xF0, 0xF0, 0xF0, 0xF0, 0xF0, 0xF0, 0xF0, 0xF0, 0xF0, 0xF0, 0xF0, 0xF3, 0xC0, 0xF3,
    0xC0, 0x3F, 0xF0, 0x3F, 0xF0, 0xFF, 0xC0, 0xFF, 0xC0, 0xF0, 0xF0, 0xF0, 0xF0, 0xFF, 0xC0, 0xFF,
    0xC0, 0xF0, 0xF0, 0xF0, 0xF0, 0xF0, 0xF0, 0xF0, 0xF0, 0xF0, 0xF0, 0xF0, 0xF0, 0xF0, 0xF0, 0xF0,
    0xF0, 0x3F, 0xF0, 0x3F, 0xF0, 0xF0, 0x00, 0xF0, 0x00, 0x3F, 0xC0, 0x3F, 0xC0, 0x00, 0xF0, 0x00,
    0xF0, 0x00, 0xF0, 0x00, 0xF0, 0xF0, 0xF0, 0xF0, 0xF0, 0x3F, 0xC0, 0x3F, 0xC0, 0xFF, 0xF0, 0xFF,
    0xF0, 0x0F, 0x00, 0x0F, 0x00, 0x0F, 0x00, 0x0F, 0x00, 0x0F, 0x00, 0x0F, 0x00, 0x0F, 0x00, 0x0F,
    0x00, 0x0F, 0x00, 0x0F, 0x00, 0x0F, 0x00, 0x0F, 0x00, 0xF0, 0xF0, 0xF0, 0xF0, 0xF0, 0xF0, 0xF0,
    0xF0, 0xF0, 0xF0, 0xF0, 0xF0, 0xF0, 0xF0, 0xF0, 0xF0, 0xF0, 0xF0, 0xF0, 0xF0, 0xF0, 0xF0, 0xF0,
    0xF0, 0x3F, 0xC0, 0x3F, 0xC0, 0xF0, 0xF0, 0xF0, 0xF0, 0xF0, 0xF0, 0xF0, 0xF0, 0xF0, 0xF0, 0xF0,
    0xF0, 0xF0, 0xF0, 0xF0, 0xF0, 0x3F, 0xC0, 0x3F, 0xC0, 0x3F, 0xC0, 0x3F, 0xC0, 0x0F, 0x00, 0x0F,
    0x00, 0xF0, 0xF0, 0xF0, 0xF0, 0xF0, 0xF0, 0xF0, 0xF0, 0xF0, 0xF0, 0xF0, 0xF0, 0xF0, 0xF0, 0xF0,
    0xF0, 0xFF, 0xF0, 0xFF, 0xF0, 0xFF, 0xF0, 0xFF, 0xF0, 0xF0, 0xF0, 0xF0, 0xF0, 0xF0, 0xF0, 0xF0,
    0xF0, 0x3F, 0xC0, 0x3F, 0xC0, 0x0F, 0x00, 0x0F, 0x00, 0x3F, 0xC0, 0x3F, 0xC0, 0xF0, 0xF0, 0xF0,
    0xF0, 0xF0, 0xF0, 0xF0, 0xF0, 0xF0, 0xF0, 0xF0, 0xF0, 0xF0, 0xF0, 0xF0, 0xF0, 0x3F, 0xC0, 0x3F,
    0xC0, 0x0F, 0x00, 0x0F, 0x00, 0x0F, 0x00, 0x0F, 0x00, 0x0F, 0x00, 0x0F, 0x00, 0x0F, 0x00, 0x0F,
    0x00, 0x0F, 0x00, 0x0F, 0x00, 0xFF, 0xF0, 0xFF, 0xF0, 0x00, 0xF0, 0x00, 0xF0, 0x03, 0xC0, 0x03,
    0xC0, 0x0F, 0x00, 0x0F, 0x00, 0x3C, 0x00, 0x3C, 0x00, 0xF0, 0x00, 0xF0, 0x00, 0xFF, 0xF0, 0xFF,
    0xF0, 0xFF, 0xFF, 0xF0, 0xF0, 0xF0, 0xF0, 0xF0, 0xF0, 0xF0, 0xF0, 0xF0, 0xF0, 0xFF, 0xFF, 0xF0,
    0x00, 0xF0, 0x00, 0x3C, 0x00, 0x3C, 0x00, 0x3C, 0x00, 0x3C, 0x00, 0x0F, 0x00, 0x0F, 0x00, 0x03,
    0xC0, 0x03, 0xC0, 0x03, 0xC0, 0x03, 0xC0, 0x00, 0xF0, 0x00, 0xF0, 0xFF, 0xFF, 0x0F, 0x0F, 0x0F,
    0x0F, 0x0F, 0x0F, 0x0F, 0x0F, 0x0F, 0x0F, 0xFF, 0xFF, 0x0F, 0x00, 0x0F, 0x00, 0x3F, 0xC0, 0x3F,
    0xC0, 0xF0, 0xF0, 0xF0, 0xF0, 0x00, 0x00, 0xFF, 0xF0, 0xFF, 0xF0, 0x00, 0x00, 0xF0, 0xF0, 0x3C,
    0x3C, 0x00, 0x3F, 0xC0, 0x3F, 0xC0, 0x00, 0xF0, 0x00, 0xF0, 0x3F, 0xF0, 0x3F, 0xF0, 0xF0, 0xF0,
    0xF0, 0xF0, 0x3F, 0xF0, 0x3F, 0xF0, 0xF0, 0x00, 0xF0, 0x00, 0xF0, 0x00, 0xF0, 0x00, 0xFF, 0xC0,
    0xFF, 0xC0, 0xFC, 0xF0, 0xFC, 0xF0, 0xF0, 0xF0, 0xF0, 0xF0, 0xF0, 0xF0, 0xF0, 0xF0, 0xFF, 0xC0,
    0xFF, 0xC0, 0x3F, 0xC0, 0x3F, 0xC0, 0xF0, 0xF0, 0xF0, 0xF0, 0xF0, 0x00, 0xF0, 0x00, 0xF0, 0xF0,
    0xF0, 0xF0, 0x3F, 0xC0, 0x3F, 0xC0, 0x00, 0xF0, 0x00, 0xF0, 0x00, 0xF0, 0x00, 0xF0, 0x3F, 0xF0,
    0x3F, 0xF0, 0xF3, 0xF0, 0xF3, 0xF0, 0xF0, 0xF0, 0xF0, 0xF0, 0xF0, 0xF0, 0xF0, 0xF0, 0x3F, 0xF0,
    0x3F, 0xF0, 0x3F, 0xC0, 0x3F, 0xC0, 0xF0, 0xF0, 0xF0, 0xF0, 0xFF, 0xF0, 0xFF, 0xF0, 0xF0, 0x00,
    0xF0, 0x00, 0x3F, 0xF0, 0x3F, 0xF0, 0x0F, 0xC0, 0x0F, 0xC0, 0x3C, 0x00, 0x3C, 0x00, 0xFF, 0xC0,
    0xFF, 0xC0, 0x3C, 0x00, 0x3C, 0x00, 0x3C, 0x00, 0x3C, 0x00, 0x3C, 0x00, 0x3C, 0x00, 0x3C, 0x00,
    0x3C, 0x00, 0x3F, 0xF0, 0x3F, 0xF0, 0xF0, 0xF0, 0xF0, 0xF0, 0xF0, 0xF0, 0xF0, 0xF0, 0x3F, 0xF0,
    0x3F, 0xF0, 0x00, 0xF0, 0x00, 0xF0, 0xFF, 0xC0, 0xFF, 0xC0, 0x00, 0x00, 0xF0, 0x00, 0xF0, 0x00,
    0xF0, 0x00, 0xF0, 0x00, 0xFF, 0xC0, 0xFF, 0xC0, 0xFC, 0xF0, 0xFC, 0xF0, 0xF0, 0xF0, 0xF0, 0xF0,
    0xF0, 0xF0, 0xF0, 0xF0, 0xF0, 0xF0, 0xF0, 0xF0, 0xF0, 0xF0, 0x00, 0x00, 0xF0, 0xF0, 0xF0, 0xF0,
    0xF0, 0xF0, 0xF0, 0xF0, 0xF0, 0xF0, 0x00, 0xF0, 0x00, 0xF0, 0x00, 0x00, 0x00, 0x00, 0x00, 0xF0,
    0x00, 0xF0, 0x00, 0xF0, 0x00, 0xF0, 0x00, 0xF0, 0x00, 0xF0, 0xF0, 0xF0, 0xF0, 0xF0, 0xF0, 0xF0,
    0xF0, 0xF0, 0x3F, 0xC0, 0x3F, 0xC0, 0x00, 0x00, 0xF0, 0x00, 0xF0, 0x00, 0xF0, 0x00, 0xF0, 0x00,
    0xF3, 0xC0, 0xF3, 0xC0, 0xFF, 0x00, 0xFF, 0x00, 0xFC, 0x00, 0xFC, 0x00, 0xFF, 0x00, 0xFF, 0x00,
    0xF3, 0xC0, 0xF3, 0xC0, 0xF0, 0xF0, 0xF0, 0xF0, 0xF0, 0xF0, 0xF0, 0xF0, 0xF0, 0xF0, 0xF0, 0xF0,
    0x3C, 0x3C, 0xFF, 0xC0, 0xFF, 0xC0, 0xFF, 0xF0, 0xFF, 0xF0, 0xFF, 0xF0, 0xFF, 0xF0, 0xF0, 0xF0,
    0xF0, 0xF0, 0xF0, 0xF0, 0xF0, 0xF0, 0xFF, 0xC0, 0xFF, 0xC0, 0xF0, 0xF0, 0xF0, 0xF0, 0xF0, 0xF0,
    0xF0, 0xF0, 0xF0, 0xF0, 0xF0, 0xF0, 0xF0, 0xF0, 0xF0, 0xF0, 0x3F, 0xC0, 0x3F, 0xC0, 0xF0, 0xF0,
    0xF0, 0xF0, 0xF0, 0xF0, 0xF0, 0xF0, 0xF0, 0xF0, 0xF0, 0xF0, 0x3F, 0xC0, 0x3F, 0xC0, 0xFF, 0xC0,
    0xFF, 0xC0, 0xFC, 0xF0, 0xFC, 0xF0, 0xF0, 0xF0, 0xF0, 0xF0, 0xFF, 0xC0, 0xFF, 0xC0, 0xF0, 0x00,
    0xF0, 0x00, 0xF0, 0x00, 0xF0, 0x00, 0x00, 0x00, 0x3F, 0xF0, 0x3F, 0xF0, 0xF3, 0xF0, 0xF3, 0xF0,
    0xF0, 0xF0, 0xF0, 0xF0, 0x3F, 0xF0, 0x3F, 0xF0, 0x00, 0xF0, 0x00, 0xF0, 0x00, 0xF0, 0x00, 0xF0,
    0x00, 0x00, 0xFF, 0xC0, 0xFF, 0xC0, 0xFC, 0xF0, 0xFC, 0xF0, 0xF0, 0x00, 0xF0, 0x00, 0xF0, 0x00,
    0xF0, 0x00, 0xF0, 0x00, 0xF0, 0x00, 0x3F, 0xF0, 0x3F, 0xF0, 0xF0, 0x00, 0xF0, 0x00, 0x3F, 0xC0,
    0x3F, 0xC0, 0x00, 0xF0, 0x00, 0xF0, 0xFF, 0xC0, 0xFF, 0xC0, 0x3C, 0x3C, 0x3C, 0x3C, 0xFF, 0xFF,
    0x3C, 0x3C, 0x3C, 0x3C, 0x3C, 0x3C, 0x0F, 0x0F, 0xF0, 0xF0, 0xF0, 0xF0, 0xF0, 0xF0, 0xF0, 0xF0,
    0xF0, 0xF0, 0xF0, 0xF0, 0xF0, 0xF0, 0xF0, 0xF0, 0x3F, 0xF0, 0x3F, 0xF0, 0xF0, 0xF0, 0xF0, 0xF0,
    0xF0, 0xF0, 0xF0, 0xF0, 0xF0, 0xF0, 0xF0, 0xF0, 0x3F, 0xC0, 0x3F, 0xC0, 0x0F, 0x00, 0x0F, 0x00,
    0xF0, 0xF0, 0xF0, 0xF0, 0xF0, 0xF0, 0xF0, 0xF0, 0xFF, 0xF0, 0xFF, 0xF0, 0xFF, 0xF0, 0xFF, 0xF0,
    0x3F, 0xF0, 0x3F, 0xF0, 0xF0, 0xF0, 0xF0, 0xF0, 0x3F, 0xC0, 0x3F, 0xC0, 0x0F, 0x00, 0x0F, 0x00,
    0x3F, 0xC0, 0x3F, 0xC0, 0xF0, 0xF0, 0xF0, 0xF0, 0xF0, 0xF0, 0xF0, 0xF0, 0xF0, 0xF0, 0xF0, 0xF0,
    0xF0, 0xF0, 0xF0, 0xF0, 0x3F, 0xF0, 0x3F, 0xF0, 0x00, 0xF0, 0x00, 0xF0, 0xFF, 0xC0, 0xFF, 0xC0,
    0x00, 0x00, 0xFF, 0xF0, 0xFF, 0xF0, 0x03, 0xC0, 0x03, 0xC0, 0x0F, 0x00, 0x0F, 0x00, 0x3C, 0x00,
    0x3C, 0x00, 0xFF, 0xF0, 0xFF, 0xF0, 0x0F, 0x0F, 0x3C, 0x3C, 0x3C, 0x3C, 0xF0, 0xF0, 0x3C, 0x3C,
    0x3C, 0x3C, 0x0F, 0x0F, 0xF0, 0xF0, 0xF0, 0xF0, 0xF0, 0xF0, 0xF0, 0xF0, 0xF0, 0xF0, 0xF0, 0xF0,
    0xF0, 0xF0, 0xF0, 0xF0, 0x3C, 0x3C, 0x3C, 0x3C, 0x0F, 0x0F, 0x3C, 0x3C, 0x3C, 0x3C, 0xF0, 0xF0,
    0x3F, 0x3C, 0x3F, 0x3C, 0xF3, 0xF0, 0xF3, 0xF0, 0x00, 0x00,
};

inline constexpr FontGlyph minecraftstandardbold_12_glyphs[] = {
    {0, 0, 0, 0, 0, 6},
    {0, 4, 14, 0, 6, 6},
    {14, 8, 5, 0, 6, 10},
    {19, 12, 14, 0, 6, 14},
    {47, 12, 14, 0, 6, 14},
    {75, 12, 14, 0, 6, 14},
    {103, 12, 14, 0, 6, 14},
    {131, 4, 5, 0, 6, 6},
    {136, 8, 14, 0, 6, 10},
    {150, 8, 14, 0, 6, 10},
    {164, 8, 7, 0, 6, 10},
    {171, 12, 10, 0, 8, 14},
    {191, 4, 5, 0, 18, 6},
    {196, 12, 3, 0, 12, 14},
    {202, 4, 2, 0, 18, 6},
    {204, 12, 14, 0, 6, 14},
    {232, 12, 14, 0, 6, 14},
    {260, 12, 14, 0, 6, 14},
    {288, 12, 14, 0, 6, 14},
    {316, 12, 14, 0, 6, 14},
    {344, 12, 14, 0, 6, 14},
    {372, 12, 14, 0, 6, 14},
    {400, 12, 14, 0, 6, 14},
    {428, 12, 14, 0, 6, 14},
    {456, 12, 14, 0, 6, 14},
    {484, 12, 14, 0, 6, 14},
    {512, 4, 10, 0, 10, 6},
    {522, 4, 13, 0, 10, 6},
    {535, 10, 14, 0, 6, 12},
    {563, 12, 7, 0, 10, 14},
    {577, 10, 14, 0, 6, 12},
    {605, 12, 14, 0, 6, 14},
    {633, 14, 15, 0, 8, 16},
    {663, 12, 14, 0, 6, 14},
    {691, 12, 14, 0, 6, 14},
    {719, 12, 14, 0, 6, 14},
    {747, 12, 14, 0, 6, 14},
    {775, 12, 14, 0, 6, 14},
    {803, 12, 14, 0, 6, 14},
    {831, 12, 14, 0, 6, 14},
    {859, 12, 14, 0, 6, 14},
    {887, 8, 14, 0, 6, 10},
    {901, 12, 14, 0, 6, 14},
    {929, 12, 14, 0, 6, 14},
    {957, 12, 14, 0, 6, 14},
    {985, 12, 14, 0, 6, 14},
    {1013, 12, 14, 0, 6, 14},
    {1041, 12, 14, 0, 6, 14},
    {1069, 12, 14, 0, 6, 14},
    {1097, 12, 14, 0, 6, 14},
    {1125, 12, 14, 0, 6, 14},
    {1153, 12, 14, 0, 6, 14},
    {1181, 12, 14, 0, 6, 14},
    {1209, 12, 14, 0, 6, 14},
    {1237, 12, 14, 0, 6, 14},
    {1265, 12, 14, 0, 6, 14},
    {1293, 12, 14, 0, 6, 14},
    {1321, 12, 14, 0, 6, 14},
    {1349, 12, 14, 0, 6, 14},
    {1377, 8, 14, 0, 6, 10},
    {1391, 12, 14, 0, 6, 14},
    {1419, 8, 14, 0, 6, 10},
    {1433, 12, 7, 0, 6, 14},
    {1447, 12, 3, 0, 20, 14},
    {1453, 6, 5, 0, 6, 8},
    {1458, 12, 10, 0, 10, 14},
    {1478, 12, 14, 0, 6, 14},
    {1506, 12, 10, 0, 10, 14},
    {1526, 12, 14, 0, 6, 14},
    {1554, 12, 10, 0, 10, 14},
    {1574, 10, 14, 0, 6, 12},
    {1602, 12, 13, 0, 10, 14},
    {1628, 12, 14, 0, 6, 14},
    {1656, 4, 14, 0, 6, 6},
    {1670, 12, 17, 0, 6, 14},
    {1704, 10, 14, 0, 6, 12},
    {1732, 6, 14, 0, 6, 8},
    {1746, 12, 10, 0, 10, 14},
    {1766, 12, 10, 0, 10, 14},
    {1786, 12, 10, 0, 10, 14},
    {1806, 12, 13, 0, 10, 14},
    {1832, 12, 13, 0, 10, 14},
    {1858, 12, 10, 0, 10, 14},
    {1878, 12, 10, 0, 10, 14},
    {1898, 8, 14, 0, 6, 10},
    {1912, 12, 10, 0, 10, 14},
    {1932, 12, 10, 0, 10, 14},
    {1952, 12, 10, 0, 10, 14},
    {1972, 12, 10, 0, 10, 14},
    {1992, 12, 13, 0, 10, 14},
    {2018, 12, 10, 0, 10, 14},
    {2038, 8, 14, 0, 6, 10},
    {2052, 4, 14, 0, 6, 6},
    {2066, 8, 14, 0, 6, 10},
    {2080, 14, 5, 0, 6, 16},
};

inline constexpr FontAsset minecraftstandardbold_12{12, 24, 32, 126, minecraftstandardbold_12_glyphs, minecraftstandardbold_12_bitmap, sizeof(minecraftstandardbold_12_bitmap)};

inline constexpr std::uint8_t minecraftstandardboldoblique_6_bitmap[] = {
    0x60, 0x60, 0x60, 0x60, 0xC0, 0x00, 0xC0, 0x78, 0x78, 0x00, 0x3C, 0x3C, 0x7E, 0x3C, 0xFC, 0x78,
    0x78, 0x18, 0x3E, 0x60, 0x3C, 0x0C, 0xF8, 0x30, 0x66, 0x6C, 0x0C, 0x18, 0x60, 0x6C, 0xCC, 0x18,
    0x3C, 0x18, 0x3E, 0xF8, 0xD8, 0x7C, 0x60, 0x60, 0x00, 0x18, 0x30, 0x60, 0x60, 0xC0, 0x60, 0x30,
    0x60, 0x30, 0x18, 0x18, 0x30, 0x60, 0xC0, 0x78, 0x30, 0x78, 0x00, 0x18, 0x18, 0x7E, 0x30, 0x30,
    0x60, 0x60, 0x00, 0x7E, 0x00, 0xC0, 0x06, 0x0C, 0x0C, 0x18, 0x60, 0x60, 0xC0, 0x3C, 0x66, 0x6E,
    0x7E, 0xEC, 0xCC, 0x78, 0x18, 0x38, 0x18, 0x18, 0x30, 0x30, 0xFC, 0x3C, 0x66, 0x06, 0x1C, 0x60,
    0xCC, 0xFC, 0x3C, 0x66, 0x06, 0x1C, 0x0C, 0xCC, 0x78, 0x0E, 0x1E, 0x36, 0x66, 0xFC, 0x0C, 0x0C,
    0x7E, 0x60, 0x7C, 0x06, 0x0C, 0xCC, 0x78, 0x1C, 0x30, 0x60, 0x7C, 0xCC, 0xCC, 0x78, 0x7E, 0x66,
    0x06, 0x0C, 0x30, 0x30, 0x30, 0x3C, 0x66, 0x66, 0x3C, 0xCC, 0xCC, 0x78, 0x3C, 0x66, 0x66, 0x3E,
    0x0C, 0x18, 0x70, 0x60, 0x00, 0x00, 0x00, 0xC0, 0x30, 0x00, 0x00, 0x00, 0x60, 0x60, 0x00, 0x0C,
    0x18, 0x30, 0x60, 0x60, 0x30, 0x18, 0x7E, 0x00, 0xFC, 0x00, 0x60, 0x30, 0x18, 0x0C, 0x30, 0x60,
    0xC0, 0x3C, 0x66, 0x06, 0x0C, 0x30, 0x00, 0x30, 0x3E, 0x63, 0x7F, 0xF6, 0xFE, 0xC0, 0x7C, 0x3C,
    0x66, 0x7E, 0x66, 0xCC, 0xCC, 0xCC, 0x7C, 0x66, 0x7C, 0x66, 0xCC, 0xCC, 0xF8, 0x3C, 0x66, 0x60,
    0x60, 0xC0, 0xCC, 0x78, 0x7C, 0x66, 0x66, 0x66, 0xCC, 0xCC, 0xF8, 0x7E, 0x60, 0x78, 0x60, 0xC0,
    0xC0, 0xFC, 0x7E, 0x60, 0x78, 0x60, 0xC0, 0xC0, 0xC0, 0x3E, 0x60, 0x6E, 0x66, 0xCC, 0xCC, 0x78,
    0x66, 0x66, 0x7E, 0x66, 0xCC, 0xCC, 0xCC, 0x78, 0x30, 0x30, 0x30, 0x60, 0x60, 0xF0, 0x06, 0x06,
    0x06, 0x06, 0x0C, 0xCC, 0x78, 0x66, 0x6C, 0x78, 0x6C, 0xCC, 0xCC, 0xCC, 0x60, 0x60, 0x60, 0x60,
    0xC0, 0xC0, 0xFC, 0x66, 0x7E, 0x7E, 0x66, 0xCC, 0xCC, 0xCC, 0x66, 0x76, 0x7E, 0x6E, 0xCC, 0xCC,
    0xCC, 0x3C, 0x66, 0x66, 0x66, 0xCC, 0xCC, 0x78, 0x7C, 0x66, 0x7C, 0x60, 0xC0, 0xC0, 0xC0, 0x3C,
    0x66, 0x66, 0x66, 0xCC, 0xD8, 0x7C, 0x7C, 0x66, 0x7C, 0x66, 0xCC, 0xCC, 0xCC, 0x3E, 0x60, 0x3C,
    0x06, 0x0C, 0xCC, 0x78, 0xFC, 0x30, 0x30, 0x30, 0x60, 0x60, 0x60, 0x66, 0x66, 0x66, 0x66, 0xCC,
    0xCC, 0x78, 0x66, 0x66, 0x66, 0x66, 0x78, 0x78, 0x30, 0x66, 0x66, 0x66, 0x66, 0xFC, 0xFC, 0xCC,
    0x66, 0x3C, 0x18, 0x3C, 0xCC, 0xCC, 0xCC, 0xCC, 0x78, 0x30, 0x30, 0x60, 0x60, 0x60, 0x7E, 0x06,
    0x0C, 0x18, 0x60, 0xC0, 0xFC, 0x78, 0x60, 0x60, 0x60, 0xC0, 0xC0, 0xF0, 0xC0, 0x60, 0x60, 0x30,
    0x30, 0x30, 0x18, 0x78, 0x18, 0x18, 0x18, 0x30, 0x30, 0xF0, 0x18, 0x3C, 0x66, 0x7E, 0xC0, 0x60,
    0x00, 0x3C, 0x06, 0x7C, 0xCC, 0x7C, 0x60, 0x60, 0x7C, 0x76, 0xCC, 0xCC, 0xF8, 0x3C, 0x66, 0xC0,
    0xCC, 0x78, 0x06, 0x06, 0x3E, 0x6E, 0xCC, 0xCC, 0x7C, 0x3C, 0x66, 0xFC, 0xC0, 0x7C, 0x1C, 0x30,
    0x7C, 0x30, 0x60, 0x60, 0x60, 0x1F, 0x33, 0x66, 0x3E, 0x06, 0x7C, 0x00, 0x60, 0x60, 0x7C, 0x76,
    0xCC, 0xCC, 0xCC, 0x60, 0x00, 0x60, 0x60, 0xC0, 0xC0, 0xC0, 0x06, 0x00, 0x06, 0x06, 0x0C, 0xCC,
    0xCC, 0x78, 0x00, 0x60, 0x60, 0x6C, 0x78, 0xE0, 0xF0, 0xD8, 0x60, 0x60, 0x60, 0x60, 0xC0, 0xC0,
    0x60, 0x7C, 0x7E, 0xFC, 0xCC, 0xCC, 0x7C, 0x66, 0xCC, 0xCC, 0xCC, 0x3C, 0x66, 0xCC, 0xCC, 0x78,
    0x3E, 0x3B, 0x66, 0x7C, 0x60, 0x60, 0x00, 0x3E, 0x6E, 0xCC, 0x7C, 0x0C, 0x0C, 0x00, 0x7C, 0x76,
    0xC0, 0xC0, 0xC0, 0x3E, 0x60, 0x78, 0x0C, 0xF8, 0x30, 0x30, 0x78, 0x30, 0x60, 0x60, 0x30, 0x66,
    0x66, 0xCC, 0xCC, 0x7C, 0x66, 0x66, 0xCC, 0x78, 0x30, 0x66, 0x66, 0xFC, 0xFC, 0x7C, 0x66, 0x3C,
    0x30, 0x78, 0xCC, 0x33, 0x33, 0x66, 0x3E, 0x06, 0x7C, 0x00, 0x7E, 0x0C, 0x30, 0x60, 0xFC, 0x18,
    0x30, 0x30, 0x60, 0x60, 0x60, 0x30, 0x60, 0x60, 0x60, 0x60, 0xC0, 0xC0, 0xC0, 0x60, 0x30, 0x30,
    0x18, 0x60, 0x60, 0xC0, 0x3B, 0x00, 0x6E, 0x00, 0x00, 0x00,
};

inline constexpr FontGlyph minecraftstandardboldoblique_6_glyphs[] = {
    {0, 0, 0, 0, 0, 3},
    {0, 4, 7, 0, 3, 3},
    {7, 6, 3, 0, 3, 5},
    {10, 7, 7, 0, 3, 7},
    {17, 8, 7, 0, 3, 7},
    {24, 8, 7, 0, 3, 7},
    {31, 7, 7, 0, 3, 7},
    {38, 4, 3, 0, 3, 3},
    {41, 6, 7, 0, 3, 5},
    {48, 5, 7, 0, 3, 5},
    {55, 6, 4, 0, 3, 5},
    {59, 7, 5, 0, 4, 7},
    {64, 4, 3, -1, 9, 3},
    {67, 7, 2, 0, 6, 7},
    {69, 3, 1, 0, 9, 3},
    {70, 8, 7, 0, 3, 7},
    {77, 8, 7, 0, 3, 7},
    {84, 7, 7, 0, 3, 7},
    {91, 8, 7, 0, 3, 7},
    {98, 8, 7, 0, 3, 7},
    {105, 8, 7, 0, 3, 7},
    {112, 8, 7, 0, 3, 7},
    {119, 7, 7, 0, 3, 7},
    {126, 8, 7, 0, 3, 7},
    {133, 8, 7, 0, 3, 7},
    {140, 8, 7, 0, 3, 7},
    {147, 3, 5, 0, 5, 3},
    {152, 4, 7, -1, 5, 3},
    {159, 7, 7, 0, 3, 6},
    {166, 7, 4, 0, 5, 7},
    {170, 6, 7, 0, 3, 6},
    {177, 8, 7, 0, 3, 7},
    {184, 8, 7, 0, 4, 8},
    {191, 8, 7, 0, 3, 7},
    {198, 8, 7, 0, 3, 7},
    {205, 8, 7, 0, 3, 7},
    {212, 8, 7, 0, 3, 7},
    {219, 8, 7, 0, 3, 7},
    {226, 8, 7, 0, 3, 7},
    {233, 8, 7, 0, 3, 7},
    {240, 8, 7, 0, 3, 7},
    {247, 6, 7, 0, 3, 5},
    {254, 8, 7, 0, 3, 7},
    {261, 8, 7, 0, 3, 7},
    {268, 7, 7, 0, 3, 7},
    {275, 8, 7, 0, 3, 7},
    {282, 8, 7, 0, 3, 7},
    {289, 8, 7, 0, 3, 7},
    {296, 8, 7, 0, 3, 7},
    {303, 8, 7, 0, 3, 7},
    {310, 8, 7, 0, 3, 7},
    {317, 8, 7, 0, 3, 7},
    {324, 7, 7, 1, 3, 7},
    {331, 8, 7, 0, 3, 7},
    {338, 8, 7, 0, 3, 7},
    {345, 8, 7, 0, 3, 7},
    {352, 8, 7, 0, 3, 7},
    {359, 7, 7, 1, 3, 7},
    {366, 8, 7, 0, 3, 7},
    {373, 6, 7, 0, 3, 5},
    {380, 6, 7, 1, 3, 7},
    {387, 6, 7, 0, 3, 5},
    {394, 7, 3, 0, 3, 7},
    {397, 7, 1, -1, 11, 7},
    {398, 4, 3, 1, 3, 4},
    {401, 7, 5, 0, 5, 7},
    {406, 7, 7, 0, 3, 7},
    {413, 7, 5, 0, 5, 7},
    {418, 8, 7, 0, 3, 7},
    {425, 7, 5, 0, 5, 7},
    {430, 7, 7, 0, 3, 6},
    {437, 8, 7, -1, 5, 7},
    {444, 7, 7, 0, 3, 7},
    {451, 4, 7, 0, 3, 3},
    {458, 8, 9, 0, 3, 7},
    {467, 6, 7, 0, 3, 6},
    {474, 4, 7, 0, 3, 4},
    {481, 7, 5, 0, 5, 7},
    {486, 7, 5, 0, 5, 7},
    {491, 7, 5, 0, 5, 7},
    {496, 8, 7, -1, 5, 7},
    {503, 7, 7, 0, 5, 7},
    {510, 7, 5, 0, 5, 7},
    {515, 7, 5, 0, 5, 7},
    {520, 5, 7, 0, 3, 5},
    {527, 7, 5, 0, 5, 7},
    {532, 7, 5, 0, 5, 7},
    {537, 7, 5, 0, 5, 7},
    {542, 7, 5, 0, 5, 7},
    {547, 8, 7, -1, 5, 7},
    {554, 7, 5, 0, 5, 7},
    {559, 6, 7, 0, 3, 5},
    {566, 4, 7, 0, 3, 3},
    {573, 5, 7, 0, 3, 5},
    {580, 9, 3, 0, 3, 8},
};

inline constexpr FontAsset minecraftstandardboldoblique_6{6, 12, 32, 126, minecraftstandardboldoblique_6_glyphs, minecraftstandardboldoblique_6_bitmap, sizeof(minecraftstandardboldoblique_6_bitmap)};

inline constexpr std::uint8_t minecraftstandardboldoblique_6_tight_bitmap[] = {
    0x60, 0x60, 0x60, 0x60, 0xC0, 0x00, 0xC0, 0x78, 0x78, 0x00, 0x3C, 0x3C, 0x7E, 0x3C, 0xFC, 0x78,
    0x78, 0x18, 0x3E, 0x60, 0x3C, 0x0C, 0xF8, 0x30, 0x66, 0x6C, 0x0C, 0x18, 0x60, 0x6C, 0xCC, 0x18,
    0x3C, 0x18, 0x3E, 0xF8, 0xD8, 0x7C, 0x60, 0x60, 0x00, 0x18, 0x30, 0x60, 0x60, 0xC0, 0x60, 0x30,
    0x60, 0x30, 0x18, 0x18, 0x30, 0x60, 0xC0, 0x78, 0x30, 0x78, 0x00, 0x18, 0x18, 0x7E, 0x30, 0x30,
    0x60, 0x60, 0x00, 0x7E, 0x00, 0xC0, 0x06, 0x0C, 0x0C, 0x18, 0x60, 0x60, 0xC0, 0x3C, 0x66, 0x6E,
    0x7E, 0xEC, 0xCC, 0x78, 0x18, 0x38, 0x18, 0x18, 0x30, 0x30, 0xFC, 0x3C, 0x66, 0x06, 0x1C, 0x60,
    0xCC, 0xFC, 0x3C, 0x66, 0x06, 0x1C, 0x0C, 0xCC, 0x78, 0x0E, 0x1E, 0x36, 0x66, 0xFC, 0x0C, 0x0C,
    0x7E, 0x60, 0x7C, 0x06, 0x0C, 0xCC, 0x78, 0x1C, 0x30, 0x60, 0x7C, 0xCC, 0xCC, 0x78, 0x7E, 0x66,
    0x06, 0x0C, 0x30, 0x30, 0x30, 0x3C, 0x66, 0x66, 0x3C, 0xCC, 0xCC, 0x78, 0x3C, 0x66, 0x66, 0x3E,
    0x0C, 0x18, 0x70, 0x60, 0x00, 0x00, 0x00, 0xC0, 0x30, 0x00, 0x00, 0x00, 0x60, 0x60, 0x00, 0x0C,
    0x18, 0x30, 0x60, 0x60, 0x30, 0x18, 0x7E, 0x00, 0xFC, 0x00, 0x60, 0x30, 0x18, 0x0C, 0x30, 0x60,
    0xC0, 0x3C, 0x66, 0x06, 0x0C, 0x30, 0x00, 0x30, 0x3E, 0x63, 0x7F, 0xF6, 0xFE, 0xC0, 0x7C, 0x3C,
    0x66, 0x7E, 0x66, 0xCC, 0xCC, 0xCC, 0x7C, 0x66, 0x7C, 0x66, 0xCC, 0xCC, 0xF8, 0x3C, 0x66, 0x60,
    0x60, 0xC0, 0xCC, 0x78, 0x7C, 0x66, 0x66, 0x66, 0xCC, 0xCC, 0xF8, 0x7E, 0x60, 0x78, 0x60, 0xC0,
    0xC0, 0xFC, 0x7E, 0x60, 0x78, 0x60, 0xC0, 0xC0, 0xC0, 0x3E, 0x60, 0x6E, 0x66, 0xCC, 0xCC, 0x78,
    0x66, 0x66, 0x7E, 0x66, 0xCC, 0xCC, 0xCC, 0x78, 0x30, 0x30, 0x30, 0x60, 0x60, 0xF0, 0x06, 0x06,
    0x06, 0x06, 0x0C, 0xCC, 0x78, 0x66, 0x6C, 0x78, 0x6C, 0xCC, 0xCC, 0xCC, 0x60, 0x60, 0x60, 0x60,
    0xC0, 0xC0, 0xFC, 0x66, 0x7E, 0x7E, 0x66, 0xCC, 0xCC, 0xCC, 0x66, 0x76, 0x7E, 0x6E, 0xCC, 0xCC,
    0xCC, 0x3C, 0x66, 0x66, 0x66, 0xCC, 0xCC, 0x78, 0x7C, 0x66, 0x7C, 0x60, 0xC0, 0xC0, 0xC0, 0x3C,
    0x66, 0x66, 0x66, 0xCC, 0xD8, 0x7C, 0x7C, 0x66, 0x7C, 0x66, 0xCC, 0xCC, 0xCC, 0x3E, 0x60, 0x3C,
    0x06, 0x0C, 0xCC, 0x78, 0xFC, 0x30, 0x30, 0x30, 0x60, 0x60, 0x60, 0x66, 0x66, 0x66, 0x66, 0xCC,
    0xCC, 0x78, 0x66, 0x66, 0x66, 0x66, 0x78, 0x78, 0x30, 0x66, 0x66, 0x66, 0x66, 0xFC, 0xFC, 0xCC,
    0x66, 0x3C, 0x18, 0x3C, 0xCC, 0xCC, 0xCC, 0xCC, 0x78, 0x30, 0x30, 0x60, 0x60, 0x60, 0x7E, 0x06,
    0x0C, 0x18, 0x60, 0xC0, 0xFC, 0x78, 0x60, 0x60, 0x60, 0xC0, 0xC0, 0xF0, 0xC0, 0x60, 0x60, 0x30,
    0x30, 0x30, 0x18, 0x78, 0x18, 0x18, 0x18, 0x30, 0x30, 0xF0, 0x18, 0x3C, 0x66, 0x7E, 0xC0, 0x60,
    0x00, 0x3C, 0x06, 0x7C, 0xCC, 0x7C, 0x60, 0x60, 0x7C, 0x76, 0xCC, 0xCC, 0xF8, 0x3C, 0x66, 0xC0,
    0xCC, 0x78, 0x06, 0x06, 0x3E, 0x6E, 0xCC, 0xCC, 0x7C, 0x3C, 0x66, 0xFC, 0xC0, 0x7C, 0x1C, 0x30,
    0x7C, 0x30, 0x60, 0x60, 0x60, 0x1F, 0x33, 0x66, 0x3E, 0x06, 0x7C, 0x00, 0x60, 0x60, 0x7C, 0x76,
    0xCC, 0xCC, 0xCC, 0x60, 0x00, 0x60, 0x60, 0xC0, 0xC0, 0xC0, 0x06, 0x00, 0x06, 0x06, 0x0C, 0xCC,
    0xCC, 0x78, 0x00, 0x60, 0x60, 0x6C, 0x78, 0xE0, 0xF0, 0xD8, 0x60, 0x60, 0x60, 0x60, 0xC0, 0xC0,
    0x60, 0x7C, 0x7E, 0xFC, 0xCC, 0xCC, 0x7C, 0x66, 0xCC, 0xCC, 0xCC, 0x3C, 0x66, 0xCC, 0xCC, 0x78,
    0x3E, 0x3B, 0x66, 0x7C, 0x60, 0x60, 0x00, 0x3E, 0x6E, 0xCC, 0x7C, 0x0C, 0x0C, 0x00, 0x7C, 0x76,
    0xC0, 0xC0, 0xC0, 0x3E, 0x60, 0x78, 0x0C, 0xF8, 0x30, 0x30, 0x78, 0x30, 0x60, 0x60, 0x30, 0x66,
    0x66, 0xCC, 0xCC, 0x7C, 0x66, 0x66, 0xCC, 0x78, 0x30, 0x66, 0x66, 0xFC, 0xFC, 0x7C, 0x66, 0x3C,
    0x30, 0x78, 0xCC, 0x33, 0x33, 0x66, 0x3E, 0x06, 0x7C, 0x00, 0x7E, 0x0C, 0x30, 0x60, 0xFC, 0x18,
    0x30, 0x30, 0x60, 0x60, 0x60, 0x30, 0x60, 0x60, 0x60, 0x60, 0xC0, 0xC0, 0xC0, 0x60, 0x30, 0x30,
    0x18, 0x60, 0x60, 0xC0, 0x3B, 0x00, 0x6E, 0x00, 0x00, 0x00,
};

inline constexpr FontGlyph minecraftstandardboldoblique_6_tight_glyphs[] = {
    {0, 0, 0, 0, -3, 3},
    {0, 4, 7, 0, 0, 3},
    {7, 6, 3, 0, 0, 5},
    {10, 7, 7, 0, 0, 7},
    {17, 8, 7, 0, 0, 7},
    {24, 8, 7, 0, 0, 7},
    {31, 7, 7, 0, 0, 7},
    {38, 4, 3, 0, 0, 3},
    {41, 6, 7, 0, 0, 5},
    {48, 5, 7, 0, 0, 5},
    {55, 6, 4, 0, 0, 5},
    {59, 7, 5, 0, 1, 7},
    {64, 4, 3, -1, 6, 3},
    {67, 7, 2, 0, 3, 7},
    {69, 3, 1, 0, 6, 3},
    {70, 8, 7, 0, 0, 7},
    {77, 8, 7, 0, 0, 7},
    {84, 7, 7, 0, 0, 7},
    {91, 8, 7, 0, 0, 7},
    {98, 8, 7, 0, 0, 7},
    {105, 8, 7, 0, 0, 7},
    {112, 8, 7, 0, 0, 7},
    {119, 7, 7, 0, 0, 7},
    {126, 8, 7, 0, 0, 7},
    {133, 8, 7, 0, 0, 7},
    {140, 8, 7, 0, 0, 7},
    {147, 3, 5, 0, 2, 3},
    {152, 4, 7, -1, 2, 3},
    {159, 7, 7, 0, 0, 6},
    {166, 7, 4, 0, 2, 7},
    {170, 6, 7, 0, 0, 6},
    {177, 8, 7, 0, 0, 7},
    {184, 8, 7, 0, 1, 8},
    {191, 8, 7, 0, 0, 7},
    {198, 8, 7, 0, 0, 7},
    {205, 8, 7, 0, 0, 7},
    {212, 8, 7, 0, 0, 7},
    {219, 8, 7, 0, 0, 7},
    {226, 8, 7, 0, 0, 7},
    {233, 8, 7, 0, 0, 7},
    {240, 8, 7, 0, 0, 7},
    {247, 6, 7, 0, 0, 5},
    {254, 8, 7, 0, 0, 7},
    {261, 8, 7, 0, 0, 7},
    {268, 7, 7, 0, 0, 7},
    {275, 8, 7, 0, 0, 7},
    {282, 8, 7, 0, 0, 7},
    {289, 8, 7, 0, 0, 7},
    {296, 8, 7, 0, 0, 7},
    {303, 8, 7, 0, 0, 7},
    {310, 8, 7, 0, 0, 7},
    {317, 8, 7, 0, 0, 7},
    {324, 7, 7, 1, 0, 7},
    {331, 8, 7, 0, 0, 7},
    {338, 8, 7, 0, 0, 7},
    {345, 8, 7, 0, 0, 7},
    {352, 8, 7, 0, 0, 7},
    {359, 7, 7, 1, 0, 7},
    {366, 8, 7, 0, 0, 7},
    {373, 6, 7, 0, 0, 5},
    {380, 6, 7, 1, 0, 7},
    {387, 6, 7, 0, 0, 5},
    {394, 7, 3, 0, 0, 7},
    {397, 7, 1, -1, 8, 7},
    {398, 4, 3, 1, 0, 4},
    {401, 7, 5, 0, 2, 7},
    {406, 7, 7, 0, 0, 7},
    {413, 7, 5, 0, 2, 7},
    {418, 8, 7, 0, 0, 7},
    {425, 7, 5, 0, 2, 7},
    {430, 7, 7, 0, 0, 6},
    {437, 8, 7, -1, 2, 7},
    {444, 7, 7, 0, 0, 7},
    {451, 4, 7, 0, 0, 3},
    {458, 8, 9, 0, 0, 7},
    {467, 6, 7, 0, 0, 6},
    {474, 4, 7, 0, 0, 4},
    {481, 7, 5, 0, 2, 7},
    {486, 7, 5, 0, 2, 7},
    {491, 7, 5, 0, 2, 7},
    {496, 8, 7, -1, 2, 7},
    {503, 7, 7, 0, 2, 7},
    {510, 7, 5, 0, 2, 7},
    {515, 7, 5, 0, 2, 7},
    {520, 5, 7, 0, 0, 5},
    {527, 7, 5, 0, 2, 7},
    {532, 7, 5, 0, 2, 7},
    {537, 7, 5, 0, 2, 7},
    {542, 7, 5, 0, 2, 7},
    {547, 8, 7, -1, 2, 7},
    {554, 7, 5, 0, 2, 7},
    {559, 6, 7, 0, 0, 5},
    {566, 4, 7, 0, 0, 3},
    {573, 5, 7, 0, 0, 5},
    {580, 9, 3, 0, 0, 8},
};

inline constexpr FontAsset minecraftstandardboldoblique_6_tight{6, 9, 32, 126, minecraftstandardboldoblique_6_tight_glyphs, minecraftstandardboldoblique_6_tight_bitmap, sizeof(minecraftstandardboldoblique_6_tight_bitmap)};

inline constexpr std::uint8_t minecraftstandardboldoblique_12_bitmap[] = {
    0x3C, 0x3C, 0x3C, 0x3C, 0x3C, 0x78, 0x78, 0x78, 0x78, 0x78, 0x00, 0x00, 0xF0, 0xF0, 0x7F, 0x80,
    0x7F, 0x80, 0x7F, 0x80, 0x7F, 0x80, 0x00, 0x00, 0x0F, 0xF0, 0x0F, 0xF0, 0x0F, 0xF0, 0x0F, 0xF0,
    0x3F, 0xFC, 0x7F, 0xF8, 0x1F, 0xE0, 0x1F, 0xE0, 0x7F, 0xF8, 0x7F, 0xF8, 0x1F, 0xE0, 0x3F, 0xC0,
    0x3F, 0xC0, 0x3F, 0xC0, 0x03, 0xC0, 0x03, 0xC0, 0x0F, 0xFC, 0x0F, 0xFC, 0x3C, 0x00, 0x78, 0x00,
    0x1F, 0xE0, 0x1F, 0xE0, 0x00, 0x78, 0x00, 0x78, 0x7F, 0xE0, 0xFF, 0xC0, 0x0F, 0x00, 0x0F, 0x00,
    0x3C, 0x3C, 0x3C, 0x3C, 0x3C, 0xF0, 0x3C, 0xF0, 0x00, 0xF0, 0x01, 0xE0, 0x07, 0x80, 0x07, 0x80,
    0x1E, 0x00, 0x1E, 0x00, 0x1E, 0x78, 0x3C, 0xF0, 0xF0, 0xF0, 0xF0, 0xF0, 0x03, 0xC0, 0x03, 0xC0,
    0x0F, 0xF0, 0x0F, 0xF0, 0x03, 0xC0, 0x07, 0x80, 0x1F, 0xF8, 0x1F, 0xF8, 0x7F, 0xE0, 0x7F, 0xE0,
    0x79, 0xE0, 0xF3, 0xC0, 0x3F, 0xF0, 0x3F, 0xF0, 0x78, 0x78, 0x78, 0x78, 0x00, 0x03, 0xC0, 0x03,
    0xC0, 0x0F, 0x00, 0x0F, 0x00, 0x3C, 0x00, 0x78, 0x00, 0x78, 0x00, 0x78, 0x00, 0x78, 0x00, 0x78,
    0x00, 0x1E, 0x00, 0x3C, 0x00, 0x0F, 0x00, 0x0F, 0x00, 0x3C, 0x00, 0x3C, 0x00, 0x0F, 0x00, 0x0F,
    0x00, 0x03, 0xC0, 0x07, 0x80, 0x07, 0x80, 0x07, 0x80, 0x07, 0x80, 0x07, 0x80, 0x1E, 0x00, 0x3C,
    0x00, 0xF0, 0x00, 0xF0, 0x00, 0x7F, 0x80, 0x7F, 0x80, 0x1E, 0x00, 0x1E, 0x00, 0x7F, 0x80, 0xFF,
    0x00, 0x00, 0x00, 0x07, 0x80, 0x07, 0x80, 0x07, 0x80, 0x0F, 0x00, 0xFF, 0xF0, 0xFF, 0xF0, 0x0F,
    0x00, 0x0F, 0x00, 0x0F, 0x00, 0x1E, 0x00, 0x78, 0x78, 0x78, 0x78, 0x00, 0xFF, 0xF0, 0xFF, 0xF0,
    0x00, 0x00, 0xF0, 0xF0, 0x00, 0x3C, 0x00, 0x3C, 0x00, 0xF0, 0x00, 0xF0, 0x00, 0xF0, 0x01, 0xE0,
    0x07, 0x80, 0x07, 0x80, 0x1E, 0x00, 0x1E, 0x00, 0x1E, 0x00, 0x3C, 0x00, 0xF0, 0x00, 0xF0, 0x00,
    0x0F, 0xF0, 0x0F, 0xF0, 0x3C, 0x3C, 0x3C, 0x3C, 0x3C, 0xFC, 0x79, 0xF8, 0x7F, 0xF8, 0x7F, 0xF8,
    0x7E, 0x78, 0x7E, 0x78, 0x78, 0x78, 0xF0, 0xF0, 0x3F, 0xC0, 0x3F, 0xC0, 0x03, 0xC0, 0x03, 0xC0,
    0x0F, 0xC0, 0x0F, 0xC0, 0x03, 0xC0, 0x07, 0x80, 0x07, 0x80, 0x07, 0x80, 0x07, 0x80, 0x07, 0x80,
    0x07, 0x80, 0x0F, 0x00, 0xFF, 0xF0, 0xFF, 0xF0, 0x0F, 0xF0, 0x0F, 0xF0, 0x3C, 0x3C, 0x3C, 0x3C,
    0x00, 0x3C, 0x00, 0x78, 0x07, 0xE0, 0x07, 0xE0, 0x1E, 0x00, 0x1E, 0x00, 0x78, 0x78, 0xF0, 0xF0,
    0xFF, 0xF0, 0xFF, 0xF0, 0x0F, 0xF0, 0x0F, 0xF0, 0x3C, 0x3C, 0x3C, 0x3C, 0x00, 0x3C, 0x00, 0x78,
    0x07, 0xE0, 0x07, 0xE0, 0x00, 0x78, 0x00, 0x78, 0x78, 0x78, 0xF0, 0xF0, 0x3F, 0xC0, 0x3F, 0xC0,
    0x00, 0xFC, 0x00, 0xFC, 0x03, 0xFC, 0x03, 0xFC, 0x0F, 0x3C, 0x1E, 0x78, 0x78, 0x78, 0x78, 0x78,
    0x7F, 0xF8, 0x7F, 0xF8, 0x00, 0x78, 0x00, 0xF0, 0x00, 0xF0, 0x00, 0xF0, 0x3F, 0xFC, 0x3F, 0xFC,
    0x3C, 0x00, 0x3C, 0x00, 0x3F, 0xF0, 0x7F, 0xE0, 0x00, 0x78, 0x00, 0x78, 0x00, 0x78, 0x00, 0x78,
    0x78, 0x78, 0xF0, 0xF0, 0x3F, 0xC0, 0x3F, 0xC0, 0x03, 0xF0, 0x03, 0xF0, 0x0F, 0x00, 0x0F, 0x00,
    0x3C, 0x00, 0x78, 0x00, 0x7F, 0xE0, 0x7F, 0xE0, 0x78, 0x78, 0x78, 0x78, 0x78, 0x78, 0xF0, 0xF0,
    0x3F, 0xC0, 0x3F, 0xC0, 0x7F, 0xF8, 0x7F, 0xF8, 0x78, 0x78, 0x78, 0x78, 0x00, 0x78, 0x00, 0xF0,
    0x03, 0xC0, 0x03, 0xC0, 0x0F, 0x00, 0x0F, 0x00, 0x0F, 0x00, 0x1E, 0x00, 0x1E, 0x00, 0x1E, 0x00,
    0x0F, 0xF0, 0x0F, 0xF0, 0x3C, 0x3C, 0x3C, 0x3C, 0x3C, 0x3C, 0x78, 0x78, 0x1F, 0xE0, 0x1F, 0xE0,
    0x78, 0x78, 0x78, 0x78, 0x78, 0x78, 0xF0, 0xF0, 0x3F, 0xC0, 0x3F, 0xC0, 0x1F, 0xE0, 0x1F, 0xE0,
    0x78, 0x78, 0x78, 0x78, 0x78, 0x78, 0xF0, 0xF0, 0x3F, 0xF0, 0x3F, 0xF0, 0x00, 0xF0, 0x00, 0xF0,
    0x03, 0xC0, 0x07, 0x80, 0x7E, 0x00, 0x7E, 0x00, 0x3C, 0x78, 0x00, 0x00, 0x00, 0x00, 0x00, 0x00,
    0xF0, 0xF0, 0x1E, 0x3C, 0x00, 0x00, 0x00, 0x00, 0x00, 0x00, 0x78, 0x78, 0x78, 0x78, 0x00, 0x01,
    0xE0, 0x01, 0xE0, 0x07, 0x80, 0x07, 0x80, 0x1E, 0x00, 0x3C, 0x00, 0xF0, 0x00, 0xF0, 0x00, 0x3C,
    0x00, 0x3C, 0x00, 0x0F, 0x00, 0x1E, 0x00, 0x07, 0x80, 0x07, 0x80, 0x3F, 0xFC, 0x7F, 0xF8, 0x00,
    0x00, 0x00, 0x00, 0x7F, 0xF8, 0x7F, 0xF8, 0x00, 0x00, 0x3C, 0x00, 0x3C, 0x00, 0x0F, 0x00, 0x0F,
    0x00, 0x03, 0xC0, 0x07, 0x80, 0x01, 0xE0, 0x01, 0xE0, 0x07, 0x80, 0x07, 0x80, 0x1E, 0x00, 0x3C,
    0x00, 0xF0, 0x00, 0xF0, 0x00, 0x1F, 0xE0, 0x1F, 0xE0, 0x78, 0x78, 0x78, 0x78, 0x00, 0x78, 0x00,
    0xF0, 0x03, 0xC0, 0x03, 0xC0, 0x0F, 0x00, 0x0F, 0x00, 0x00, 0x00, 0x00, 0x00, 0x1E, 0x00, 0x1E,
    0x00, 0x0F, 0xFC, 0x0F, 0xFC, 0x3C, 0x0F, 0x78, 0x1E, 0x7F, 0xFE, 0x7F, 0xFE, 0x7F, 0x9E, 0x7F,
    0x9E, 0x7F, 0xFE, 0xFF, 0xFC, 0xF0, 0x00, 0xF0, 0x00, 0x3F, 0xF0, 0x3F, 0xF0, 0x0F, 0xF0, 0x0F,
    0xF0, 0x3C, 0x3C, 0x3C, 0x3C, 0x3F, 0xFC, 0x7F, 0xF8, 0x78, 0x78, 0x78, 0x78, 0x78, 0x78, 0x78,
    0x78, 0x78, 0x78, 0xF0, 0xF0, 0xF0, 0xF0, 0xF0, 0xF0, 0x3F, 0xF0, 0x3F, 0xF0, 0x3C, 0x3C, 0x3C,
    0x3C, 0x3F, 0xF0, 0x7F, 0xE0, 0x78, 0x78, 0x78, 0x78, 0x78, 0x78, 0x78, 0x78, 0x78, 0x78, 0xF0,
    0xF0, 0xFF, 0xC0, 0xFF, 0xC0, 0x0F, 0xF0, 0x0F, 0xF0, 0x3C, 0x3C, 0x3C, 0x3C, 0x3C, 0x00, 0x78,
    0x00, 0x78, 0x00, 0x78, 0x00, 0x78, 0x00, 0x78, 0x00, 0x78, 0x78, 0xF0, 0xF0, 0x3F, 0xC0, 0x3F,
    0xC0, 0x3F, 0xF0, 0x3F, 0xF0, 0x3C, 0x3C, 0x3C, 0x3C, 0x3C, 0x3C, 0x78, 0x78, 0x78, 0x78, 0x78,
    0x78, 0x78, 0x78, 0x78, 0x78, 0x78, 0x78, 0xF0, 0xF0, 0xFF, 0xC0, 0xFF, 0xC0, 0x3F, 0xFC, 0x3F,
    0xFC, 0x3C, 0x00, 0x3C, 0x00, 0x3F, 0xC0, 0x7F, 0x80, 0x78, 0x00, 0x78, 0x00, 0x78, 0x00, 0x78,
    0x00, 0x78, 0x00, 0xF0, 0x00, 0xFF, 0xF0, 0xFF, 0xF0, 0x3F, 0xFC, 0x3F, 0xFC, 0x3C, 0x00, 0x3C,
    0x00, 0x3F, 0xC0, 0x7F, 0x80, 0x78, 0x00, 0x78, 0x00, 0x78, 0x00, 0x78, 0x00, 0x78, 0x00, 0xF0,
    0x00, 0xF0, 0x00, 0xF0, 0x00, 0x0F, 0xFC, 0x0F, 0xFC, 0x3C, 0x00, 0x3C, 0x00, 0x3C, 0xFC, 0x79,
    0xF8, 0x78, 0x78, 0x78, 0x78, 0x78, 0x78, 0x78, 0x78, 0x78, 0x78, 0xF0, 0xF0, 0x3F, 0xC0, 0x3F,
    0xC0, 0x3C, 0x3C, 0x3C, 0x3C, 0x3C, 0x3C, 0x3C, 0x3C, 0x3F, 0xFC, 0x7F, 0xF8, 0x78, 0x78, 0x78,
    0x78, 0x78, 0x78, 0x78, 0x78, 0x78, 0x78, 0xF0, 0xF0, 0xF0, 0xF0, 0xF0, 0xF0, 0x3F, 0xC0, 0x3F,
    0xC0, 0x0F, 0x00, 0x0F, 0x00, 0x0F, 0x00, 0x1E, 0x00, 0x1E, 0x00, 0x1E, 0x00, 0x1E, 0x00, 0x1E,
    0x00, 0x1E, 0x00, 0x3C, 0x00, 0xFF, 0x00, 0xFF, 0x00, 0x00, 0x3C, 0x00, 0x3C, 0x00, 0x3C, 0x00,
    0x3C, 0x00, 0x3C, 0x00, 0x78, 0x00, 0x78, 0x00, 0x78, 0x00, 0x78, 0x00, 0x78, 0x78, 0x78, 0xF0,
    0xF0, 0x3F, 0xC0, 0x3F, 0xC0, 0x3C, 0x3C, 0x3C, 0x3C, 0x3C, 0xF0, 0x3C, 0xF0, 0x3F, 0xC0, 0x7F,
    0x80, 0x79, 0xE0, 0x79, 0xE0, 0x78, 0x78, 0x78, 0x78, 0x78, 0x78, 0xF0, 0xF0, 0xF0, 0xF0, 0xF0,
    0xF0, 0x3C, 0x00, 0x3C, 0x00, 0x3C, 0x00, 0x3C, 0x00, 0x3C, 0x00, 0x78, 0x00, 0x78, 0x00, 0x78,
    0x00, 0x78, 0x00, 0x78, 0x00, 0x78, 0x00, 0xF0, 0x00, 0xFF, 0xF0, 0xFF, 0xF0, 0x3C, 0x3C, 0x3C,
    0x3C, 0x3F, 0xFC, 0x3F, 0xFC, 0x3F, 0xFC, 0x7F, 0xF8, 0x78, 0x78, 0x78, 0x78, 0x78, 0x78, 0x78,
    0x78, 0x78, 0x78, 0xF0, 0xF0, 0xF0, 0xF0, 0xF0, 0xF0, 0x3C, 0x3C, 0x3C, 0x3C, 0x3F, 0x3C, 0x3F,
    0x3C, 0x3F, 0xFC, 0x7F, 0xF8, 0x79, 0xF8, 0x79, 0xF8, 0x78, 0x78, 0x78, 0x78, 0x78, 0x78, 0xF0,
    0xF0, 0xF0, 0xF0, 0xF0, 0xF0, 0x0F, 0xF0, 0x0F, 0xF0, 0x3C, 0x3C, 0x3C, 0x3C, 0x3C, 0x3C, 0x78,
    0x78, 0x78, 0x78, 0x78, 0x78, 0x78, 0x78, 0x78, 0x78, 0x78, 0x78, 0xF0, 0xF0, 0x3F, 0xC0, 0x3F,
    0xC0, 0x3F, 0xF0, 0x3F, 0xF0, 0x3C, 0x3C, 0x3C, 0x3C, 0x3F, 0xF0, 0x7F, 0xE0, 0x78, 0x00, 0x78,
    0x00, 0x78, 0x00, 0x78, 0x00, 0x78, 0x00, 0xF0, 0x00, 0xF0, 0x00, 0xF0, 0x00, 0x0F, 0xF0, 0x0F,
    0xF0, 0x3C, 0x3C, 0x3C, 0x3C, 0x3C, 0x3C, 0x78, 0x78, 0x78, 0x78, 0x78, 0x78, 0x78, 0x78, 0x78,
    0x78, 0x79, 0xE0, 0xF3, 0xC0, 0x3F, 0xF0, 0x3F, 0xF0, 0x3F, 0xF0, 0x3F, 0xF0, 0x3C, 0x3C, 0x3C,
    0x3C, 0x3F, 0xF0, 0x7F, 0xE0, 0x78, 0x78, 0x78, 0x78, 0x78, 0x78, 0x78, 0x78, 0x78, 0x78, 0xF0,
    0xF0, 0xF0, 0xF0, 0xF0, 0xF0, 0x0F, 0xFC, 0x0F, 0xFC, 0x3C, 0x00, 0x3C, 0x00, 0x0F, 0xF0, 0x1F,
    0xE0, 0x00, 0x78, 0x00, 0x78, 0x00, 0x78, 0x00, 0x78, 0x78, 0x78, 0xF0, 0xF0, 0x3F, 0xC0, 0x3F,
    0xC0, 0xFF, 0xF0, 0xFF, 0xF0, 0x0F, 0x00, 0x0F, 0x00, 0x0F, 0x00, 0x1E, 0x00, 0x1E, 0x00, 0x1E,
    0x00, 0x1E, 0x00, 0x1E, 0x00, 0x1E, 0x00, 0x3C, 0x00, 0x3C, 0x00, 0x3C, 0x00, 0x3C, 0x3C, 0x3C,
    0x3C, 0x3C, 0x3C, 0x3C, 0x3C, 0x3C, 0x3C, 0x78, 0x78, 0x78, 0x78, 0x78, 0x78, 0x78, 0x78, 0x78,
    0x78, 0x78, 0x78, 0xF0, 0xF0, 0x3F, 0xC0, 0x3F, 0xC0, 0x78, 0x78, 0x78, 0x78, 0x78, 0x78, 0x78,
    0x78, 0x78, 0x78, 0xF0, 0xF0, 0xF0, 0xF0, 0xF0, 0xF0, 0x3F, 0xC0, 0x3F, 0xC0, 0x3F, 0xC0, 0x7F,
    0x80, 0x1E, 0x00, 0x1E, 0x00, 0x3C, 0x3C, 0x3C, 0x3C, 0x3C, 0x3C, 0x3C, 0x3C, 0x3C, 0x3C, 0x78,
    0x78, 0x78, 0x78, 0x78, 0x78, 0x7F, 0xF8, 0x7F, 0xF8, 0x7F, 0xF8, 0xFF, 0xF0, 0xF0, 0xF0, 0xF0,
    0xF0, 0x3C, 0x3C, 0x3C, 0x3C, 0x0F, 0xF0, 0x0F, 0xF0, 0x03, 0xC0, 0x07, 0x80, 0x1F, 0xE0, 0x1F,
    0xE0, 0x78, 0x78, 0x78, 0x78, 0x78, 0x78, 0xF0, 0xF0, 0xF0, 0xF0, 0xF0, 0xF0, 0xF0, 0xF0, 0xF0,
    0xF0, 0x3F, 0xC0, 0x3F, 0xC0, 0x0F, 0x00, 0x1E, 0x00, 0x1E, 0x00, 0x1E, 0x00, 0x1E, 0x00, 0x1E,
    0x00, 0x1E, 0x00, 0x3C, 0x00, 0x3C, 0x00, 0x3C, 0x00, 0x3F, 0xFC, 0x3F, 0xFC, 0x00, 0x3C, 0x00,
    0x3C, 0x00, 0xF0, 0x01, 0xE0, 0x07, 0x80, 0x07, 0x80, 0x1E, 0x00, 0x1E, 0x00, 0x78, 0x00, 0xF0,
    0x00, 0xFF, 0xF0, 0xFF, 0xF0, 0x3F, 0xC0, 0x3F, 0xC0, 0x3C, 0x00, 0x3C, 0x00, 0x3C, 0x00, 0x78,
    0x00, 0x78, 0x00, 0x78, 0x00, 0x78, 0x00, 0x78, 0x00, 0x78, 0x00, 0xF0, 0x00, 0xFF, 0x00, 0xFF,
    0x00, 0xF0, 0x00, 0xF0, 0x00, 0x3C, 0x00, 0x3C, 0x00, 0x3C, 0x00, 0x78, 0x00, 0x1E, 0x00, 0x1E,
    0x00, 0x07, 0x80, 0x07, 0x80, 0x07, 0x80, 0x0F, 0x00, 0x03, 0xC0, 0x03, 0xC0, 0x3F, 0xC0, 0x3F,
    0xC0, 0x03, 0xC0, 0x03, 0xC0, 0x03, 0xC0, 0x07, 0x80, 0x07, 0x80, 0x07, 0x80, 0x07, 0x80, 0x07,
    0x80, 0x07, 0x80, 0x0F, 0x00, 0xFF, 0x00, 0xFF, 0x00, 0x07, 0x80, 0x07, 0x80, 0x1F, 0xE0, 0x1F,
    0xE0, 0x78, 0x78, 0xF0, 0xF0, 0x7F, 0xF8, 0x7F, 0xF8, 0xF0, 0xF0, 0x3C, 0x3C, 0x00, 0x0F, 0xF0,
    0x1F, 0xE0, 0x00, 0x78, 0x00, 0x78, 0x1F, 0xF8, 0x1F, 0xF8, 0x78, 0x78, 0xF0, 0xF0, 0x3F, 0xF0,
    0x3F, 0xF0, 0x3C, 0x00, 0x3C, 0x00, 0x3C, 0x00, 0x3C, 0x00, 0x3F, 0xF0, 0x7F, 0xE0, 0x7E, 0x78,
    0x7E, 0x78, 0x78, 0x78, 0x78, 0x78, 0x78, 0x78, 0xF0, 0xF0, 0xFF, 0xC0, 0xFF, 0xC0, 0x0F, 0xF0,
    0x1F, 0xE0, 0x78, 0x78, 0x78, 0x78, 0x78, 0x00, 0x78, 0x00, 0x78, 0x78, 0xF0, 0xF0, 0x3F, 0xC0,
    0x3F, 0xC0, 0x00, 0x3C, 0x00, 0x3C, 0x00, 0x3C, 0x00, 0x3C, 0x0F, 0xFC, 0x1F, 0xF8, 0x79, 0xF8,
    0x79, 0xF8, 0x78, 0x78, 0x78, 0x78, 0x78, 0x78, 0xF0, 0xF0, 0x3F, 0xF0, 0x3F, 0xF0, 0x0F, 0xF0,
    0x1F, 0xE0, 0x78, 0x78, 0x78, 0x78, 0x7F, 0xF8, 0x7F, 0xF8, 0x78, 0x00, 0xF0, 0x00, 0x3F, 0xF0,
    0x3F, 0xF0, 0x07, 0xE0, 0x07, 0xE0, 0x1E, 0x00, 0x1E, 0x00, 0x7F, 0xE0, 0xFF, 0xC0, 0x3C, 0x00,
    0x3C, 0x00, 0x3C, 0x00, 0x3C, 0x00, 0x3C, 0x00, 0x78, 0x00, 0x78, 0x00, 0x78, 0x00, 0x07, 0xFE,
    0x0F, 0xFC, 0x3C, 0x3C, 0x3C, 0x3C, 0x3C, 0x3C, 0x3C, 0x3C, 0x0F, 0xFC, 0x1F, 0xF8, 0x00, 0x78,
    0x00, 0x78, 0x7F, 0xE0, 0x7F, 0xE0, 0x00, 0x00, 0x3C, 0x00, 0x3C, 0x00, 0x3C, 0x00, 0x3C, 0x00,
    0x3F, 0xF0, 0x7F, 0xE0, 0x7E, 0x78, 0x7E, 0x78, 0x78, 0x78, 0x78, 0x78, 0x78, 0x78, 0xF0, 0xF0,
    0xF0, 0xF0, 0xF0, 0xF0, 0x3C, 0x3C, 0x00, 0x00, 0x3C, 0x78, 0x78, 0x78, 0x78, 0x78, 0x78, 0xF0,
    0xF0, 0xF0, 0x00, 0x3C, 0x00, 0x3C, 0x00, 0x00, 0x00, 0x00, 0x00, 0x3C, 0x00, 0x78, 0x00, 0x78,
    0x00, 0x78, 0x00, 0x78, 0x00, 0x78, 0x78, 0x78, 0xF0, 0xF0, 0xF0, 0xF0, 0xF0, 0xF0, 0x3F, 0xC0,
    0x3F, 0xC0, 0x00, 0x00, 0x3C, 0x00, 0x3C, 0x00, 0x3C, 0x00, 0x3C, 0x00, 0x3C, 0xF0, 0x79, 0xE0,
    0x7F, 0x80, 0x7F, 0x80, 0x7E, 0x00, 0x7E, 0x00, 0x7F, 0x80, 0xFF, 0x00, 0xF3, 0xC0, 0xF3, 0xC0,
    0x3C, 0x3C, 0x3C, 0x3C, 0x3C, 0x78, 0x78, 0x78, 0x78, 0x78, 0x78, 0xF0, 0x3C, 0x3C, 0x3F, 0xF0,
    0x7F, 0xE0, 0x7F, 0xF8, 0x7F, 0xF8, 0x7F, 0xF8, 0x7F, 0xF8, 0x78, 0x78, 0xF0, 0xF0, 0xF0, 0xF0,
    0xF0, 0xF0, 0x3F, 0xF0, 0x7F, 0xE0, 0x78, 0x78, 0x78, 0x78, 0x78, 0x78, 0x78, 0x78, 0x78, 0x78,
    0xF0, 0xF0, 0xF0, 0xF0, 0xF0, 0xF0, 0x0F, 0xF0, 0x1F, 0xE0, 0x78, 0x78, 0x78, 0x78, 0x78, 0x78,
    0x78, 0x78, 0x78, 0x78, 0xF0, 0xF0, 0x3F, 0xC0, 0x3F, 0xC0, 0x1F, 0xF8, 0x3F, 0xF0, 0x3F, 0x3C,
    0x3F, 0x3C, 0x3C, 0x3C, 0x3C, 0x3C, 0x3F, 0xF0, 0x7F, 0xE0, 0x78, 0x00, 0x78, 0x00, 0x78, 0x00,
    0x78, 0x00, 0x00, 0x00, 0x0F, 0xFC, 0x1F, 0xF8, 0x79, 0xF8, 0x79, 0xF8, 0x78, 0x78, 0x78, 0x78,
    0x1F, 0xF8, 0x3F, 0xF0, 0x00, 0xF0, 0x00, 0xF0, 0x00, 0xF0, 0x00, 0xF0, 0x00, 0x00, 0x3F, 0xF0,
    0x7F, 0xE0, 0x7E, 0x78, 0x7E, 0x78, 0x78, 0x00, 0x78, 0x00, 0x78, 0x00, 0xF0, 0x00, 0xF0, 0x00,
    0xF0, 0x00, 0x0F, 0xFC, 0x1F, 0xF8, 0x78, 0x00, 0x78, 0x00, 0x1F, 0xE0, 0x1F, 0xE0, 0x00, 0x78,
    0x00, 0xF0, 0xFF, 0xC0, 0xFF, 0xC0, 0x1E, 0x00, 0x1E, 0x00, 0x1E, 0x00, 0x1E, 0x00, 0x7F, 0x80,
    0xFF, 0x00, 0x3C, 0x00, 0x3C, 0x00, 0x3C, 0x00, 0x3C, 0x00, 0x3C, 0x00, 0x78, 0x00, 0x1E, 0x00,
    0x1E, 0x00, 0x3C, 0x3C, 0x78, 0x78, 0x78, 0x78, 0x78, 0x78, 0x78, 0x78, 0x78, 0x78, 0x78, 0x78,
    0xF0, 0xF0, 0x3F, 0xF0, 0x3F, 0xF0, 0x3C, 0x3C, 0x78, 0x78, 0x78, 0x78, 0x78, 0x78, 0x78, 0x78,
    0x78, 0x78, 0x1F, 0xE0, 0x3F, 0xC0, 0x0F, 0x00, 0x0F, 0x00, 0x3C, 0x3C, 0x78, 0x78, 0x78, 0x78,
    0x78, 0x78, 0x7F, 0xF8, 0x7F, 0xF8, 0x7F, 0xF8, 0xFF, 0xF0, 0x3F, 0xF0, 0x3F, 0xF0, 0x3C, 0x3C,
    0x78, 0x78, 0x1F, 0xE0, 0x1F, 0xE0, 0x07, 0x80, 0x07, 0x80, 0x1F, 0xE0, 0x3F, 0xC0, 0xF0, 0xF0,
    0xF0, 0xF0, 0x1E, 0x1E, 0x3C, 0x3C, 0x3C, 0x3C, 0x3C, 0x3C, 0x3C, 0x3C, 0x3C, 0x3C, 0x0F, 0xFC,
    0x1F, 0xF8, 0x00, 0x78, 0x00, 0x78, 0x7F, 0xE0, 0x7F, 0xE0, 0x00, 0x00, 0x3F, 0xFC, 0x7F, 0xF8,
    0x01, 0xE0, 0x01, 0xE0, 0x07, 0x80, 0x07, 0x80, 0x1E, 0x00, 0x3C, 0x00, 0xFF, 0xF0, 0xFF, 0xF0,
    0x07, 0x80, 0x07, 0x80, 0x1E, 0x00, 0x1E, 0x00, 0x1E, 0x00, 0x3C, 0x00, 0xF0, 0x00, 0xF0, 0x00,
    0x3C, 0x00, 0x3C, 0x00, 0x3C, 0x00, 0x78, 0x00, 0x1E, 0x00, 0x1E, 0x00, 0x3C, 0x3C, 0x3C, 0x3C,
    0x3C, 0x78, 0x78, 0x78, 0x78, 0x78, 0x78, 0xF0, 0xF0, 0xF0, 0x3C, 0x00, 0x3C, 0x00, 0x0F, 0x00,
    0x0F, 0x00, 0x0F, 0x00, 0x1E, 0x00, 0x07, 0x80, 0x07, 0x80, 0x1E, 0x00, 0x1E, 0x00, 0x1E, 0x00,
    0x3C, 0x00, 0xF0, 0x00, 0xF0, 0x00, 0x1F, 0x9E, 0x1F, 0x9E, 0x79, 0xF8, 0x79, 0xF8, 0x00, 0x00,
};

inline constexpr FontGlyph minecraftstandardboldoblique_12_glyphs[] = {
    {0, 0, 0, 0, 0, 6},
    {0, 7, 14, 0, 6, 6},
    {14, 10, 5, 1, 6, 10},
    {24, 14, 14, 0, 6, 14},
    {52, 15, 14, 0, 6, 14},
    {80, 15, 14, 0, 6, 14},
    {108, 14, 14, 0, 6, 14},
    {136, 6, 5, 1, 6, 6},
    {141, 11, 14, 0, 6, 10},
    {169, 10, 14, 0, 6, 10},
    {197, 10, 7, 1, 6, 10},
    {211, 13, 10, 1, 8, 14},
    {231, 6, 5, -1, 18, 6},
    {236, 13, 3, 1, 12, 14},
    {242, 5, 2, 0, 18, 6},
    {244, 15, 14, 0, 6, 14},
    {272, 15, 14, 0, 6, 14},
    {300, 13, 14, 0, 6, 14},
    {328, 15, 14, 0, 6, 14},
    {356, 15, 14, 0, 6, 14},
    {384, 15, 14, 0, 6, 14},
    {412, 15, 14, 0, 6, 14},
    {440, 14, 14, 0, 6, 14},
    {468, 14, 14, 1, 6, 14},
    {496, 15, 14, 0, 6, 14},
    {524, 14, 14, 1, 6, 14},
    {552, 6, 10, 0, 10, 6},
    {562, 7, 13, -1, 10, 6},
    {575, 12, 14, 1, 6, 12},
    {603, 14, 7, 0, 10, 14},
    {617, 12, 14, 0, 6, 12},
    {645, 14, 14, 1, 6, 14},
    {673, 16, 14, 0, 8, 16},
    {701, 15, 14, 0, 6, 14},
    {729, 15, 14, 0, 6, 14},
    {757, 15, 14, 0, 6, 14},
    {785, 15, 14, 0, 6, 14},
    {813, 15, 14, 0, 6, 14},
    {841, 15, 14, 0, 6, 14},
    {869, 15, 14, 0, 6, 14},
    {897, 15, 14, 0, 6, 14},
    {925, 11, 14, 0, 6, 10},
    {953, 15, 14, 0, 6, 14},
    {981, 15, 14, 0, 6, 14},
    {1009, 13, 14, 0, 6, 14},
    {1037, 15, 14, 0, 6, 14},
    {1065, 15, 14, 0, 6, 14},
    {1093, 15, 14, 0, 6, 14},
    {1121, 15, 14, 0, 6, 14},
    {1149, 15, 14, 0, 6, 14},
    {1177, 15, 14, 0, 6, 14},
    {1205, 15, 14, 0, 6, 14},
    {1233, 13, 14, 2, 6, 14},
    {1261, 15, 14, 0, 6, 14},
    {1289, 14, 14, 1, 6, 14},
    {1317, 15, 14, 0, 6, 14},
    {1345, 15, 14, 0, 6, 14},
    {1373, 13, 14, 2, 6, 14},
    {1401, 15, 14, 0, 6, 14},
    {1429, 11, 14, 0, 6, 10},
    {1457, 11, 14, 2, 6, 14},
    {1485, 11, 14, 0, 6, 10},
    {1513, 13, 6, 1, 6, 14},
    {1525, 13, 2, -1, 20, 14},
    {1529, 7, 5, 2, 6, 8},
    {1534, 14, 10, 0, 10, 14},
    {1554, 14, 14, 0, 6, 14},
    {1582, 14, 10, 0, 10, 14},
    {1602, 15, 14, 0, 6, 14},
    {1630, 14, 10, 0, 10, 14},
    {1650, 12, 14, 1, 6, 12},
    {1678, 15, 13, -1, 10, 14},
    {1704, 14, 14, 0, 6, 14},
    {1732, 7, 14, 0, 6, 6},
    {1746, 15, 17, 0, 6, 14},
    {1780, 12, 14, 0, 6, 12},
    {1808, 7, 14, 0, 6, 8},
    {1822, 14, 10, 0, 10, 14},
    {1842, 14, 10, 0, 10, 14},
    {1862, 14, 10, 0, 10, 14},
    {1882, 15, 13, -1, 10, 14},
    {1908, 14, 13, 0, 10, 14},
    {1934, 14, 10, 0, 10, 14},
    {1954, 14, 10, 0, 10, 14},
    {1974, 9, 14, 1, 6, 10},
    {2002, 14, 10, 0, 10, 14},
    {2022, 14, 10, 0, 10, 14},
    {2042, 14, 10, 0, 10, 14},
    {2062, 14, 10, 0, 10, 14},
    {2082, 15, 13, -1, 10, 14},
    {2108, 14, 10, 0, 10, 14},
    {2128, 10, 14, 1, 6, 10},
    {2156, 7, 14, 0, 6, 6},
    {2170, 10, 14, 0, 6, 10},
    {2198, 16, 5, 1, 6, 16},
};

inline constexpr FontAsset minecraftstandardboldoblique_12{12, 24, 32, 126, minecraftstandardboldoblique_12_glyphs, minecraftstandardboldoblique_12_bitmap, sizeof(minecraftstandardboldoblique_12_bitmap)};

inline constexpr std::uint8_t minecraftstandardoblique_6_bitmap[] = {
    0x40, 0x40, 0x40, 0x40, 0x80, 0x00, 0x80, 0x50, 0x50, 0x00, 0x28, 0x28, 0x7C, 0x28, 0xF8, 0x50,
    0x50, 0x10, 0x3C, 0x40, 0x38, 0x08, 0xF0, 0x20, 0x44, 0x48, 0x08, 0x10, 0x40, 0x48, 0x88, 0x10,
    0x28, 0x10, 0x34, 0xB0, 0x90, 0x68, 0x40, 0x40, 0x00, 0x10, 0x20, 0x40, 0x40, 0x80, 0x40, 0x20,
    0x40, 0x20, 0x10, 0x10, 0x20, 0x40, 0x80, 0x50, 0x20, 0x50, 0x00, 0x10, 0x10, 0x7C, 0x20, 0x20,
    0x40, 0x40, 0x00, 0x7C, 0x00, 0x80, 0x04, 0x08, 0x08, 0x10, 0x40, 0x40, 0x80, 0x38, 0x44, 0x4C,
    0x54, 0xC8, 0x88, 0x70, 0x10, 0x30, 0x10, 0x10, 0x20, 0x20, 0xF8, 0x38, 0x44, 0x04, 0x18, 0x40,
    0x88, 0xF8, 0x38, 0x44, 0x04, 0x18, 0x08, 0x88, 0x70, 0x0C, 0x14, 0x24, 0x44, 0xF8, 0x08, 0x08,
    0x7C, 0x40, 0x78, 0x04, 0x08, 0x88, 0x70, 0x18, 0x20, 0x40, 0x78, 0x88, 0x88, 0x70, 0x7C, 0x44,
    0x04, 0x08, 0x20, 0x20, 0x20, 0x38, 0x44, 0x44, 0x38, 0x88, 0x88, 0x70, 0x38, 0x44, 0x44, 0x3C,
    0x08, 0x10, 0x60, 0x40, 0x00, 0x00, 0x00, 0x80, 0x20, 0x00, 0x00, 0x00, 0x40, 0x40, 0x00, 0x08,
    0x10, 0x20, 0x40, 0x40, 0x20, 0x10, 0x7C, 0x00, 0xF8, 0x00, 0x40, 0x20, 0x10, 0x08, 0x20, 0x40,
    0x80, 0x38, 0x44, 0x04, 0x08, 0x20, 0x00, 0x20, 0x3C, 0x42, 0x5A, 0xA4, 0xBC, 0x80, 0x78, 0x00,
    0x38, 0x44, 0x7C, 0x44, 0x88, 0x88, 0x88, 0x78, 0x44, 0x78, 0x44, 0x88, 0x88, 0xF0, 0x38, 0x44,
    0x40, 0x40, 0x80, 0x88, 0x70, 0x78, 0x44, 0x44, 0x44, 0x88, 0x88, 0xF0, 0x7C, 0x40, 0x70, 0x40,
    0x80, 0x80, 0xF8, 0x7C, 0x40, 0x70, 0x40, 0x80, 0x80, 0x80, 0x3C, 0x40, 0x4C, 0x44, 0x88, 0x88,
    0x70, 0x44, 0x44, 0x7C, 0x44, 0x88, 0x88, 0x88, 0x70, 0x20, 0x20, 0x20, 0x40, 0x40, 0xE0, 0x04,
    0x04, 0x04, 0x04, 0x08, 0x88, 0x70, 0x44, 0x48, 0x70, 0x48, 0x88, 0x88, 0x88, 0x40, 0x40, 0x40,
    0x40, 0x80, 0x80, 0xF8, 0x44, 0x6C, 0x54, 0x44, 0x88, 0x88, 0x88, 0x44, 0x64, 0x54, 0x4C, 0x88,
    0x88, 0x88, 0x38, 0x44, 0x44, 0x44, 0x88, 0x88, 0x70, 0x78, 0x44, 0x78, 0x40, 0x80, 0x80, 0x80,
    0x38, 0x44, 0x44, 0x44, 0x88, 0x90, 0x68, 0x78, 0x44, 0x78, 0x44, 0x88, 0x88, 0x88, 0x3C, 0x40,
    0x38, 0x04, 0x08, 0x88, 0x70, 0xF8, 0x20, 0x20, 0x20, 0x40, 0x40, 0x40, 0x44, 0x44, 0x44, 0x44,
    0x88, 0x88, 0x70, 0x44, 0x44, 0x44, 0x44, 0x50, 0x50, 0x20, 0x44, 0x44, 0x44, 0x44, 0xA8, 0xD8,
    0x88, 0x44, 0x28, 0x10, 0x28, 0x88, 0x88, 0x88, 0x88, 0x50, 0x20, 0x20, 0x40, 0x40, 0x40, 0x7C,
    0x04, 0x08, 0x10, 0x40, 0x80, 0xF8, 0x70, 0x40, 0x40, 0x40, 0x80, 0x80, 0xE0, 0x80, 0x40, 0x40,
    0x20, 0x20, 0x20, 0x10, 0x70, 0x10, 0x10, 0x10, 0x20, 0x20, 0xE0, 0x10, 0x28, 0x44, 0x00, 0x7C,
    0x80, 0x40, 0x00, 0x38, 0x04, 0x78, 0x88, 0x78, 0x40, 0x40, 0x58, 0x64, 0x88, 0x88, 0xF0, 0x38,
    0x44, 0x80, 0x88, 0x70, 0x04, 0x04, 0x34, 0x4C, 0x88, 0x88, 0x78, 0x38, 0x44, 0xF8, 0x80, 0x78,
    0x18, 0x20, 0x78, 0x20, 0x40, 0x40, 0x40, 0x1E, 0x22, 0x44, 0x3C, 0x04, 0x78, 0x00, 0x40, 0x40,
    0x58, 0x64, 0x88, 0x88, 0x88, 0x40, 0x00, 0x40, 0x40, 0x80, 0x80, 0x80, 0x04, 0x00, 0x04, 0x04,
    0x08, 0x88, 0x88, 0x70, 0x00, 0x40, 0x40, 0x48, 0x50, 0xC0, 0xA0, 0x90, 0x40, 0x40, 0x40, 0x40,
    0x80, 0x80, 0x40, 0x68, 0x54, 0xA8, 0x88, 0x88, 0x78, 0x44, 0x88, 0x88, 0x88, 0x38, 0x44, 0x88,
    0x88, 0x70, 0x2C, 0x32, 0x44, 0x78, 0x40, 0x40, 0x00, 0x34, 0x4C, 0x88, 0x78, 0x08, 0x08, 0x00,
    0x58, 0x64, 0x80, 0x80, 0x80, 0x3C, 0x40, 0x70, 0x08, 0xF0, 0x20, 0x20, 0x70, 0x20, 0x40, 0x40,
    0x20, 0x44, 0x44, 0x88, 0x88, 0x78, 0x44, 0x44, 0x88, 0x50, 0x20, 0x44, 0x44, 0xA8, 0xA8, 0x78,
    0x44, 0x28, 0x20, 0x50, 0x88, 0x22, 0x22, 0x44, 0x3C, 0x04, 0x78, 0x00, 0x7C, 0x08, 0x20, 0x40,
    0xF8, 0x10, 0x20, 0x20, 0x40, 0x40, 0x40, 0x20, 0x40, 0x40, 0x40, 0x40, 0x80, 0x80, 0x80, 0x40,
    0x20, 0x20, 0x10, 0x40, 0x40, 0x80, 0x32, 0x4C, 0x00,
};

inline constexpr FontGlyph minecraftstandardoblique_6_glyphs[] = {
    {0, 0, 0, 0, 0, 3},
    {0, 3, 7, 0, 3, 2},
    {7, 5, 3, 0, 3, 4},
    {10, 6, 7, 0, 3, 6},
    {17, 7, 7, 0, 3, 6},
    {24, 7, 7, 0, 3, 6},
    {31, 6, 7, 0, 3, 6},
    {38, 3, 3, 0, 3, 2},
    {41, 5, 7, 0, 3, 4},
    {48, 4, 7, 0, 3, 4},
    {55, 5, 4, 0, 3, 4},
    {59, 6, 5, 0, 4, 6},
    {64, 3, 3, -1, 9, 2},
    {67, 6, 2, 0, 6, 6},
    {69, 2, 1, 0, 9, 2},
    {70, 7, 7, 0, 3, 6},
    {77, 7, 7, 0, 3, 6},
    {84, 6, 7, 0, 3, 6},
    {91, 7, 7, 0, 3, 6},
    {98, 7, 7, 0, 3, 6},
    {105, 7, 7, 0, 3, 6},
    {112, 7, 7, 0, 3, 6},
    {119, 6, 7, 0, 3, 6},
    {126, 7, 7, 0, 3, 6},
    {133, 7, 7, 0, 3, 6},
    {140, 7, 7, 0, 3, 6},
    {147, 2, 5, 0, 5, 2},
    {152, 3, 7, -1, 5, 2},
    {159, 6, 7, 0, 3, 5},
    {166, 6, 4, 0, 5, 6},
    {170, 5, 7, 0, 3, 5},
    {177, 7, 7, 0, 3, 6},
    {184, 7, 8, 0, 4, 7},
    {192, 7, 7, 0, 3, 6},
    {199, 7, 7, 0, 3, 6},
    {206, 7, 7, 0, 3, 6},
    {213, 7, 7, 0, 3, 6},
    {220, 7, 7, 0, 3, 6},
    {227, 7, 7, 0, 3, 6},
    {234, 7, 7, 0, 3, 6},
    {241, 7, 7, 0, 3, 6},
    {248, 5, 7, 0, 3, 4},
    {255, 7, 7, 0, 3, 6},
    {262, 7, 7, 0, 3, 6},
    {269, 6, 7, 0, 3, 6},
    {276, 7, 7, 0, 3, 6},
    {283, 7, 7, 0, 3, 6},
    {290, 7, 7, 0, 3, 6},
    {297, 7, 7, 0, 3, 6},
    {304, 7, 7, 0, 3, 6},
    {311, 7, 7, 0, 3, 6},
    {318, 7, 7, 0, 3, 6},
    {325, 6, 7, 1, 3, 6},
    {332, 7, 7, 0, 3, 6},
    {339, 7, 7, 0, 3, 6},
    {346, 7, 7, 0, 3, 6},
    {353, 7, 7, 0, 3, 6},
    {360, 6, 7, 1, 3, 6},
    {367, 7, 7, 0, 3, 6},
    {374, 5, 7, 0, 3, 4},
    {381, 5, 7, 1, 3, 6},
    {388, 5, 7, 0, 3, 4},
    {395, 6, 4, 0, 3, 6},
    {399, 6, 1, -1, 11, 6},
    {400, 3, 3, 1, 3, 3},
    {403, 6, 5, 0, 5, 6},
    {408, 6, 7, 0, 3, 6},
    {415, 6, 5, 0, 5, 6},
    {420, 7, 7, 0, 3, 6},
    {427, 6, 5, 0, 5, 6},
    {432, 6, 7, 0, 3, 5},
    {439, 7, 7, -1, 5, 6},
    {446, 6, 7, 0, 3, 6},
    {453, 3, 7, 0, 3, 2},
    {460, 7, 9, 0, 3, 6},
    {469, 5, 7, 0, 3, 5},
    {476, 3, 7, 0, 3, 3},
    {483, 6, 5, 0, 5, 6},
    {488, 6, 5, 0, 5, 6},
    {493, 6, 5, 0, 5, 6},
    {498, 7, 7, -1, 5, 6},
    {505, 6, 7, 0, 5, 6},
    {512, 6, 5, 0, 5, 6},
    {517, 6, 5, 0, 5, 6},
    {522, 4, 7, 0, 3, 4},
    {529, 6, 5, 0, 5, 6},
    {534, 6, 5, 0, 5, 6},
    {539, 6, 5, 0, 5, 6},
    {544, 6, 5, 0, 5, 6},
    {549, 7, 7, -1, 5, 6},
    {556, 6, 5, 0, 5, 6},
    {561, 5, 7, 0, 3, 4},
    {568, 3, 7, 0, 3, 2},
    {575, 4, 7, 0, 3, 4},
    {582, 8, 3, 0, 3, 7},
};

inline constexpr FontAsset minecraftstandardoblique_6{6, 12, 32, 126, minecraftstandardoblique_6_glyphs, minecraftstandardoblique_6_bitmap, sizeof(minecraftstandardoblique_6_bitmap)};

inline constexpr std::uint8_t minecraftstandardoblique_6_tight_bitmap[] = {
    0x40, 0x40, 0x40, 0x40, 0x80, 0x00, 0x80, 0x50, 0x50, 0x00, 0x28, 0x28, 0x7C, 0x28, 0xF8, 0x50,
    0x50, 0x10, 0x3C, 0x40, 0x38, 0x08, 0xF0, 0x20, 0x44, 0x48, 0x08, 0x10, 0x40, 0x48, 0x88, 0x10,
    0x28, 0x10, 0x34, 0xB0, 0x90, 0x68, 0x40, 0x40, 0x00, 0x10, 0x20, 0x40, 0x40, 0x80, 0x40, 0x20,
    0x40, 0x20, 0x10, 0x10, 0x20, 0x40, 0x80, 0x50, 0x20, 0x50, 0x00, 0x10, 0x10, 0x7C, 0x20, 0x20,
    0x40, 0x40, 0x00, 0x7C, 0x00, 0x80, 0x04, 0x08, 0x08, 0x10, 0x40, 0x40, 0x80, 0x38, 0x44, 0x4C,
    0x54, 0xC8, 0x88, 0x70, 0x10, 0x30, 0x10, 0x10, 0x20, 0x20, 0xF8, 0x38, 0x44, 0x04, 0x18, 0x40,
    0x88, 0xF8, 0x38, 0x44, 0x04, 0x18, 0x08, 0x88, 0x70, 0x0C, 0x14, 0x24, 0x44, 0xF8, 0x08, 0x08,
    0x7C, 0x40, 0x78, 0x04, 0x08, 0x88, 0x70, 0x18, 0x20, 0x40, 0x78, 0x88, 0x88, 0x70, 0x7C, 0x44,
    0x04, 0x08, 0x20, 0x20, 0x20, 0x38, 0x44, 0x44, 0x38, 0x88, 0x88, 0x70, 0x38, 0x44, 0x44, 0x3C,
    0x08, 0x10, 0x60, 0x40, 0x00, 0x00, 0x00, 0x80, 0x20, 0x00, 0x00, 0x00, 0x40, 0x40, 0x00, 0x08,
    0x10, 0x20, 0x40, 0x40, 0x20, 0x10, 0x7C, 0x00, 0xF8, 0x00, 0x40, 0x20, 0x10, 0x08, 0x20, 0x40,
    0x80, 0x38, 0x44, 0x04, 0x08, 0x20, 0x00, 0x20, 0x3C, 0x42, 0x5A, 0xA4, 0xBC, 0x80, 0x78, 0x00,
    0x38, 0x44, 0x7C, 0x44, 0x88, 0x88, 0x88, 0x78, 0x44, 0x78, 0x44, 0x88, 0x88, 0xF0, 0x38, 0x44,
    0x40, 0x40, 0x80, 0x88, 0x70, 0x78, 0x44, 0x44, 0x44, 0x88, 0x88, 0xF0, 0x7C, 0x40, 0x70, 0x40,
    0x80, 0x80, 0xF8, 0x7C, 0x40, 0x70, 0x40, 0x80, 0x80, 0x80, 0x3C, 0x40, 0x4C, 0x44, 0x88, 0x88,
    0x70, 0x44, 0x44, 0x7C, 0x44, 0x88, 0x88, 0x88, 0x70, 0x20, 0x20, 0x20, 0x40, 0x40, 0xE0, 0x04,
    0x04, 0x04, 0x04, 0x08, 0x88, 0x70, 0x44, 0x48, 0x70, 0x48, 0x88, 0x88, 0x88, 0x40, 0x40, 0x40,
    0x40, 0x80, 0x80, 0xF8, 0x44, 0x6C, 0x54, 0x44, 0x88, 0x88, 0x88, 0x44, 0x64, 0x54, 0x4C, 0x88,
    0x88, 0x88, 0x38, 0x44, 0x44, 0x44, 0x88, 0x88, 0x70, 0x78, 0x44, 0x78, 0x40, 0x80, 0x80, 0x80,
    0x38, 0x44, 0x44, 0x44, 0x88, 0x90, 0x68, 0x78, 0x44, 0x78, 0x44, 0x88, 0x88, 0x88, 0x3C, 0x40,
    0x38, 0x04, 0x08, 0x88, 0x70, 0xF8, 0x20, 0x20, 0x20, 0x40, 0x40, 0x40, 0x44, 0x44, 0x44, 0x44,
    0x88, 0x88, 0x70, 0x44, 0x44, 0x44, 0x44, 0x50, 0x50, 0x20, 0x44, 0x44, 0x44, 0x44, 0xA8, 0xD8,
    0x88, 0x44, 0x28, 0x10, 0x28, 0x88, 0x88, 0x88, 0x88, 0x50, 0x20, 0x20, 0x40, 0x40, 0x40, 0x7C,
    0x04, 0x08, 0x10, 0x40, 0x80, 0xF8, 0x70, 0x40, 0x40, 0x40, 0x80, 0x80, 0xE0, 0x80, 0x40, 0x40,
    0x20, 0x20, 0x20, 0x10, 0x70, 0x10, 0x10, 0x10, 0x20, 0x20, 0xE0, 0x10, 0x28, 0x44, 0x00, 0x7C,
    0x80, 0x40, 0x00, 0x38, 0x04, 0x78, 0x88, 0x78, 0x40, 0x40, 0x58, 0x64, 0x88, 0x88, 0xF0, 0x38,
    0x44, 0x80, 0x88, 0x70, 0x04, 0x04, 0x34, 0x4C, 0x88, 0x88, 0x78, 0x38, 0x44, 0xF8, 0x80, 0x78,
    0x18, 0x20, 0x78, 0x20, 0x40, 0x40, 0x40, 0x1E, 0x22, 0x44, 0x3C, 0x04, 0x78, 0x00, 0x40, 0x40,
    0x58, 0x64, 0x88, 0x88, 0x88, 0x40, 0x00, 0x40, 0x40, 0x80, 0x80, 0x80, 0x04, 0x00, 0x04, 0x04,
    0x08, 0x88, 0x88, 0x70, 0x00, 0x40, 0x40, 0x48, 0x50, 0xC0, 0xA0, 0x90, 0x40, 0x40, 0x40, 0x40,
    0x80, 0x80, 0x40, 0x68, 0x54, 0xA8, 0x88, 0x88, 0x78, 0x44, 0x88, 0x88, 0x88, 0x38, 0x44, 0x88,
    0x88, 0x70, 0x2C, 0x32, 0x44, 0x78, 0x40, 0x40, 0x00, 0x34, 0x4C, 0x88, 0x78, 0x08, 0x08, 0x00,
    0x58, 0x64, 0x80, 0x80, 0x80, 0x3C, 0x40, 0x70, 0x08, 0xF0, 0x20, 0x20, 0x70, 0x20, 0x40, 0x40,
    0x20, 0x44, 0x44, 0x88, 0x88, 0x78, 0x44, 0x44, 0x88, 0x50, 0x20, 0x44, 0x44, 0xA8, 0xA8, 0x78,
    0x44, 0x28, 0x20, 0x50, 0x88, 0x22, 0x22, 0x44, 0x3C, 0x04, 0x78, 0x00, 0x7C, 0x08, 0x20, 0x40,
    0xF8, 0x10, 0x20, 0x20, 0x40, 0x40, 0x40, 0x20, 0x40, 0x40, 0x40, 0x40, 0x80, 0x80, 0x80, 0x40,
    0x20, 0x20, 0x10, 0x40, 0x40, 0x80, 0x32, 0x4C, 0x00,
};

inline constexpr FontGlyph minecraftstandardoblique_6_tight_glyphs[] = {
    {0, 0, 0, 0, -3, 3},
    {0, 3, 7, 0, 0, 2},
    {7, 5, 3, 0, 0, 4},
    {10, 6, 7, 0, 0, 6},
    {17, 7, 7, 0, 0, 6},
    {24, 7, 7, 0, 0, 6},
    {31, 6, 7, 0, 0, 6},
    {38, 3, 3, 0, 0, 2},
    {41, 5, 7, 0, 0, 4},
    {48, 4, 7, 0, 0, 4},
    {55, 5, 4, 0, 0, 4},
    {59, 6, 5, 0, 1, 6},
    {64, 3, 3, -1, 6, 2},
    {67, 6, 2, 0, 3, 6},
    {69, 2, 1, 0, 6, 2},
    {70, 7, 7, 0, 0, 6},
    {77, 7, 7, 0, 0, 6},
    {84, 6, 7, 0, 0, 6},
    {91, 7, 7, 0, 0, 6},
    {98, 7, 7, 0, 0, 6},
    {105, 7, 7, 0, 0, 6},
    {112, 7, 7, 0, 0, 6},
    {119, 6, 7, 0, 0, 6},
    {126, 7, 7, 0, 0, 6},
    {133, 7, 7, 0, 0, 6},
    {140, 7, 7, 0, 0, 6},
    {147, 2, 5, 0, 2, 2},
    {152, 3, 7, -1, 2, 2},
    {159, 6, 7, 0, 0, 5},
    {166, 6, 4, 0, 2, 6},
    {170, 5, 7, 0, 0, 5},
    {177, 7, 7, 0, 0, 6},
    {184, 7, 8, 0, 1, 7},
    {192, 7, 7, 0, 0, 6},
    {199, 7, 7, 0, 0, 6},
    {206, 7, 7, 0, 0, 6},
    {213, 7, 7, 0, 0, 6},
    {220, 7, 7, 0, 0, 6},
    {227, 7, 7, 0, 0, 6},
    {234, 7, 7, 0, 0, 6},
    {241, 7, 7, 0, 0, 6},
    {248, 5, 7, 0, 0, 4},
    {255, 7, 7, 0, 0, 6},
    {262, 7, 7, 0, 0, 6},
    {269, 6, 7, 0, 0, 6},
    {276, 7, 7, 0, 0, 6},
    {283, 7, 7, 0, 0, 6},
    {290, 7, 7, 0, 0, 6},
    {297, 7, 7, 0, 0, 6},
    {304, 7, 7, 0, 0, 6},
    {311, 7, 7, 0, 0, 6},
    {318, 7, 7, 0, 0, 6},
    {325, 6, 7, 1, 0, 6},
    {332, 7, 7, 0, 0, 6},
    {339, 7, 7, 0, 0, 6},
    {346, 7, 7, 0, 0, 6},
    {353, 7, 7, 0, 0, 6},
    {360, 6, 7, 1, 0, 6},
    {367, 7, 7, 0, 0, 6},
    {374, 5, 7, 0, 0, 4},
    {381, 5, 7, 1, 0, 6},
    {388, 5, 7, 0, 0, 4},
    {395, 6, 4, 0, 0, 6},
    {399, 6, 1, -1, 8, 6},
    {400, 3, 3, 1, 0, 3},
    {403, 6, 5, 0, 2, 6},
    {408, 6, 7, 0, 0, 6},
    {415, 6, 5, 0, 2, 6},
    {420, 7, 7, 0, 0, 6},
    {427, 6, 5, 0, 2, 6},
    {432, 6, 7, 0, 0, 5},
    {439, 7, 7, -1, 2, 6},
    {446, 6, 7, 0, 0, 6},
    {453, 3, 7, 0, 0, 2},
    {460, 7, 9, 0, 0, 6},
    {469, 5, 7, 0, 0, 5},
    {476, 3, 7, 0, 0, 3},
    {483, 6, 5, 0, 2, 6},
    {488, 6, 5, 0, 2, 6},
    {493, 6, 5, 0, 2, 6},
    {498, 7, 7, -1, 2, 6},
    {505, 6, 7, 0, 2, 6},
    {512, 6, 5, 0, 2, 6},
    {517, 6, 5, 0, 2, 6},
    {522, 4, 7, 0, 0, 4},
    {529, 6, 5, 0, 2, 6},
    {534, 6, 5, 0, 2, 6},
    {539, 6, 5, 0, 2, 6},
    {544, 6, 5, 0, 2, 6},
    {549, 7, 7, -1, 2, 6},
    {556, 6, 5, 0, 2, 6},
    {561, 5, 7, 0, 0, 4},
    {568, 3, 7, 0, 0, 2},
    {575, 4, 7, 0, 0, 4},
    {582, 8, 3, 0, 0, 7},
};

inline constexpr FontAsset minecraftstandardoblique_6_tight{6, 9, 32, 126, minecraftstandardoblique_6_tight_glyphs, minecraftstandardoblique_6_tight_bitmap, sizeof(minecraftstandardoblique_6_tight_bitmap)};

inline constexpr std::uint8_t minecraftstandardoblique_12_bitmap[] = {
    0x30, 0x30, 0x30, 0x30, 0x30, 0x60, 0x60, 0x60, 0x60, 0x60, 0x00, 0x00, 0xC0, 0xC0, 0x66, 0x66,
    0x66, 0x66, 0x00, 0x0C, 0xC0, 0x0C, 0xC0, 0x0C, 0xC0, 0x0C, 0xC0, 0x3F, 0xF0, 0x7F, 0xE0, 0x19,
    0x80, 0x19, 0x80, 0x7F, 0xE0, 0x7F, 0xE0, 0x19, 0x80, 0x33, 0x00, 0x33, 0x00, 0x33, 0x00, 0x03,
    0x00, 0x03, 0x00, 0x0F, 0xF0, 0x0F, 0xF0, 0x30, 0x00, 0x60, 0x00, 0x1F, 0x80, 0x1F, 0x80, 0x00,
    0x60, 0x00, 0x60, 0x7F, 0x80, 0xFF, 0x00, 0x0C, 0x00, 0x0C, 0x00, 0x30, 0x30, 0x30, 0x30, 0x30,
    0xC0, 0x30, 0xC0, 0x00, 0xC0, 0x01, 0x80, 0x06, 0x00, 0x06, 0x00, 0x18, 0x00, 0x18, 0x00, 0x18,
    0x60, 0x30, 0xC0, 0xC0, 0xC0, 0xC0, 0xC0, 0x03, 0x00, 0x03, 0x00, 0x0C, 0xC0, 0x0C, 0xC0, 0x03,
    0x00, 0x06, 0x00, 0x1E, 0x60, 0x1E, 0x60, 0x67, 0x80, 0x67, 0x80, 0x61, 0x80, 0xC3, 0x00, 0x3C,
    0xC0, 0x3C, 0xC0, 0x60, 0x60, 0x60, 0x60, 0x00, 0x03, 0x00, 0x03, 0x00, 0x0C, 0x00, 0x0C, 0x00,
    0x30, 0x00, 0x60, 0x00, 0x60, 0x00, 0x60, 0x00, 0x60, 0x00, 0x60, 0x00, 0x18, 0x00, 0x30, 0x00,
    0x0C, 0x00, 0x0C, 0x00, 0x30, 0x30, 0x0C, 0x0C, 0x03, 0x06, 0x06, 0x06, 0x06, 0x06, 0x18, 0x30,
    0xC0, 0xC0, 0x66, 0x66, 0x18, 0x18, 0x66, 0xCC, 0x00, 0x06, 0x00, 0x06, 0x00, 0x06, 0x00, 0x0C,
    0x00, 0xFF, 0xC0, 0xFF, 0xC0, 0x0C, 0x00, 0x0C, 0x00, 0x0C, 0x00, 0x18, 0x00, 0x60, 0x60, 0x60,
    0x60, 0x00, 0xFF, 0xC0, 0xFF, 0xC0, 0x00, 0x00, 0xC0, 0xC0, 0x00, 0x30, 0x00, 0x30, 0x00, 0xC0,
    0x00, 0xC0, 0x00, 0xC0, 0x01, 0x80, 0x06, 0x00, 0x06, 0x00, 0x18, 0x00, 0x18, 0x00, 0x18, 0x00,
    0x30, 0x00, 0xC0, 0x00, 0xC0, 0x00, 0x0F, 0xC0, 0x0F, 0xC0, 0x30, 0x30, 0x30, 0x30, 0x30, 0xF0,
    0x61, 0xE0, 0x66, 0x60, 0x66, 0x60, 0x78, 0x60, 0x78, 0x60, 0x60, 0x60, 0xC0, 0xC0, 0x3F, 0x00,
    0x3F, 0x00, 0x03, 0x00, 0x03, 0x00, 0x0F, 0x00, 0x0F, 0x00, 0x03, 0x00, 0x06, 0x00, 0x06, 0x00,
    0x06, 0x00, 0x06, 0x00, 0x06, 0x00, 0x06, 0x00, 0x0C, 0x00, 0xFF, 0xC0, 0xFF, 0xC0, 0x0F, 0xC0,
    0x0F, 0xC0, 0x30, 0x30, 0x30, 0x30, 0x00, 0x30, 0x00, 0x60, 0x07, 0x80, 0x07, 0x80, 0x18, 0x00,
    0x18, 0x00, 0x60, 0x60, 0xC0, 0xC0, 0xFF, 0xC0, 0xFF, 0xC0, 0x0F, 0xC0, 0x0F, 0xC0, 0x30, 0x30,
    0x30, 0x30, 0x00, 0x30, 0x00, 0x60, 0x07, 0x80, 0x07, 0x80, 0x00, 0x60, 0x00, 0x60, 0x60, 0x60,
    0xC0, 0xC0, 0x3F, 0x00, 0x3F, 0x00, 0x00, 0xF0, 0x00, 0xF0, 0x03, 0x30, 0x03, 0x30, 0x0C, 0x30,
    0x18, 0x60, 0x60, 0x60, 0x60, 0x60, 0x7F, 0xE0, 0x7F, 0xE0, 0x00, 0x60, 0x00, 0xC0, 0x00, 0xC0,
    0x00, 0xC0, 0x3F, 0xF0, 0x3F, 0xF0, 0x30, 0x00, 0x30, 0x00, 0x3F, 0xC0, 0x7F, 0x80, 0x00, 0x60,
    0x00, 0x60, 0x00, 0x60, 0x00, 0x60, 0x60, 0x60, 0xC0, 0xC0, 0x3F, 0x00, 0x3F, 0x00, 0x03, 0xC0,
    0x03, 0xC0, 0x0C, 0x00, 0x0C, 0x00, 0x30, 0x00, 0x60, 0x00, 0x7F, 0x80, 0x7F, 0x80, 0x60, 0x60,
    0x60, 0x60, 0x60, 0x60, 0xC0, 0xC0, 0x3F, 0x00, 0x3F, 0x00, 0x7F, 0xE0, 0x7F, 0xE0, 0x60, 0x60,
    0x60, 0x60, 0x00, 0x60, 0x00, 0xC0, 0x03, 0x00, 0x03, 0x00, 0x0C, 0x00, 0x0C, 0x00, 0x0C, 0x00,
    0x18, 0x00, 0x18, 0x00, 0x18, 0x00, 0x0F, 0xC0, 0x0F, 0xC0, 0x30, 0x30, 0x30, 0x30, 0x30, 0x30,
    0x60, 0x60, 0x1F, 0x80, 0x1F, 0x80, 0x60, 0x60, 0x60, 0x60, 0x60, 0x60, 0xC0, 0xC0, 0x3F, 0x00,
    0x3F, 0x00, 0x1F, 0x80, 0x1F, 0x80, 0x60, 0x60, 0x60, 0x60, 0x60, 0x60, 0xC0, 0xC0, 0x3F, 0xC0,
    0x3F, 0xC0, 0x00, 0xC0, 0x00, 0xC0, 0x03, 0x00, 0x06, 0x00, 0x78, 0x00, 0x78, 0x00, 0x30, 0x60,
    0x00, 0x00, 0x00, 0x00, 0x00, 0x00, 0xC0, 0xC0, 0x18, 0x30, 0x00, 0x00, 0x00, 0x00, 0x00, 0x00,
    0x60, 0x60, 0x60, 0x60, 0x00, 0x01, 0x80, 0x01, 0x80, 0x06, 0x00, 0x06, 0x00, 0x18, 0x00, 0x30,
    0x00, 0xC0, 0x00, 0xC0, 0x00, 0x30, 0x00, 0x30, 0x00, 0x0C, 0x00, 0x18, 0x00, 0x06, 0x00, 0x06,
    0x00, 0x3F, 0xF0, 0x7F, 0xE0, 0x00, 0x00, 0x00, 0x00, 0x7F, 0xE0, 0x7F, 0xE0, 0x00, 0x00, 0x30,
    0x00, 0x30, 0x00, 0x0C, 0x00, 0x0C, 0x00, 0x03, 0x00, 0x06, 0x00, 0x01, 0x80, 0x01, 0x80, 0x06,
    0x00, 0x06, 0x00, 0x18, 0x00, 0x30, 0x00, 0xC0, 0x00, 0xC0, 0x00, 0x1F, 0x80, 0x1F, 0x80, 0x60,
    0x60, 0x60, 0x60, 0x00, 0x60, 0x00, 0xC0, 0x03, 0x00, 0x03, 0x00, 0x0C, 0x00, 0x0C, 0x00, 0x00,
    0x00, 0x00, 0x00, 0x18, 0x00, 0x18, 0x00, 0x0F, 0xF0, 0x0F, 0xF0, 0x30, 0x0C, 0x60, 0x18, 0x67,
    0x98, 0x67, 0x98, 0x66, 0x18, 0x66, 0x18, 0x67, 0xF8, 0xCF, 0xF0, 0xC0, 0x00, 0xC0, 0x00, 0x3F,
    0xC0, 0x3F, 0xC0, 0x00, 0x00, 0x0F, 0xC0, 0x0F, 0xC0, 0x30, 0x30, 0x30, 0x30, 0x3F, 0xF0, 0x7F,
    0xE0, 0x60, 0x60, 0x60, 0x60, 0x60, 0x60, 0x60, 0x60, 0x60, 0x60, 0xC0, 0xC0, 0xC0, 0xC0, 0xC0,
    0xC0, 0x3F, 0xC0, 0x3F, 0xC0, 0x30, 0x30, 0x30, 0x30, 0x3F, 0xC0, 0x7F, 0x80, 0x60, 0x60, 0x60,
    0x60, 0x60, 0x60, 0x60, 0x60, 0x60, 0x60, 0xC0, 0xC0, 0xFF, 0x00, 0xFF, 0x00, 0x0F, 0xC0, 0x0F,
    0xC0, 0x30, 0x30, 0x30, 0x30, 0x30, 0x00, 0x60, 0x00, 0x60, 0x00, 0x60, 0x00, 0x60, 0x00, 0x60,
    0x00, 0x60, 0x60, 0xC0, 0xC0, 0x3F, 0x00, 0x3F, 0x00, 0x3F, 0xC0, 0x3F, 0xC0, 0x30, 0x30, 0x30,
    0x30, 0x30, 0x30, 0x60, 0x60, 0x60, 0x60, 0x60, 0x60, 0x60, 0x60, 0x60, 0x60, 0x60, 0x60, 0xC0,
    0xC0, 0xFF, 0x00, 0xFF, 0x00, 0x3F, 0xF0, 0x3F, 0xF0, 0x30, 0x00, 0x30, 0x00, 0x3F, 0x00, 0x7E,
    0x00, 0x60, 0x00, 0x60, 0x00, 0x60, 0x00, 0x60, 0x00, 0x60, 0x00, 0xC0, 0x00, 0xFF, 0xC0, 0xFF,
    0xC0, 0x3F, 0xF0, 0x3F, 0xF0, 0x30, 0x00, 0x30, 0x00, 0x3F, 0x00, 0x7E, 0x00, 0x60, 0x00, 0x60,
    0x00, 0x60, 0x00, 0x60, 0x00, 0x60, 0x00, 0xC0, 0x00, 0xC0, 0x00, 0xC0, 0x00, 0x0F, 0xF0, 0x0F,
    0xF0, 0x30, 0x00, 0x30, 0x00, 0x30, 0xF0, 0x61, 0xE0, 0x60, 0x60, 0x60, 0x60, 0x60, 0x60, 0x60,
    0x60, 0x60, 0x60, 0xC0, 0xC0, 0x3F, 0x00, 0x3F, 0x00, 0x30, 0x30, 0x30, 0x30, 0x30, 0x30, 0x30,
    0x30, 0x3F, 0xF0, 0x7F, 0xE0, 0x60, 0x60, 0x60, 0x60, 0x60, 0x60, 0x60, 0x60, 0x60, 0x60, 0xC0,
    0xC0, 0xC0, 0xC0, 0xC0, 0xC0, 0x3F, 0x00, 0x3F, 0x00, 0x0C, 0x00, 0x0C, 0x00, 0x0C, 0x00, 0x18,
    0x00, 0x18, 0x00, 0x18, 0x00, 0x18, 0x00, 0x18, 0x00, 0x18, 0x00, 0x30, 0x00, 0xFC, 0x00, 0xFC,
    0x00, 0x00, 0x30, 0x00, 0x30, 0x00, 0x30, 0x00, 0x30, 0x00, 0x30, 0x00, 0x60, 0x00, 0x60, 0x00,
    0x60, 0x00, 0x60, 0x00, 0x60, 0x60, 0x60, 0xC0, 0xC0, 0x3F, 0x00, 0x3F, 0x00, 0x30, 0x30, 0x30,
    0x30, 0x30, 0xC0, 0x30, 0xC0, 0x3F, 0x00, 0x7E, 0x00, 0x61, 0x80, 0x61, 0x80, 0x60, 0x60, 0x60,
    0x60, 0x60, 0x60, 0xC0, 0xC0, 0xC0, 0xC0, 0xC0, 0xC0, 0x30, 0x00, 0x30, 0x00, 0x30, 0x00, 0x30,
    0x00, 0x30, 0x00, 0x60, 0x00, 0x60, 0x00, 0x60, 0x00, 0x60, 0x00, 0x60, 0x00, 0x60, 0x00, 0xC0,
    0x00, 0xFF, 0xC0, 0xFF, 0xC0, 0x30, 0x30, 0x30, 0x30, 0x3C, 0xF0, 0x3C, 0xF0, 0x33, 0x30, 0x66,
    0x60, 0x60, 0x60, 0x60, 0x60, 0x60, 0x60, 0x60, 0x60, 0x60, 0x60, 0xC0, 0xC0, 0xC0, 0xC0, 0xC0,
    0xC0, 0x30, 0x30, 0x30, 0x30, 0x3C, 0x30, 0x3C, 0x30, 0x33, 0x30, 0x66, 0x60, 0x61, 0xE0, 0x61,
    0xE0, 0x60, 0x60, 0x60, 0x60, 0x60, 0x60, 0xC0, 0xC0, 0xC0, 0xC0, 0xC0, 0xC0, 0x0F, 0xC0, 0x0F,
    0xC0, 0x30, 0x30, 0x30, 0x30, 0x30, 0x30, 0x60, 0x60, 0x60, 0x60, 0x60, 0x60, 0x60, 0x60, 0x60,
    0x60, 0x60, 0x60, 0xC0, 0xC0, 0x3F, 0x00, 0x3F, 0x00, 0x3F, 0xC0, 0x3F, 0xC0, 0x30, 0x30, 0x30,
    0x30, 0x3F, 0xC0, 0x7F, 0x80, 0x60, 0x00, 0x60, 0x00, 0x60, 0x00, 0x60, 0x00, 0x60, 0x00, 0xC0,
    0x00, 0xC0, 0x00, 0xC0, 0x00, 0x0F, 0xC0, 0x0F, 0xC0, 0x30, 0x30, 0x30, 0x30, 0x30, 0x30, 0x60,
    0x60, 0x60, 0x60, 0x60, 0x60, 0x60, 0x60, 0x60, 0x60, 0x61, 0x80, 0xC3, 0x00, 0x3C, 0xC0, 0x3C,
    0xC0, 0x3F, 0xC0, 0x3F, 0xC0, 0x30, 0x30, 0x30, 0x30, 0x3F, 0xC0, 0x7F, 0x80, 0x60, 0x60, 0x60,
    0x60, 0x60, 0x60, 0x60, 0x60, 0x60, 0x60, 0xC0, 0xC0, 0xC0, 0xC0, 0xC0, 0xC0, 0x0F, 0xF0, 0x0F,
    0xF0, 0x30, 0x00, 0x30, 0x00, 0x0F, 0xC0, 0x1F, 0x80, 0x00, 0x60, 0x00, 0x60, 0x00, 0x60, 0x00,
    0x60, 0x60, 0x60, 0xC0, 0xC0, 0x3F, 0x00, 0x3F, 0x00, 0xFF, 0xC0, 0xFF, 0xC0, 0x0C, 0x00, 0x0C,
    0x00, 0x0C, 0x00, 0x18, 0x00, 0x18, 0x00, 0x18, 0x00, 0x18, 0x00, 0x18, 0x00, 0x18, 0x00, 0x30,
    0x00, 0x30, 0x00, 0x30, 0x00, 0x30, 0x30, 0x30, 0x30, 0x30, 0x30, 0x30, 0x30, 0x30, 0x30, 0x60,
    0x60, 0x60, 0x60, 0x60, 0x60, 0x60, 0x60, 0x60, 0x60, 0x60, 0x60, 0xC0, 0xC0, 0x3F, 0x00, 0x3F,
    0x00, 0x60, 0x60, 0x60, 0x60, 0x60, 0x60, 0x60, 0x60, 0x60, 0x60, 0xC0, 0xC0, 0xC0, 0xC0, 0xC0,
    0xC0, 0x33, 0x00, 0x33, 0x00, 0x33, 0x00, 0x66, 0x00, 0x18, 0x00, 0x18, 0x00, 0x30, 0x30, 0x30,
    0x30, 0x30, 0x30, 0x30, 0x30, 0x30, 0x30, 0x60, 0x60, 0x60, 0x60, 0x60, 0x60, 0x66, 0x60, 0x66,
    0x60, 0x79, 0xE0, 0xF3, 0xC0, 0xC0, 0xC0, 0xC0, 0xC0, 0x30, 0x30, 0x30, 0x30, 0x0C, 0xC0, 0x0C,
    0xC0, 0x03, 0x00, 0x06, 0x00, 0x19, 0x80, 0x19, 0x80, 0x60, 0x60, 0x60, 0x60, 0x60, 0x60, 0xC0,
    0xC0, 0xC0, 0xC0, 0xC0, 0xC0, 0xC0, 0xC0, 0xC0, 0xC0, 0x33, 0x00, 0x33, 0x00, 0x0C, 0x00, 0x18,
    0x00, 0x18, 0x00, 0x18, 0x00, 0x18, 0x00, 0x18, 0x00, 0x18, 0x00, 0x30, 0x00, 0x30, 0x00, 0x30,
    0x00, 0x3F, 0xF0, 0x3F, 0xF0, 0x00, 0x30, 0x00, 0x30, 0x00, 0xC0, 0x01, 0x80, 0x06, 0x00, 0x06,
    0x00, 0x18, 0x00, 0x18, 0x00, 0x60, 0x00, 0xC0, 0x00, 0xFF, 0xC0, 0xFF, 0xC0, 0x3F, 0x00, 0x3F,
    0x00, 0x30, 0x00, 0x30, 0x00, 0x30, 0x00, 0x60, 0x00, 0x60, 0x00, 0x60, 0x00, 0x60, 0x00, 0x60,
    0x00, 0x60, 0x00, 0xC0, 0x00, 0xFC, 0x00, 0xFC, 0x00, 0xC0, 0x00, 0xC0, 0x00, 0x30, 0x00, 0x30,
    0x00, 0x30, 0x00, 0x60, 0x00, 0x18, 0x00, 0x18, 0x00, 0x06, 0x00, 0x06, 0x00, 0x06, 0x00, 0x0C,
    0x00, 0x03, 0x00, 0x03, 0x00, 0x3F, 0x00, 0x3F, 0x00, 0x03, 0x00, 0x03, 0x00, 0x03, 0x00, 0x06,
    0x00, 0x06, 0x00, 0x06, 0x00, 0x06, 0x00, 0x06, 0x00, 0x06, 0x00, 0x0C, 0x00, 0xFC, 0x00, 0xFC,
    0x00, 0x06, 0x00, 0x06, 0x00, 0x19, 0x80, 0x19, 0x80, 0x60, 0x60, 0xC0, 0xC0, 0x00, 0x00, 0x7F,
    0xE0, 0x7F, 0xE0, 0xC0, 0xC0, 0x30, 0x30, 0x00, 0x0F, 0xC0, 0x1F, 0x80, 0x00, 0x60, 0x00, 0x60,
    0x1F, 0xE0, 0x1F, 0xE0, 0x60, 0x60, 0xC0, 0xC0, 0x3F, 0xC0, 0x3F, 0xC0, 0x30, 0x00, 0x30, 0x00,
    0x30, 0x00, 0x30, 0x00, 0x33, 0xC0, 0x67, 0x80, 0x78, 0x60, 0x78, 0x60, 0x60, 0x60, 0x60, 0x60,
    0x60, 0x60, 0xC0, 0xC0, 0xFF, 0x00, 0xFF, 0x00, 0x0F, 0xC0, 0x1F, 0x80, 0x60, 0x60, 0x60, 0x60,
    0x60, 0x00, 0x60, 0x00, 0x60, 0x60, 0xC0, 0xC0, 0x3F, 0x00, 0x3F, 0x00, 0x00, 0x30, 0x00, 0x30,
    0x00, 0x30, 0x00, 0x30, 0x0F, 0x30, 0x1E, 0x60, 0x61, 0xE0, 0x61, 0xE0, 0x60, 0x60, 0x60, 0x60,
    0x60, 0x60, 0xC0, 0xC0, 0x3F, 0xC0, 0x3F, 0xC0, 0x0F, 0xC0, 0x1F, 0x80, 0x60, 0x60, 0x60, 0x60,
    0x7F, 0xE0, 0x7F, 0xE0, 0x60, 0x00, 0xC0, 0x00, 0x3F, 0xC0, 0x3F, 0xC0, 0x07, 0x80, 0x07, 0x80,
    0x18, 0x00, 0x18, 0x00, 0x7F, 0x80, 0xFF, 0x00, 0x30, 0x00, 0x30, 0x00, 0x30, 0x00, 0x30, 0x00,
    0x30, 0x00, 0x60, 0x00, 0x60, 0x00, 0x60, 0x00, 0x07, 0xF8, 0x0F, 0xF0, 0x30, 0x30, 0x30, 0x30,
    0x30, 0x30, 0x30, 0x30, 0x0F, 0xF0, 0x1F, 0xE0, 0x00, 0x60, 0x00, 0x60, 0x7F, 0x80, 0x7F, 0x80,
    0x00, 0x00, 0x30, 0x00, 0x30, 0x00, 0x30, 0x00, 0x30, 0x00, 0x33, 0xC0, 0x67, 0x80, 0x78, 0x60,
    0x78, 0x60, 0x60, 0x60, 0x60, 0x60, 0x60, 0x60, 0xC0, 0xC0, 0xC0, 0xC0, 0xC0, 0xC0, 0x30, 0x30,
    0x00, 0x00, 0x30, 0x60, 0x60, 0x60, 0x60, 0x60, 0x60, 0xC0, 0xC0, 0xC0, 0x00, 0x30, 0x00, 0x30,
    0x00, 0x00, 0x00, 0x00, 0x00, 0x30, 0x00, 0x60, 0x00, 0x60, 0x00, 0x60, 0x00, 0x60, 0x00, 0x60,
    0x60, 0x60, 0xC0, 0xC0, 0xC0, 0xC0, 0xC0, 0xC0, 0x3F, 0x00, 0x3F, 0x00, 0x00, 0x00, 0x30, 0x00,
    0x30, 0x00, 0x30, 0x00, 0x30, 0x00, 0x30, 0xC0, 0x61, 0x80, 0x66, 0x00, 0x66, 0x00, 0x78, 0x00,
    0x78, 0x00, 0x66, 0x00, 0xCC, 0x00, 0xC3, 0x00, 0xC3, 0x00, 0x30, 0x30, 0x30, 0x30, 0x30, 0x60,
    0x60, 0x60, 0x60, 0x60, 0x60, 0xC0, 0x30, 0x30, 0x3C, 0xC0, 0x79, 0x80, 0x66, 0x60, 0x66, 0x60,
    0x66, 0x60, 0x66, 0x60, 0x60, 0x60, 0xC0, 0xC0, 0xC0, 0xC0, 0xC0, 0xC0, 0x3F, 0xC0, 0x7F, 0x80,
    0x60, 0x60, 0x60, 0x60, 0x60, 0x60, 0x60, 0x60, 0x60, 0x60, 0xC0, 0xC0, 0xC0, 0xC0, 0xC0, 0xC0,
    0x0F, 0xC0, 0x1F, 0x80, 0x60, 0x60, 0x60, 0x60, 0x60, 0x60, 0x60, 0x60, 0x60, 0x60, 0xC0, 0xC0,
    0x3F, 0x00, 0x3F, 0x00, 0x19, 0xE0, 0x33, 0xC0, 0x3C, 0x30, 0x3C, 0x30, 0x30, 0x30, 0x30, 0x30,
    0x3F, 0xC0, 0x7F, 0x80, 0x60, 0x00, 0x60, 0x00, 0x60, 0x00, 0x60, 0x00, 0x00, 0x00, 0x0F, 0x30,
    0x1E, 0x60, 0x61, 0xE0, 0x61, 0xE0, 0x60, 0x60, 0x60, 0x60, 0x1F, 0xE0, 0x3F, 0xC0, 0x00, 0xC0,
    0x00, 0xC0, 0x00, 0xC0, 0x00, 0xC0, 0x00, 0x00, 0x33, 0xC0, 0x67, 0x80, 0x78, 0x60, 0x78, 0x60,
    0x60, 0x00, 0x60, 0x00, 0x60, 0x00, 0xC0, 0x00, 0xC0, 0x00, 0xC0, 0x00, 0x0F, 0xF0, 0x1F, 0xE0,
    0x60, 0x00, 0x60, 0x00, 0x1F, 0x80, 0x1F, 0x80, 0x00, 0x60, 0x00, 0xC0, 0xFF, 0x00, 0xFF, 0x00,
    0x18, 0x18, 0x18, 0x18, 0x7E, 0xFC, 0x30, 0x30, 0x30, 0x30, 0x30, 0x60, 0x18, 0x18, 0x30, 0x30,
    0x60, 0x60, 0x60, 0x60, 0x60, 0x60, 0x60, 0x60, 0x60, 0x60, 0x60, 0x60, 0xC0, 0xC0, 0x3F, 0xC0,
    0x3F, 0xC0, 0x30, 0x30, 0x60, 0x60, 0x60, 0x60, 0x60, 0x60, 0x60, 0x60, 0x60, 0x60, 0x19, 0x80,
    0x33, 0x00, 0x0C, 0x00, 0x0C, 0x00, 0x30, 0x30, 0x60, 0x60, 0x60, 0x60, 0x60, 0x60, 0x66, 0x60,
    0x66, 0x60, 0x66, 0x60, 0xCC, 0xC0, 0x3F, 0xC0, 0x3F, 0xC0, 0x30, 0x30, 0x60, 0x60, 0x19, 0x80,
    0x19, 0x80, 0x06, 0x00, 0x06, 0x00, 0x19, 0x80, 0x33, 0x00, 0xC0, 0xC0, 0xC0, 0xC0, 0x18, 0x18,
    0x30, 0x30, 0x30, 0x30, 0x30, 0x30, 0x30, 0x30, 0x30, 0x30, 0x0F, 0xF0, 0x1F, 0xE0, 0x00, 0x60,
    0x00, 0x60, 0x7F, 0x80, 0x7F, 0x80, 0x00, 0x00, 0x3F, 0xF0, 0x7F, 0xE0, 0x01, 0x80, 0x01, 0x80,
    0x06, 0x00, 0x06, 0x00, 0x18, 0x00, 0x30, 0x00, 0xFF, 0xC0, 0xFF, 0xC0, 0x06, 0x06, 0x18, 0x18,
    0x18, 0x30, 0xC0, 0xC0, 0x30, 0x30, 0x30, 0x60, 0x18, 0x18, 0x30, 0x30, 0x30, 0x30, 0x30, 0x60,
    0x60, 0x60, 0x60, 0x60, 0x60, 0xC0, 0xC0, 0xC0, 0x30, 0x30, 0x0C, 0x0C, 0x0C, 0x18, 0x06, 0x06,
    0x18, 0x18, 0x18, 0x30, 0xC0, 0xC0, 0x1E, 0x18, 0x1E, 0x18, 0x61, 0xE0, 0x61, 0xE0, 0x00, 0x00,
};

inline constexpr FontGlyph minecraftstandardoblique_12_glyphs[] = {
    {0, 0, 0, 0, 0, 5},
    {0, 5, 14, 0, 6, 4},
    {14, 8, 5, 1, 6, 8},
    {19, 12, 14, 0, 6, 12},
    {47, 13, 14, 0, 6, 12},
    {75, 13, 14, 0, 6, 12},
    {103, 12, 14, 0, 6, 12},
    {131, 4, 5, 1, 6, 4},
    {136, 9, 14, 0, 6, 8},
    {164, 8, 14, 0, 6, 8},
    {178, 8, 7, 1, 6, 8},
    {185, 11, 10, 1, 8, 12},
    {205, 4, 5, -1, 18, 4},
    {210, 11, 3, 1, 12, 12},
    {216, 3, 2, 0, 18, 4},
    {218, 13, 14, 0, 6, 12},
    {246, 13, 14, 0, 6, 12},
    {274, 11, 14, 0, 6, 12},
    {302, 13, 14, 0, 6, 12},
    {330, 13, 14, 0, 6, 12},
    {358, 13, 14, 0, 6, 12},
    {386, 13, 14, 0, 6, 12},
    {414, 12, 14, 0, 6, 12},
    {442, 12, 14, 1, 6, 12},
    {470, 13, 14, 0, 6, 12},
    {498, 12, 14, 1, 6, 12},
    {526, 4, 10, 0, 10, 4},
    {536, 5, 13, -1, 10, 4},
    {549, 10, 14, 1, 6, 10},
    {577, 12, 7, 0, 10, 12},
    {591, 10, 14, 0, 6, 10},
    {619, 12, 14, 1, 6, 12},
    {647, 14, 15, 0, 8, 14},
    {677, 13, 14, 0, 6, 12},
    {705, 13, 14, 0, 6, 12},
    {733, 13, 14, 0, 6, 12},
    {761, 13, 14, 0, 6, 12},
    {789, 13, 14, 0, 6, 12},
    {817, 13, 14, 0, 6, 12},
    {845, 13, 14, 0, 6, 12},
    {873, 13, 14, 0, 6, 12},
    {901, 9, 14, 0, 6, 8},
    {929, 13, 14, 0, 6, 12},
    {957, 13, 14, 0, 6, 12},
    {985, 11, 14, 0, 6, 12},
    {1013, 13, 14, 0, 6, 12},
    {1041, 13, 14, 0, 6, 12},
    {1069, 13, 14, 0, 6, 12},
    {1097, 13, 14, 0, 6, 12},
    {1125, 13, 14, 0, 6, 12},
    {1153, 13, 14, 0, 6, 12},
    {1181, 13, 14, 0, 6, 12},
    {1209, 11, 14, 2, 6, 12},
    {1237, 13, 14, 0, 6, 12},
    {1265, 12, 14, 1, 6, 12},
    {1293, 13, 14, 0, 6, 12},
    {1321, 13, 14, 0, 6, 12},
    {1349, 11, 14, 2, 6, 12},
    {1377, 13, 14, 0, 6, 12},
    {1405, 9, 14, 0, 6, 8},
    {1433, 9, 14, 2, 6, 12},
    {1461, 9, 14, 0, 6, 8},
    {1489, 11, 7, 1, 6, 12},
    {1503, 11, 2, -1, 20, 12},
    {1507, 5, 5, 2, 6, 6},
    {1512, 12, 10, 0, 10, 12},
    {1532, 12, 14, 0, 6, 12},
    {1560, 12, 10, 0, 10, 12},
    {1580, 13, 14, 0, 6, 12},
    {1608, 12, 10, 0, 10, 12},
    {1628, 10, 14, 1, 6, 10},
    {1656, 13, 13, -1, 10, 12},
    {1682, 12, 14, 0, 6, 12},
    {1710, 5, 14, 0, 6, 4},
    {1724, 13, 17, 0, 6, 12},
    {1758, 10, 14, 0, 6, 10},
    {1786, 5, 14, 0, 6, 6},
    {1800, 12, 10, 0, 10, 12},
    {1820, 12, 10, 0, 10, 12},
    {1840, 12, 10, 0, 10, 12},
    {1860, 13, 13, -1, 10, 12},
    {1886, 12, 13, 0, 10, 12},
    {1912, 12, 10, 0, 10, 12},
    {1932, 12, 10, 0, 10, 12},
    {1952, 7, 14, 1, 6, 8},
    {1966, 12, 10, 0, 10, 12},
    {1986, 12, 10, 0, 10, 12},
    {2006, 12, 10, 0, 10, 12},
    {2026, 12, 10, 0, 10, 12},
    {2046, 13, 13, -1, 10, 12},
    {2072, 12, 10, 0, 10, 12},
    {2092, 8, 14, 1, 6, 8},
    {2106, 5, 14, 0, 6, 4},
    {2120, 8, 14, 0, 6, 8},
    {2134, 14, 5, 1, 6, 14},
};

inline constexpr FontAsset minecraftstandardoblique_12{12, 24, 32, 126, minecraftstandardoblique_12_glyphs, minecraftstandardoblique_12_bitmap, sizeof(minecraftstandardoblique_12_bitmap)};

