:020000041000EA
:10000000002008205B0100101B0100101D010010E2
:100010001101001011010010110100101101001058
:100020001901001019010010190100101F01001022
:10003000110100101901001021010010230100100E
:100040001101001011010010110100101101001028
:100050001101001011010010110100101101001018
:100060001101001011010010110100101101001008
:1000700011010010110100101101001011010010F8
:1000800011010010110100101101001011010010E8
:1000900011010010110100101101001011010010D8
:1000A00011010010110100101101001011010010C8
:1000B00011010010110100101101001011010010B8
:1000C00011010010110100101101001011010010A8
:1000D0001101001011010010110100101101001098
:1000E0001101001011010010110100101101001088
:1000F0001101001011010010110100101101001078
:100100001101001011010010110100101101001067
:10011000EFF30580103800BE00BE00BE00BE00BE7A
:1001200000BE00BEF2EB887180590210A459021083
:100130009C01001090A31AE7D3DEFFFF42012110BB
:10014000FF01000010830200793512AB00201E4928
:10015000086006C881F3088810474FF050400068D7
:1001600008B10020F3E70DA40ECC002902D000F066
:1001700012F8F9E71549164A002000E001C1914242
:10018000FCD114498847144988471449884700BE60
:10019000FDE701C901C29A42FBD37047A45902107E
:1001A00010010020B42B0020488402100000082019
:1001B00000000820488402100010082000100820C9
:1001C000000000007047000008ED00E0B42B0020A4
:1001D0009842002065220110E10100105D2201100B
:1001E0002DE9F04106F0FCF801240DF091FD4FF0EF
:1001F0000008444E0BF0D0FF0DF0C2FD337E0BBB68
:10020000737DF07DB27D1B04317D43EA00631343AF
:10021000F26843EA01239342ECD0D6E9010707F1E3
:100220001001F3601A0204FA01F143680B42FCD199
:10023000043740F827200BF0AFFF0DF0A1FD337E0F
:10024000002BDDD00FF0AAF8D6E90832777EC31A6A
:1002500061EB02023FB3B76A9F4278EB0202C9DA50
:10026000F369C6E90801002B48D0737DF07DB27DAB
:100270001B04317D43EA00631343F26843EA012320
:10028000934286F81980B5D0D6E9010707F110012D
:10029000F3601A0204FA01F143680B42FCD10437FF
:1002A00040F82720C7E7F56A9D4277EB020CA1DAF8
:1002B000F369C6E90801002BC4BF03F1FF33F36102
:1002C000E3B1737CF07CB27C1B04317C43EA0063B5
:1002D0001343F26843EA0123934274768AD0D6E945
:1002E000010707F11001F3601A0204FA01F14368F3
:1002F0000B42FCD1043740F827209CE786F8188091
:1003000078E700BFB82B002008B50CF025FA0BF0F9
:1003100055FBFAE7002382B04161037602B07047D3
:10032000C0E90312704700BFC0687047006970479A
:100330008020704790F88C04704700BF38B50446A1
:100340004FF48062002105301EF06AFE94F88D544F
:100350006DB12A46002104F294401EF061FE2A4647
:1003600004F29C407F21BDE838401EF059BE38BDE4
:10037000704700BF10B504460C2114F057FF20460B
:1003800010BD00BF4FF47A7C70B504460D4682B0B4
:100390000CFB03F6069B01F07F400CFB03F3C1F35B
:1003A000072C40EA0C40C1F3074CCDE90021C4E919
:1003B000045240EA0C00E268C9B240EA0121E3625B
:1003C000079B8A42A662E3610DD0D4E901050122B0
:1003D00005F11003E1609A40090243681342FCD121
:1003E000043540F82510012565760EF0D7FF2576F7
:1003F000C4E9080102B070BD01231C30C0E88F3F82
:10040000704700BF0022D0E901010DF0B9BE00BF66
:100410000122D0E901010DF0B3BE00BF037E70B52B
:100420000446DBB9437DC07DA27D1B04217D43EAE8
:1004300000631343E26843EA01239A420DD0D4E9F2
:1004400001050121E36005F110041A02A14043688F
:100450000B42FCD1043540F8252070BD0EF09EFF04
:10046000D4E90832657EC31A61EB020225B3002588
:10047000A66A9E4275EB0202EFDAE369C4E908015D
:10048000002B40D0637DE17DA27D1B0443EA016324
:10049000217D1343E26843EA012393426576DCD071
:1004A000D4E901050121E36005F110041A02A1401D
:1004B00043680B42FCD1CDE7E66A9E429541CCDA17
:1004C000E369C4E90801002BC4BF03F1FF33E36112
:1004D000CBB10121637CE07CA27C1B0443EA006376
:1004E000207C1343E26843EA00239A426176B4D049
:1004F000D4E90105E3601A0205F11003994043684D
:100500000B42FCD1A6E70023237670BD037D1BB30D
:100510000369013320D0F9B10B78EBB101234268B4
:1005200030B4C568146803FA05F524EA05041460BC
:100530000C787CB1856805F1100003FA00F005F134
:10054000040C53680342FCD142F82C4011F8014FCF
:10055000002CF6D130BC7047704700BF037D13B349
:10056000036901331FD0F1B1EAB1013A01EB020C8A
:10057000012270B5D0E90236446803F1040E256803
:1005800003F1100002FA06F325EA030301392360A0
:10059000824011F8010F63681342FCD1614544F8B1
:1005A0002E00F6D170BD70471D2807D8044B53F8B4
:1005B00020301BB1DA680AB118691047704700BFD4
:1005C000C42F00202DE9F0410268DFF85CC01268FA
:1005D00082B06245054601914FEA1168C1F30747B1
:1005E000C1F30724CEB21CD1002369610376230432
:1005F00043EA0863EA683B4343EA06239A420DD084
:10060000D5E901040121EB6004F110051A02A940AB
:1006100043680B42FCD1043440F8242002B0BDE80A
:10062000F0819047E3E700BF150300102DE9F0418A
:10063000D0E90175804638690E468542144642D09D
:10064000421C69D16B1C3BD028460DF003FE7B6831
:10065000284603F12F4303F560031B0D991DC9B212
:100660000DF05CFDBB68796803EB430301EBC3034A
:10067000D3F8DC2022F07C7222F01F022A4342F4DD
:100680008012C3F8DC20D3F8DC2022F4F84242EADE
:100690008522C3F8DC20FB6803EB430301EBC303B3
:1006A000D3F8DC2022F4782242EAC532C3F8DC20F9
:1006B000D3F8CC2022F0F85242EA0562C3F8CC20ED
:1006C0003D61D8F804703B68194A1B68934228D1F1
:1006D0003B7DFBB13B6901331CD0DEB1D4B10122BB
:1006E0007868013C036806EB040CD7E9025402FA6F
:1006F00004F4711E23EA040305F1100603600435B7
:10070000B24011F8014F43681342FCD18C4540F8C8
:100710002540F6D1BDE8F0810DF09CFD6B1C93D116
:10072000CEE7224631463846BDE8F041184700BFC3
:100730005D0500102DE9F041D0E901560746286912
:100740000C46864241D0421C67D1731C3BD03046D8
:100750000DF080FD6B68304603F12F4303F5600315
:100760001B0D991DC9B20DF0D9FCD5E9011303EB9E
:10077000430301EBC303D3F8DC2022F07C7222F0A8
:100780001F02324342F48012C3F8DC20D3F8DC208D
:1007900022F4F84242EA8622C3F8DC20EB6803EB3D
:1007A000430301EBC303D3F8DC2022F4782242EAAE
:1007B000C632C3F8DC20D3F8CC2022F0F85242EA4B
:1007C0000662C3F8CC202E617D682B68184A5B68EE
:1007D000934227D12B7DF3B12B6901331BD0D4B1C8
:1007E0002378C3B101206A68E968136800FA01F14F
:1007F00023EA01031360217869B1AD6805F11003A4
:100800009840043553680342FCD142F8251014F88F
:10081000011F0029F6D1BDE8F0810DF01BFD731C0E
:1008200095D1D0E721462846BDE8F041184700BFE2
:100830000D0500109C462DE9F0431C464CEA132C94
:100840004CEA144C0CF0FF0C83B04CEA1364019397
:100850000368DFF8B4C0D3F814E0E6453ED10029C0
:100860000E4638DB1B68DFF8A49005464B4517465B
:100870003CD1802086422EDA002F2CDB2B68214AC7
:100880005B68934237D195F88C04874223DA2B6852
:100890004FEAE7081B684B4530D18023012203FB58
:1008A0000863013307F007072B441979BA40FCB1FC
:1008B0000A43D2B291421A710DD055FA88F898F8CD
:1008C00094349E4298F89C34B8BF88F894649E4251
:1008D00001DD88F89C6403B0BDE8F083231E18BFD7
:1008E0000123F44603B0BDE8F04360479847C1E7F1
:1008F00021EA0202DEE728469847C6E728469847DD
:100900000346CBE7350300108909001031030010BE
:10091000012210B504460B494368016080681968DC
:1009200002FA00F021EA00011960E06819688240CB
:10093000206921EA02021A60431C01D00DF08AFCF2
:10094000204610BD90380210012210B504460D4912
:10095000436801608068196802FA00F021EA00012A
:100960001960E06819688240206921EA02021A6071
:10097000431C01D00DF06EFC2046242114F056FCDF
:10098000204610BD903802102DE9F8430D1E3ADBC9
:100990001F460368DFF890901B6806464B451446D7
:1009A00033D1802085422EDA002C2CDB33681D4A9F
:1009B0005B6893422ED196F88C04844223DA336824
:1009C0004FEAE4081B684B4527D18022012302FB34
:1009D0000852013204F0070432441179A340B7B140
:1009E0000B43DBB28B4213710DD056FA88F898F89E
:1009F00094349D4298F89C34B8BF88F894549D4232
:100A0000C8BF88F89C54BDE8F8839847CAE721EA34
:100A10000303E7E730469847CFE73046984702465A
:100A2000D4E700BF35030010310300102DE9F04179
:100A300084B00B9DCDE90221002D73DB0768DFF840
:100A40006CC1FF680446674540F0A580C5611E463D
:100A50004FF47A700A9B00FB06F6626103FB00F01C
:100A6000C1F3072201F07F4343EA0243C1F3074287
:100A70001343E568CAB243EA0222AA42C4E90A6003
:100A800021610DD0D4E90105012105F11003E260D7
:100A90009940120243680B42FCD1043540F82520EE
:100AA000012565760EF07AFCC4E9080125764FF041
:100AB00000083D4E23689B68B34236D10EF06EFCB1
:100AC000D4E90832677EC31A61EB0202002F32D0EC
:100AD000A76A9F4278EB020221DAE3692062616231
:100AE000002B53D0637DE27D1B0443EA0263A27DA9
:100AF00084F819801343227D43EA0222E3689A4274
:100B00000DD00121A768606807F11003E2609940E9
:100B1000120243680B42FCD1043740F82720237EA1
:100B2000002BC7D104B0BDE8F08120469847237E52
:100B3000002BBFD1F6E7E56A9D429741EFDAE36902
:100B40002062002BC8BF03F1FF336162C8BFE361BD
:100B5000E3B10121637CE27C1B0443EA0263A27CD3
:100B600061761343227C43EA0222E3689A42D6D09C
:100B7000D4E9010707F11003E260994012024368CB
:100B80000B42FCD1043740F82720C8E70023237626
:100B900004B0BDE8F08101950A9D0095B847237E19
:100BA000002BBFD083E700BF1D0400108503001099
:100BB0000FB400B50B4B83B01B781BB10A4B1B78ED
:100BC000032B04D803B05DF804EB04B0704705A90B
:100BD0000498019111F022FD03B05DF804EB04B01C
:100BE000704700BF86420020874200200FB400B546
:100BF0000B4B83B01B781BB10A4B1B78022B04D81C
:100C000003B05DF804EB04B0704705A904980191A6
:100C100011F004FD03B05DF804EB04B0704700BFB1
:100C2000864200208742002008B50648FFF7DEFF15
:100C300014F08CFA0122044B1A70BDE80840FFF74B
:100C400063BB00BF80060210964200200FB400B5BF
:100C5000084B83B01B7843B1074B1B78012B04D999
:100C600005A90498019111F0D9FC03B05DF804EBDB
:100C700004B070478642002087420020F0B585B05E
:100C800017461D4644680E460EF088FB4FF0FF3CA9
:100C90006FF00042174BC01841F10001844572EB20
:100CA00001033CBF604611460290204600243A46AC
:100CB00003912B463146009414F00AF8821C0FD0A1
:100CC000431C12D0854202D1012005B0F0BD03467D
:100CD0002A4631460848FFF7B9FF002005B0F0BDAD
:100CE00031460648FFF7B2FFF7E731460448FFF701
:100CF000ADFFF2E740420F003007021098060210E5
:100D0000DC0602102DE9F04387B00D461F46D0F8EF
:100D100004908DF8172080460E9E0EF03FFB4FF09A
:100D2000FF3C6FF000423C4BC01841F1000184458C
:100D300072EB01033CBF114660460123CDE902017D
:100D40000DF1170248462946009313F0C1FF0446EF
:100D5000A01C2AD0611C42D0012C2CD1D8F8044010
:100D60000EF01CFB4FF0FF3C6FF000422A4BC01806
:100D700041F10001844572EB01033CBF604611461E
:100D80000290204600243A460391009433462946B7
:100D900013F0BCFF821C04462FD0431C34D0864283
:100DA00011D1012007B0BDE8F08329469DF8172036
:100DB0001A48FFF74BFF234629469DF8172018488D
:100DC000FFF744FFCAE7334629469DF81720154828
:100DD0000094FFF73BFF002007B0BDE8F0832946F1
:100DE0009DF817201048FFF731FF234629469DF84C
:100DF00017200B48FFF72AFFB0E729469DF8172078
:100E00000A48FFF723FFE6E729469DF81720084820
:100E1000FFF71CFFDFE700BF40420F00A0070210F2
:100E2000BC080210780A0210180802105C090210AF
:100E3000D4090210F0B585B017461D4644680E4629
:100E40000EF0ACFA4FF0FF3C6FF00042174BC018A9
:100E500041F10001844572EB01033CBF604611463D
:100E60000290204600243A4603912B4631460094D6
:100E700013F04CFF821C0FD0431C12D0854202D1CC
:100E8000012005B0F0BD03462A4631460848FFF769
:100E9000DDFE002005B0F0BD31460648FFF7D6FE66
:100EA000F7E731460448FFF7D1FEF2E740420F0072
:100EB000CC0B0210180B02105C0B0210037D002BF0
:100EC0005DD02DE9F04F03690446013385B052D05F
:100ED000884600294FD09146002A4CD001218368D2
:100EE000626803F11800936881400B439360936834
:100EF0001942FCD001234FF0000BE06811688340D9
:100F00000B43136094F82030A769039308F1FF3373
:100F100002934FEAE77A0EF041FA05460E4608E0E2
:100F20000EF03CFA401B61EB060187427AEB0101AF
:100F300027DB6168E068CB68C2000432D3401B073E
:100F4000EED001EB800191F82330029ADBB202F877
:100F5000013F0292039A0BF1010B9A4230D0D9451E
:100F6000D9D101226168E0680B68824023EA02035C
:100F7000CB460B6018E0002005B0BDE8F08F0020E4
:100F80007047CDF800903946E36862680D48FFF776
:100F90005DFE0122E36861689A400B6823EA020360
:100FA0000B60BBF1000FE6D00BF1FF3018F800200A
:100FB00094F820309A42DED1002308F80030DBE7B5
:100FC000D946CEE7380C02102DE9F04FD0E90145A3
:100FD000804620690E468542174685B042D0411CA6
:100FE00050D16A1C3BD028460DF034F96168284680
:100FF00001F12F4101F56001090D0631C9B20DF073
:101000008DF8A368616803EB430301EBC303D3F8D6
:10101000DC2022F07C7222F01F022A4342F480126C
:10102000C3F8DC20D3F8DC2022F4F84242EA85221F
:10103000C3F8DC20E36803EB430301EBC303D3F8FD
:10104000DC2022F4782242EAC532C3F8DC20D3F84F
:10105000CC2022F0F85242EA0562C3F8CC20256188
:10106000D8F804402368434A9B6893420FD1237DFC
:1010700023B12369013301D006B17FB9002005B047
:10108000BDE8F08F0DF0E6F86A1CACD1E7E73A4610
:101090003146204605B0BDE8F04F18470121A3684E
:1010A000626803F11800936881400B439360936872
:1010B0001942FCD001234FF0000BE0681168834017
:1010C0000B43136094F82030D4F818900393731EE8
:1010D00002934FEAE97A0EF061F90546884608E086
:1010E0000EF05CF9401B61EB080181457AEB0101D0
:1010F00021DB6168E068CB68C2000432D3401B0783
:10110000EED001EB800191F82330029ADBB202F8B5
:10111000013F0292039A0BF1010B9A4227D05F45DF
:10112000D9D101226168E0680B68824023EA02039A
:10113000BB460B6011E0E368626849460E480097C1
:10114000FFF784FD0122E36861689A400B6823EA97
:1011500002030B60BBF1000F90D00BF1FF30325C4B
:1011600094F820309A4289D10023335487E75F46B0
:10117000D7E700BFBD0E0010380C02102DE9F04378
:101180000446104685B004AF3A6A0D4602F10801E4
:1011900021F00701ADEB010D8DF8100019460DF19E
:1011A0001100561C1EF048FA2268254BD2F8009018
:1011B0000DF11008994530D164680EF0EFF84FF04A
:1011C000FF3C6FF000421F4BC31841F100019C45EA
:1011D00072EB01003CBF11466346204600244246A4
:1011E0000293039133462946009413F071FD821C4B
:1011F0001CD0431C1FD0B04204D101200437BD468F
:10120000BDE8F0830346324629460F48FFF71EFD2E
:1012100000200437BD46BDE8F083334642462946E8
:101220002046C8470437BD46BDE8F0832946074835
:10123000FFF70CFDECE729460548FFF707FDE7E758
:101240007D0C001040420F0030070210980602107B
:10125000DC0602100FB400B50A4B83B01B7813B143
:10126000094B1B7823B903B05DF804EB04B0704759
:1012700005A90498019111F0D1F903B05DF804EBD0
:1012800004B07047864200208742002030B54FF4FA
:101290000144D0F8880487B00268244BADF81440AC
:1012A00014688DF816109C422DD145680EF076F822
:1012B0004FF0FF346FF000421D4BC31841F10001A5
:1012C0009C4272EB01003CBF234611460024CDE94D
:1012D000023105AA284603233C21009413F0F8FCB0
:1012E000821C18D0431C1BD0032801D107B030BD8D
:1012F000034603223C210F48FFF7A8FC0E48FFF7E6
:10130000A9FF07B030BD03233C2105AAA047002850
:10131000F4D007B030BD3C210848FFF797FCEDE75B
:101320003C210748FFF792FCE8E700BF7D0C001066
:1013300040420F0030070210940C02109806021071
:10134000DC060210F0B54668514B32680D46D46891
:1013500087B09C427CD1032374688DF813300EF063
:101360001DF84FF0FF3C6FF000424A4BC01841F1AE
:101370000001844572EB01033CBF11466046012326
:1013800002900391204606210DF11302009313F001
:101390009FFC0446A01C3ED0611C63D0012C40D1B0
:1013A00074680DF0FBFF4FF0FF366FF00042394BD1
:1013B000C31841F100019E4272EB01003CBF11468F
:1013C00033462046002405AA029303910094022389
:1013D000062113F09BFC821C04464AD0431C4FD0CC
:1013E000022826D19DF815309DF814009B0843EA89
:1013F00080100EF0C5FB0022274B0EF003FB0022ED
:101400004FF07C530EF0FEFA02460B460120C5E970
:10141000002307B0F0BD06219DF813201F48FFF7F9
:1014200015FC234606219DF813201D48FFF70EFCEE
:10143000B6E7022306219DF813201A480094FFF70F
:1014400005FC06211848FFF705FF002007B0F0BD96
:10145000022703223046062105AB0097A04700284B
:10146000C0D1EEE706219DF813201048FFF7EEFBF0
:10147000D7E706219DF813200D48FFF7E7FBE0E7CB
:1014800006219DF813200B48FFF7E0FBD9E700BFCA
:10149000050D001040420F0000807640A0070210AA
:1014A000BC080210780A0210B80C021018080210CA
:1014B0005C090210D4090210F0B54668564B326838
:1014C0000D46D46887B09C4240F082800323746844
:1014D0008DF813300DF062FF4FF0FF3C6FF00042CB
:1014E0004E4BC01841F10001844572EB01033CBF33
:1014F00011466046012302900391204606210DF11A
:101500001302009313F0E4FB0446A01C43D0611CBB
:1015100068D0012C45D174680DF040FF4FF0FF36C4
:101520006FF000423D4BC31841F100019E4272EB47
:1015300001003CBF114633462046002405AA029311
:10154000039100940223062113F0E0FB821C044661
:101550004FD0431C54D002282BD19DF815309DF854
:1015600014009B0843EA80100EF00AFB00222C4B6B
:101570000EF048FA26A3D3E900230EF043FA002226
:101580004FF07C530EF03EFA02460B460120C5E9AF
:10159000002307B0F0BD06219DF813202148FFF776
:1015A00055FB234606219DF813201F48FFF74EFBED
:1015B000B1E7022306219DF813201C480094FFF791
:1015C00045FB06211A48FFF745FE002007B0F0BD95
:1015D000022703223046062105AB0097A0470028CA
:1015E000BBD1EEE706219DF813201248FFF72EFB32
:1015F000D7E706219DF813200F48FFF727FBE0E708
:1016000006219DF813200D48FFF720FBD9E700BF06
:10161000182D4454FB210940050D001040420F00D5
:1016200000001040A0070210BC080210780A021047
:10163000B80C0210180802105C090210D40902103C
:101640002DE9F04F90F88DB487B0BBF1000F00F09A
:10165000D48007460026DFF8BCA1DFF8BC9100F279
:10166000934803E00136F3B25B457ED218F8015F80
:1016700098F80840A542F5D84FF404512222F3B25D
:10168000D7F888048DF813408DF812508DF8153076
:101690008DF81630ADF810108DF814200368641B17
:1016A000D3F800B0D34540F08680D0F804B00DF0F8
:1016B00075FE4FF0FF326FF0004310EB090041F16F
:1016C0000001824273EB010C3CBF104619464FF0FB
:1016D000000C029004AA0391584607233C21CDF840
:1016E00000C013F0F5FA821C73D0431C7BD007288E
:1016F0004DD1611C4FEAC61307D0691D1944621C05
:10170000394407F206401DF00DFCD7F8880407F2B3
:10171000054B036802341D68554553D145680DF0EB
:101720003DFE4FF0FF3C6FF0004210EB090341F12A
:1017300000019C4572EB01003CBF11466346284600
:1017400000255A460293039123463C21009513F04D
:10175000BFFA821C42D0431C4AD0A04221D197F844
:101760008DB40136F3B25B4580D3BBF1000F44D09A
:101770005A46802107F294401DF052FC5A4600213F
:1017800007F29C4007B0BDE8F04F1DF049BC03468E
:1017900007223C211A48FFF759FA1A48FFF75AFD69
:1017A000A7E7034622463C211548FFF74FFA1648A3
:1017B000FFF750FDD3E707233C2104AAD8470028B0
:1017C00097D1EAE723465A463C21A8470028C6D1CC
:1017D000EDE73C210D48FFF739FADEE73C210B48E5
:1017E000FFF734FAE3E73C210948FFF72FFAD4E783
:1017F0003C210748FFF72AFAD9E707B0BDE8F08F88
:1018000030070210FC0C0210280D0210980602107E
:10181000DC0602107D0C001040420F002DE9F04361
:10182000D0F804801646D8F800206E4BD7680446DE
:101830009F420D468BB040F0B5801E23D8F804704F
:101840008DF817300DF0AAFD4FF0FF3C6FF000420D
:10185000654BC01841F10001844572EB01033CBFA8
:10186000114660460123CDE902010DF11702384609
:101870006A21009313F02CFA0746B81C75D0791C26
:1018800000F09A80012F76D1D8F804700DF086FD13
:101890004FF0FF3C6FF00042534BC01841F1000184
:1018A000844572EB01033CBF114660460023CDE93D
:1018B000020106AA384600936A21102313F026FA83
:1018C000821C07467FD0431C00F0848010285AD128
:1018D000A36923B1002204F11C03C3E88F2FD4E9CC
:1018E0000489BDF91C000EF04BF942464B460EF040
:1018F00089F8C6E90001BDF91E000EF041F9424623
:101900004B460EF07FF8C6E90201BDF920000EF04B
:1019100037F942464B460EF075F8C6E90401D4E9A2
:101920000267BDF922000EF02BF932463B460EF05D
:1019300069F8C5E90001BDF924000EF021F932462D
:101940003B460EF05FF8C5E90201BDF926000EF036
:1019500017F932463B460EF055F802460B46012079
:10196000C5E904230BB0BDE8F0836A219DF8172078
:101970001E48FFF76BF93B466A219DF817201C486B
:10198000FFF764F980E710236A219DF817201948B2
:101990000097FFF75BF91848FFF75CFC00200BB0DD
:1019A000BDE8F0831023404600931E226A2106AB57
:1019B000B84700288CD1EEE76A219DF817200F4820
:1019C000FFF744F9D7E76A219DF817200C48FFF785
:1019D0003DF9E0E76A219DF817200A48FFF736F93C
:1019E000D9E700BF050D001040420F00A00702100C
:1019F000BC080210780A02104C0D021018080210E0
:101A00005C090210D409021083693BB11C30D0E894
:101A10008F0FC0B2003818BF0120704770B54568FD
:101A2000494A296886B0CC688DF8163094426BD14B
:101A30001E236C688DF817300DF0B0FC4FF0FF3CA2
:101A40006FF00042414BC31841F100019C4572EB1D
:101A500001003CBF634611460293012320460391D7
:101A60000DF117026A21009313F032F90446A01C0D
:101A70003CD0611C53D0012C3ED16D680DF08EFC22
:101A80004FF0FF346FF00042304BC31841F10001BA
:101A90009C4272EB01003CBF234611460024CDE975
:101AA00002310DF116020094284601236A2113F039
:101AB0002DF9821C044639D0431C3ED0012807D1A1
:101AC0009DF8160010F0030018BF012006B070BD8D
:101AD00001236A219DF817201D480094FFF7B6F8EE
:101AE0001C48FFF7B7FB002006B070BD6A219DF8C7
:101AF00017201948FFF7AAF823466A219DF81720F6
:101B00001648FFF7A3F8B8E701261E226A212846E7
:101B10000DF116030096A0470028D1D1E0E76A2115
:101B20009DF817200E48FFF791F8E5E76A219DF828
:101B300017200C48FFF78AF8D2E76A219DF8172092
:101B40000948FFF783F8CBE7050D001040420F006E
:101B5000780A0210780D0210A0070210BC080210CB
:101B6000180802105C090210D40902104FF42E422A
:101B700030B5D0F8880487B0ADF814200268224B45
:101B800014689C422ED145680DF008FC4FF0FF34DC
:101B90006FF000421D4BC31841F100019C4272EBF3
:101BA00001003CBF234611460024CDE9023105AABD
:101BB000284602233C21009413F08AF8821C19D095
:101BC000431C1CD0022801D107B030BD03460222BD
:101BD0003C210F48FFF73AF8AE210E48FFF73AFBD9
:101BE00007B030BD02233C2105AAA0470028F3D04E
:101BF00007B030BD3C210848FFF728F8ECE73C214E
:101C00000648FFF723F8E7E77D0C001040420F007D
:101C100030070210A80D021098060210DC06021010
:101C20004FF42F4230B5D0F8880487B0ADF81420B7
:101C30000268224B14689C422ED145680DF0AEFB21
:101C40004FF0FF346FF000421D4BC31841F100010B
:101C50009C4272EB01003CBF234611460024CDE9B3
:101C6000023105AA284602233C21009413F030F8E3
:101C7000821C19D0431C1CD0022801D107B030BDF2
:101C8000034602223C210F48FEF7E0FFAF210E4839
:101C9000FFF7E0FA07B030BD02233C2105AAA047B8
:101CA0000028F3D007B030BD3C210848FEF7CEFF36
:101CB000ECE73C210648FEF7C9FFE7E77D0C001082
:101CC00040420F0030070210A80D021098060210C3
:101CD000DC0602102DE9F04F81461C463F4F83B0D1
:101CE0000846C9E900710C9E114690469DF8345093
:101CF00012F0C8FF032120460CF010FA03213046F1
:101D00000CF00CFA002D51D14FF0000343EC44408D
:101D100043EC446043EC404043EC40604FF0504B98
:101D20004FF0010A052120460CF0F8F90521304654
:101D30000CF0F4F9DBF804700AFA06F52F4023D111
:101D4000274B8DF80770B3FBF8F809278DF806A02C
:101D5000DBF8041015EA010A11D19DF8063043ECB6
:101D60004440404651460DF0C9F99DF8073043EC18
:101D70004440404651460DF0C1F9013FE8D14FF0D3
:101D800050435B681D421CD14FF0000343EC4440BC
:101D900043EC4460032120460CF0C0F93046032197
:101DA0000CF0BCF9484603B0BDE8F08F2046002295
:101DB00001210CF0D1F90022012130460CF0CCF9C0
:101DC000A2E74FF0010343EC4460002140460DF0D0
:101DD00095F94FF0000343EC4460D5E778380210E2
:101DE00020A10700000000002DE9F04F8DB004AFE6
:101DF00097F848407B603C6000247C760446A3460C
:101E0000C7E902210DF0CAFADBF80440DFF8249399
:101E100023680646D3F80C808A46C845BE4D40F07C
:101E2000AB810F233B77D4F804800DF0B7FA4FF065
:101E3000FF326FF00043401941F10001824273EB21
:101E4000010C3CBF104619460123CDE9020107F100
:101E50001C0240466A21009312F03AFF10F1020F73
:101E6000804600F03881B0F1FF3F00F09D810128ED
:101E700040F0368164680DF091FA4FF0FF326FF058
:101E80000043401941F10001824273EB010C3CBF59
:101E9000104619460023CDE9020100936A2120462D
:101EA000012307F1190212F031FF811C00F01782A3
:101EB000421C00F02082012840F03E810026BE76C0
:101EC000FE760DF06BFA05468A46C7F814B00DF0A1
:101ED00065FA924B401B61EB0A01834276EB0101EC
:101EE000C0F04E837B69D3F804B0DBF80030D3F840
:101EF0000C80C84540F05E8110233B77DBF80480FE
:101F00000DF04CFA4FF0FF326FF00043824C001995
:101F100041F10001824273EB010C3CBF10461946AF
:101F20000123CDE9020107F11C0240466A2100931A
:101F300012F0CEFE10F1020F804600F0D880B0F112
:101F4000FF3F00F04481012840F0D680DBF8048098
:101F50000DF024FA4FF0FF326FF000436E4C001981
:101F600041F10001824273EB010C3CBF104619465F
:101F700007F11A043C61CDE90201009601234046B5
:101F80006A213A6912F0C2FE831C00F02681441CCB
:101F900000F02981012840F0B6807B69D3F80480E5
:101FA000D8F80030D3F80CB0CB4540F02281112393
:101FB0003B77D8F804B00DF0F1F94FF0FF326FF035
:101FC0000043554C001941F10001824273EB010CB2
:101FD0003CBF104619460123CDE9020107F11C025E
:101FE00058466A21009312F073FE10F1020F8346E7
:101FF00000F0CE80B0F1FF3F00F07781012840F083
:10200000CC80D8F804B00DF0C9F94FF0FF326FF072
:102010000043414C07F11B08001941F100018242C5
:1020200073EB010C3CBF104619460023CDE90201B9
:1020300000936A2158460123424612F067FE811C34
:1020400000F0CB80421C00F0CE8001285BD1BB7E2B
:10205000FA7E13430F2B40F2DE807B69304A5868CA
:102060000368D3F80880904540F04B814FF48972A3
:10207000BA83D3F800B02B4B9B4540F05981D0F880
:1020800004B00DF08BF94FF0FF326FF00043DFF832
:1020900088C010EB0C0041F10001824273EB010C8F
:1020A0003CBF104619460023CDE902010093584673
:1020B00002236A2107F11C0212F00AFE831C00F0C1
:1020C0004F82441C00F05482022840F02781642093
:1020D0000DF064F8FBE66A213A7F1348FEF7B6FD7F
:1020E00043466A2111483A7FFEF7B0FDC2E66A21F5
:1020F0003A7F0D48FEF7AAFD43466A213A7F0B4816
:10210000FEF7A4FD22E73A7F012300906A210848E8
:10211000FEF79CFDDBE600BF40420F001FA1070059
:102120007D1100107D0C0010A0070210BC080210E9
:10213000780A0210050D00103A7F012300906A21F1
:102140009748FEF783FD9748FFF784F80DF026F9CE
:102150000023954A801B61EB0A0182428B41C0F04B
:10216000F0800A200DF01AF8DBF804402368D3F859
:102170000C80C8453FF455AE0123204600930F2242
:102180006A2107F11903C04700287FF497AEDAE708
:102190006A213A7F8548FEF759FD5B466A213A7FFE
:1021A0008348FEF753FD2CE76A213A7F8148FEF70A
:1021B0004DFD95E70123009307F11A0358461022BD
:1021C0006A213B61C04700287FF4E7AE7FE66A21C1
:1021D0003A7F7848FEF73AFD8EE76A213A7F7648E3
:1021E000FEF734FD73E66A213A7F7448FEF72EFD50
:1021F0006DE60123404607F11B0800931122434678
:102200006A21D84700283FF462AEBB7EFA7E1343B2
:102210000F2B3FF622AF7C690DF0C0F806468B46C7
:10222000674D7C617B695C682368D3F80CA0CA4564
:1022300040F0D2800F233B77D4F804A00DF0AEF825
:102240004FF0FF326FF00043401941F1000182422C
:1022500073EB010C3CBF104619460123CDE9020186
:1022600007F11C0250466A21009312F031FD10F173
:10227000020F82466ED0B0F1FF3F00F05F8101286F
:102280006DD164680DF08AF84FF0FF326FF00043B3
:10229000401941F10001824273EB010C3CBF104632
:1022A00019460023CDE9020100936A21204601234B
:1022B00007F1190212F02AFD811C00F04581421C31
:1022C00000F04881012851D1797E7B696B299A46BB
:1022D00000F092806B223B48FEF7BCFF35E06A219C
:1022E0003A7F3548FEF7B2FC2DE76A213A7F314844
:1022F000FEF7ACFC51E76A213A7F3048FEF7A6FCB6
:1023000021E70123122200936A212F4BC0470028A6
:102310007FF4DDAE2D48FEF79DFFD8E6034602228E
:102320006A212B48FEF792FC2848FEF793FFCEE681
:1023300002236A2107F11C02D84700287FF4C7AEA8
:10234000E8E764212348FEF785FF00202437BD46D7
:10235000BDE8F08F6A213A7F1448FEF777FC5346B8
:102360006A2113483A7FFEF771FC8AE73A7F01231E
:1023700000906A210A48FEF769FC0A48FEF76AFFE6
:102380000DF00CF80023084A801B61EB0B01824220
:102390008B41C0F0F9800A200CF000FF42E700BF3B
:1023A000780A0210240E02109F860100A007021076
:1023B000BC080210180802105C090210D4090210AF
:1023C00040420F00E00E0210063A0210500E0210BA
:1023D00030070210D00D02100123204600930F2277
:1023E0006A2107F11903D0470028C6D0797E7B699E
:1023F0006B299A467FF46EAF0023DAF80440FB762F
:102400002368DD684D4540F02F8310233B776568D6
:102410000CF0C4FF4FF0FF366FF00042B14BC01814
:1024200041F10003864272EB03013CBF1346304684
:10243000CDE902030123284600936A2107F11C021B
:1024400012F046FC831C054600F04083461C00F059
:102450008E82012840F0908264680CF09FFF4FF05C
:10246000FF356FF000429F4BC01841F100038542D9
:1024700072EB03013CBF13462846CDE9020300235B
:1024800020460093424601236A2112F03FFC851C3E
:10249000044600F06683601C00F06983012C40F064
:1024A000F482FB7EFA6823F00C031343DAF804008D
:1024B000FB7602688C4C9568A54240F0FA827B77E7
:1024C00010233B771568894B9D4240F02583456872
:1024D0000CF064FF4FF0FF3C6FF00042814BC018DE
:1024E00041F10003844572EB03013CBF1346604693
:1024F000CDE9020300236A2100932846022307F155
:102500001C0212F0E5FB811C00F07783421C00F0F6
:102510007983022840F0F982FA680C2A39D8DFE87A
:1025200012F044023800380038003E02380038000B
:102530003800380238003800380032026A213A7F09
:102540006B48FEF783FB0AE76A213A7F6948FEF78A
:102550007DFB12E76A213A7F6748FEF777FB0CE7BD
:102560006A216648FEF772FB6548FEF773FEAEE52A
:102570006A216448FEF76AFB6148FEF76BFEA6E538
:102580006148FEF767FEE0E664216048FEF762FE00
:10259000DBE600225E4B5F48CAE90223FEF75AFEE3
:1025A0000023DAF80450FB762B68DE684E4540F0D5
:1025B000A18211233B776E680CF0F0FE4FF0FF3CD8
:1025C0006FF00042474BC01841F10003844572EBA5
:1025D00003013CBF13466046CDE9020301233046A8
:1025E00000936A2107F11C0212F072FB831C06465D
:1025F00000F02E82701C00F0A282012E40F02D828D
:102600006D680CF0CBFE4FF0FF366FF00042354B9B
:10261000C01841F10003864272EB03013CBF134630
:102620003046CDE90203002328466A210093424642
:10263000012312F06BFB811C054600F0CB82421C8B
:1026400000F0FF82012840F04782FB7EBA6823F049
:102650000F031343DAF80400FB7602689568A5427D
:1026600040F060827B7711233B7715681F4B9D42BA
:1026700040F0A48245680CF091FE4FF0FF3C6FF0F3
:102680000042184BC01841F10003844572EB03016E
:102690003CBF13466046CDE9020300232846009361
:1026A0006A21022307F11C0212F012FB831C00F0C6
:1026B000EF82451C00F0F782022840F07882BA6869
:1026C0000C2A29D8DFE812F0BE01B801B2012800B7
:1026D00083012800280028007D0128002800280008
:1026E000770100BF40420F007D1100107D0C0010EB
:1026F000180802105C090210D40902109806021092
:10270000500E0210DC060210B0100210800E0210F3
:102710000000F03F8C0F021000220023BE48CAE9DF
:102720000423FEF797FD0023DAF80450BB762B68EC
:10273000DE684E4540F0218210233B776E680CF036
:102740002DFE4FF0FF3C6FF00042B44BC01841F13A
:102750000003844572EB03013CBF13466046CDE99C
:102760000203012330466A2107F11C02009312F094
:10277000AFFA811C064600F09081421C00F02482D2
:10278000012840F08F816D680CF008FE4FF0FF3695
:102790006FF00042A14BC01841F10003864272EB7A
:1027A00003013CBF13463046CDE9020300230093EA
:1027B000284601236A213A6912F0A8FA831C0546CB
:1027C00000F06082461C00F06882012840F0E7813A
:1027D000BB7E7A6803F00F031A43DAF80400BA7676
:1027E000134602689568A54240F0FA817B77102372
:1027F0003B7716688A4B9E4240F00F8246680CF089
:10280000CDFD4FF0FF3C6FF00042844BC01841F10A
:102810000003844572EB03013CBF13466046CDE9DB
:1028200002030023304600936A21022307F11C02B1
:1028300012F04EFA0346981C00F05C82591C00F01E
:102840005482022B40F0E3810023DAF80450FB7637
:102850002B68DE684E4540F0E68111233B776E68B9
:102860000CF09CFD4FF0FF3C6FF000426B4BC0182A
:1028700041F10003844572EB03013CBF13466046FF
:10288000CDE902030123304607F11C026A210093BF
:1028900012F01EFA821C064600F05781431C00F01D
:1028A000EB81012840F056816D680CF077FD4FF008
:1028B000FF366FF00042594BC01841F100038642C9
:1028C00072EB03013CBF13463046CDE902030023FF
:1028D00028460093424601236A2112F017FA861C0B
:1028E000054600F0FC81681C00F0F381012D40F0EA
:1028F000AE81FB7E3A6803F00F031A43DAF8040056
:10290000FA76134602689568A54240F0A881112125
:102910007B773977424B15689D4240F0CF814668FE
:102920000CF03CFD4FF0FF356FF000423B4BC318FD
:1029300041F100019D4272EB01003CBF2B46114664
:1029400000250293039102236A21304607F11C02FD
:10295000009512F0BDF9811C034600F0B581421CC0
:1029600000F0CD81022840F0A3810120EEE46A212D
:102970003A7F2C48FEF76AF92B466A213A7F2A48AB
:10298000FEF764F968E516A3D3E90023CAE9022338
:1029900006E615A3D3E90023CAE9022300E614A33F
:1029A000D3E90023CAE90223FAE513A3D3E90023FC
:1029B000CAE90223F4E512A3D3E90023CAE90423F8
:1029C000B1E611A3D3E90023CAE90423ABE610A3BF
:1029D000D3E90023CAE90423A5E600BFAFF30080D2
:1029E000D5CC5A0A48FB2F3FD5CC5A0A48FB1F3F8B
:1029F000D5CC5A0A48FB3F3FD5CC5A0A48FB0F3F7B
:102A00005F91331C4F04543F5F91331C4F04443F8C
:102A10005F91331C4F04343F3C10021040420F00C2
:102A20007D0C001018080210BC080210C6A3D3E9E0
:102A30000023CAE9042376E6C5A3D3E90023CAE943
:102A4000042370E6C4A3D3E90023CAE904236AE699
:102A50006A213A7FAC48FEF7F9F833466A213A7F9B
:102A6000AA48FEF7F3F8CBE5012320460093102295
:102A700043466A21A84700287FF413ADA448FEF717
:102A8000E9FBA448FEF7E6FB5FE43A7F01236A21F5
:102A9000A1480094FEF7DAF8F0E76A213A7F9A48F5
:102AA000FEF7D4F833466A213A7F9848FEF7CEF80D
:102AB00069E60123102200936A214346A8470028B3
:102AC0007FF42AAD9548FEF7C5FBDAE76A213A7F25
:102AD0008D48FEF7BBF84FE73A7F01236A218E4805
:102AE0000095FEF7B3F88E48FEF7B4FB8D48FEF76D
:102AF000B1FB2AE4012328460093112243466A21B0
:102B0000B04700287FF4A1ADEDE7034602226A2119
:102B10008548FEF79BF8D5E702236A2107F11C02DE
:102B2000A847CCE70123112200936A214346A84716
:102B300000287FF4C4AD7D48FEF78CFBD6E76A2100
:102B40003A7F7B48FEF782F887E76A213A7F6E4832
:102B5000FEF77CF833466A213A7F6C48FEF776F838
:102B6000A2E66A213A7F7348FEF770F886E76A2189
:102B70003A7F7148FEF76AF880E701230093284600
:102B800010226A213B69B04700287FF421AE6048DB
:102B9000FEF760FB6948FEF75DFBFFF7D6BB3A7FA7
:102BA00001236A215C480095FEF750F8EFE70346E1
:102BB00002226A215C48FEF749F8BCE702236A2139
:102BC00007F11C02A847B3E76A213A7F5848FEF78D
:102BD0003DF867E76A213A7F5648FEF737F882E703
:102BE00001223B696A2100921022A84700287FF445
:102BF0002BAE4A48FEF72EFBCCE76A215048FEF781
:102C000025F85FE76A214F48FEF720F85AE70222CD
:102C10006A214548FEF71AF8EBE702236A2107F11B
:102C20001C02B047E2E701232846009311224346E5
:102C30006A21B04700287FF45CAE3948FEF70AFBF2
:102C4000A8E76A213A7F3C48FEF700F84BE73A7F55
:102C500001236A2130480095FDF7F8FFEDE70124D4
:102C6000434611226A210094A84700287FF47DAED4
:102C70002E48FEF7EFFA8DE76A213A7F2C48FDF7E0
:102C8000E5FF67E76A213A7F2A48FDF7DFFF7EE725
:102C90006A212B48FDF7DAFF4DE76A213A7F264883
:102CA000FDF7D4FF73E76A212648FDF7CFFF42E71F
:102CB00002226A211C48FDF7C9FFD9E702236A21D5
:102CC00007F11C02A847D0E76A211D48FDF7BEFFA7
:102CD000CEE76A213A7F1848FDF7B8FFADE76A21D1
:102CE0003A7F1448FDF7B2FFA7E76A211548FDF7C0
:102CF000ADFF7EE76A211248FDF7A8FF79E76A2158
:102D00001048FDF7A3FFB3E7A0070210BC080210AC
:102D1000300F0210B40F0210780A02105C0F02107C
:102D2000E40F0210601002103007021010100210A1
:102D3000180802105C090210D40902108C1002104D
:102D400098060210DC0602105F91331C4F04143FFA
:102D50005F91331C4F04643F5F91331C4F04243F49
:102D600070B50446164682B01F2923611D464FEAFE
:102D700051038ABF03F0030303F0070308339DF8F0
:102D800018C0A36001F00103C4E90012E360084623
:102D900084F818C004210BF0C1F9052130460BF06E
:102DA000BDF94FF0010343EC4460052025610CF0B0
:102DB000A7FB07EE905A06EE900AF8EE677AF8EE57
:102DC000666A9FED296A86EEA77AB4EEC67AF1EEBE
:102DD00010FA2AD8FCEEC77A17EE902A102190B28A
:102DE000A368626103EB83039B0003F1804202F559
:102DF0002822516061681061227E42EC4010E26836
:102E00002046003A18BF012203F180430C3303F53A
:102E100028215242096882F47F4282F0FF0203F5C2
:102E200029230A401A6002B070BDC7EE067AFCEE94
:102E3000E76ACDED016A9DF80430B3EE007A06EE44
:102E4000903AF8EEE66A77EEE67A67EE877AFCEE7D
:102E5000E77ACDED017A4FF6FF709DF80410024637
:102E600041EA0311BCE700BF00FF7F4710B51B20FC
:102E70000BF0CCF94FF000041B2344EC44301A2033
:102E80000BF0C4F91A2344EC443019200BF0BEF9BE
:102E9000192344EC443014200BF0B8F90124142316
:102EA00044EC44300FF058FB4FF050435B681B017B
:102EB00011D504220849094B0C701A700FF020FE3E
:102EC0000028FBD00648FDF791FEBDE810404FF406
:102ED0007A700CF063B910BD864200208742002052
:102EE000CC1002102DE9F04786B00CF057FADFF84D
:102EF0000883B44ED8F804900546D9F800300F4640
:102F0000D3F80CA0B04CB24540F0158103238DF8E6
:102F10001730D9F804A00CF041FA4FF0FF326FF0EF
:102F20000043001941F10001824273EB010C3CBFE8
:102F300010461946012302900391504606210DF1D7
:102F40001702009311F0C4FE10F1020F824600F048
:102F5000FC80B0F1FF3F00F08C80012840F08F80B2
:102F6000D9F804900CF01AFA4FF0FF3C6FF00042D1
:102F7000031941F100019C4572EB01003CBF63461F
:102F800011464FF0000CCDE90231484601230621DD
:102F900005AACDF800C011F0B9FE831C00F0E38053
:102FA000411C00F0EE80012840F0A7800CF0F6F9FB
:102FB000DFF848820546D8F804900F46D9F800306B
:102FC000814CD3F80CA0B24540F08D8003238DF8DE
:102FD0001730D9F804A00CF0E1F94FF0FF326FF090
:102FE0000043001941F10001824273EB010C3CBF28
:102FF00010461946012302900391504606210DF117
:103000001702009311F064FE10F1020F82463ED0C9
:10301000B0F1FF3F00F0A08001283ED1D9F8049024
:103020000CF0BCF94FF0FF3C6FF00042031941F186
:1030300000019C4572EB01003CBF634611464FF016
:10304000000CCDE9023105AA484601230621CDF83E
:1030500000C011F05BFE821C00F08C80431C00F06D
:103060009780012821D15948FDF7C0FD06B0BDE881
:10307000F08706219DF817205548FDF7E7FD5346D8
:1030800006219DF817205348FDF7E0FD68E706216B
:103090009DF817205048FDF7D9FD534606219DF8AD
:1030A00017204C48FDF7D2FDB8E700900123062118
:1030B0004A489DF81720FDF7C9FD0CF06FF9002371
:1030C000474A401B61EB070182428B4167D30A20CC
:1030D0000CF064F8D8F80490D9F80030D3F80CA0BC
:1030E000B2453FF473AF0123484600930322062103
:1030F00005ABD0470028E0D0B5E7009001230621BA
:1031000036489DF81720FDF7A1FD0CF047F9002384
:10311000334A401B61EB070182428B414BD30A20AB
:103120000CF03CF8D8F80490D9F80030D3F80CA093
:10313000B2453FF4EBAE012348460093032206213B
:1031400005ABD0470028E0D030E706219DF81720D6
:103150002148FDF77BFD92E706219DF817201C48CA
:10316000FDF774FD99E706219DF817201D48FDF72E
:103170006DFDCAE706219DF817201A48FDF766FD88
:103180009BE706219DF817201748FDF75FFDBCE778
:1031900006219DF817201448FDF758FD8DE71348C8
:1031A000FEF758F80122124B08481A70FDF71EFD71
:1031B00006B0BDE8F0870F48FEF74CF801220C4B33
:1031C0001A70F3E6050D001040420F00FC100210CB
:1031D00018080210BC080210A0070210780A02109A
:1031E0009F8601005C090210D40902102011021010
:1031F0008E42002054110210484100204442002019
:103200002DE9F04F89B0D04804AFFDF7EFFC7023F3
:10321000CE4C0C22042120460093FEF7E5FD002849
:1032200000F0178300236268BB721368C84EDD6824
:103230009146B54240F0818313233B7355680CF0EF
:10324000ADF84FF0FF3C6FF00042C24BC01841F1A7
:103250000001844572EB01033CBF11466046012327
:10326000CDE9020107F10C0228466A21009311F012
:103270002FFD821C054600F0F682431C00F082837D
:10328000012840F0F582D9F804500CF087F8B14BD2
:103290006FF00042C0184FF0FF3341F1000183424C
:1032A00072EB01033CBF4FF0FF30114602902846FD
:1032B000002507F10A0803910095012342466A217F
:1032C00011F024FD0546A81C00F0C883691C00F01D
:1032D0001584012D40F02683BB7A606843F0020319
:1032E000BB720268DFF874B2916859450D4640F030
:1032F0004F837B7313233B73D2F80090964B994511
:1033000040F07083D0F804900CF048F84FF0FF3C88
:103310006FF000428F4BC01841F10001844572EB01
:1033200001033CBF114660460023CDE9020107F1CD
:103330000C020093484602236A2111F0C9FC821C4A
:1033400000F01C84431C00F06D84022840F097823A
:103350000023D4F80490FB72D9F80030D3F80CA005
:10336000B24540F0488315233B73D9F804301D461D
:103370000CF014F84FF0FF3C6FF00042754BC01892
:1033800041F10001844572EB01033CBF11466046E8
:103390000123CDE90201009328466A2107F10C02BE
:1033A00011F096FC03460233054600F0A382034663
:1033B000013300F04083012840F0A182D9F8049045
:1033C0000BF0ECFF4FF0FF3C6FF00042614BC01878
:1033D00041F1000107F10B0384457B6072EB0103AF
:1033E0003CBF604611460023CDE9020100934846E8
:1033F00001236A217A6811F089FC10F1020F8446DA
:1034000000F0C183B0F1FF3F00F01184012840F0CB
:103410006582FB7A606823F0070343F00403FB72C4
:103420000268D2F80890D94540F00B837B731523CE
:103430003B73D2F800A0484B9A4540F06583D0F822
:1034400004A00BF0ABFF4FF0FF3C6FF00042414B8C
:10345000C01841F10001844572EB01033CBF1146E5
:1034600060460023CDE9020100936A215046022301
:1034700007F10C0211F02CFC811C00F04E83421C61
:1034800000F0FD83022840F032830023D4F804903A
:10349000BB72D9F80030D3F80CA0B24540F0978247
:1034A00010233B73D9F804A00BF078FF4FF0FF3CDA
:1034B0006FF00042274BC01841F10001844572EBC8
:1034C00001033CBF114660460123CDE9020107F12B
:1034D0000C0250466A21009311F0FAFB10F1020F22
:1034E000824600F01382B0F1FF3F00F09182012884
:1034F00040F01182D9F804900BF050FF4FF0FF3CE0
:103500006FF00042134BC01841F10001844572EB8B
:1035100001033CBF604611460023CDE90201009340
:103520004846012342466A2111F0F0FB10F1020FD8
:10353000844600F01D83B0F1FF3F00F0678301284F
:1035400040F030820CE000BF88110210682E00208D
:10355000050D001040420F007D0C00107D11001081
:10356000BB7A606843F00203BB720268D2F808902D
:10357000D94540F053827B7310233B73D2F80090FF
:10358000C84B994540F09F82D0F804900BF006FF9D
:103590004FF0FF3C6FF00042C34BC01841F10001F7
:1035A000844572EB01033CBF114660460023CDE920
:1035B00002010093484602236A2107F10C0211F030
:1035C00087FB831C00F03F83451C00F053830228D7
:1035D00040F066820023D4F80490FB72D9F80030E2
:1035E000D3F80C80B04540F0778217233B73D9F8AD
:1035F00004800BF0D3FE4FF0FF3C6FF00042AA4B6B
:10360000C01841F10001844572EB01033CBF114633
:1036100060460123CDE9020107F10C0240466A2110
:10362000009311F055FB10F1020F804600F09E81CF
:10363000B0F1FF3F00F08982012840F09C81D9F869
:1036400004800BF0ABFE4FF0FF3C6FF00042964B56
:10365000C01841F10001844572EB01033CBF604694
:1036600011460023CDE902010093404601236A215F
:103670007A6811F04BFB10F1020F844600F0E882EB
:10368000B0F1FF3F00F0F082012840F01082FB7A99
:10369000606803F01F0343F04003FB720268D2F836
:1036A0000880D84540F057827B7317233B73D2F8CC
:1036B00000907C4B994540F0AF82D0F804900BF01D
:1036C0006DFE4FF0FF3C6FF00042774BC01841F1A8
:1036D0000001844572EB01033CBF114660460023A4
:1036E000CDE9020100936A214846022307F10C024A
:1036F00011F0EEFA811C00F0CC82421C00F0D38263
:10370000022840F053820023D4F80480FB72D8F8DA
:103710000030D3F80C90B14540F0B7810D233B73D6
:10372000D8F804600BF03AFE4FF0FF3C6FF0004217
:103730005D4BC01841F10001844572EB01033CBFB1
:10374000114660460123CDE90201009330466A210B
:1037500007F10C0211F0BCFA831C064600F0FA8057
:10376000451C00F0DF81012840F0F980D8F80460A2
:103770000BF014FE4FF0FF3C6FF000424A4BC018B4
:1037800041F10001844572EB01033CBF60461146E4
:1037900002903046002603917A68012300966A2140
:1037A00011F0B4FA0646B01C00F04782711C00F01C
:1037B0005582012E40F05881FB7A606823F00303A4
:1037C00043F00103FB72026896685E4540F0B081E9
:1037D0000D217B733973334B16689E4240F0E081B4
:1037E00046680BF0DBFD304B6FF00042C0184FF025
:1037F000FF3341F10001834272EB01033CBF4FF004
:10380000FF30114602903046002607F10C0203916A
:1038100002236A21009611F05BFA821C00F03482C8
:10382000431C00F03B82022840F0B3811F4B002272
:10383000C3E88F2F1E48FDF7BBF91E4B1E4A1F48D9
:10384000DA60A3611C61FDF7D1F91437BD46BDE80C
:10385000F08F1B48FDF7FEFC01221A4B1A7014373B
:10386000BD46BDE8F08F6A213A7B1748FDF7EEF9B7
:103870002B466A213A7B1548FDF7E8F903E5034634
:1038800002226A211248FDF7E1F91248FDF7E2FC35
:103890001148FDF7DFFC01220A4B14371A70BD46B0
:1038A000BDE8F08F7D0C001040420F00842E0020F8
:1038B00064130210883C0020F90300108C130210DE
:1038C000A01102108E420020A0070210BC080210B6
:1038D00030070210E81102106C1202103A7B01232B
:1038E0006A21B648CDF800C0FDF7B0F9B448FDF73D
:1038F000B1FCCDE76A213A7BB248FDF7A7F92B4628
:103900006A213A7BB048FDF7A1F957E56A213A7B75
:10391000AC48FDF79BF953466A213A7BAA48FDF76C
:1039200095F9E7E53A7B01236A21A4480095FDF764
:103930008DF9A648FDF78EFCAAE7012307F10A08D6
:1039400010460093132243466A21A84700287FF4BB
:10395000C3ACEEE76A213A7B9A48FDF777F9334624
:103960006A213A7B9848FDF771F9FFE66A213A7BB4
:103970009448FDF76BF943466A213A7B9248FDF77C
:1039800065F95CE66A213A7B9148FDF75FF96FE7DC
:103990000123132200936A214346A84700287FF49D
:1039A000D7AC72E73A7B01236A218448CDF800C086
:1039B000FDF74CF98748FDF74DFC8748FDF74AFCB9
:1039C0000122864B14371A70BD46BDE8F08F0123E3
:1039D00048460093102243466A21D04700287FF4CE
:1039E000BFADE7E702236A2107F10C02C8470028B0
:1039F0007FF4AEAC49E70123009307F10B0348467F
:103A000015226A217B60D04700287FF402AD6DE764
:103A10006A213A7B6E48FDF719F97CE7012243469B
:103A200000926A211022C84700287FF4D3AD6C4869
:103A3000FDF710FCC1E76A213A7B6548FDF706F9FE
:103A40005DE70123009315226A217B68C84700289F
:103A50007FF41BAD6348FDF7FDFB19E76A213A7B54
:103A60006148FDF7F3F864E73A7B01236A21534884
:103A70000096FDF7EBF85D48FDF7ECFB5C48FDF7C1
:103A8000E9FB0122554B1A70E9E6012300934046F9
:103A90000D226A217B68C84700287FF48DAEEAE7D3
:103AA000034602226A215348FDF7D0F8BFE73A7B6C
:103AB00001236A214148CDF800C0FDF7C7F84E4800
:103AC000FDF7C8FB79E702236A2107F10C02C8471A
:103AD00000287FF47FADAAE7012300934846172210
:103AE0006A217B68C04700287FF4D1ADE7E7034631
:103AF00002226A213F48FDF7A9F8ABE76A213A7B29
:103B00003E48FDF7A3F814E702236A2107F10C02EF
:103B1000D04700287FF4B9AC9CE76A213848FDF70C
:103B200095F897E76A213A7B2948FDF78FF816E761
:103B300001257B680D226A210095B04700287FF49B
:103B400075AE3048FDF786FB98E76A213A7B20483E
:103B5000FDF77CF80FE70123009317226A217B68A9
:103B6000C04700287FF4CFAD2748FDF773FB24E75B
:103B70006A213A7B1C48FDF769F81BE76A21204857
:103B8000FDF764F881E66A213A7B1748FDF75EF895
:103B9000ACE6034602226A211648FDF757F8D0E743
:103BA00002236A2107F10C02B047C7E7034602224D
:103BB0006A211048FDF74AF8D6E700BF780A0210DC
:103BC00014120210A0070210BC080210BC1102104F
:103BD00018080210300F0210E41202108E4200206A
:103BE0005C0F0210401202105C0902100413021054
:103BF000AC1302103007021088120210D409021010
:103C00009806021034130210B41202106A213A7B93
:103C10002748FDF71BF8CDE602236A2107F10C02C5
:103C2000C8479EE76A212348FDF710F82DE66A2170
:103C30003A7B1F48FDF70AF858E66A213A7B1E488E
:103C4000FDF704F817E76A211C48FCF7FFFFEEE6D2
:103C50006A213A7B1848FCF7F9FF30E76A213A7B82
:103C60001348FCF7F3FF06E76A213A7B1048FCF79C
:103C7000EDFF24E76A210F48FCF7E8FFD7E66A2149
:103C80000C48FCF7E3FFE5E66A210C48FCF7DEFF91
:103C900057E76A210948FCF7D9FF65E76A2105481B
:103CA000FCF7D4FF4DE76A210248FCF7CFFF5BE742
:103CB000D4090210DC0602105C09021098060210FA
:103CC0002DE9F04FC848ADB0FCF790FFC74B1B780B
:103CD000002B40F088840023DFF82CA3DAF80C20B6
:103CE000CAF814308AF818306AB10122DAF80800EC
:103CF000DAF8041000F110039A404B681340FCD12D
:103D0000043041F8203000224CF250334FF0FF10C5
:103D1000CAF81420B64A0A21CAE90A320122B54C6F
:103D2000CAF81C10CAE90304DAF80800DAF804102B
:103D300000F110039A404B681340FCD199464FF0B4
:103D4000FF230124043041F820308AF819400BF099
:103D500025FB8AF818404C46CAE908010BF01EFB07
:103D6000DAE908329AF81950C31A61EB0202002D01
:103D700000F0BD81DAF828509D4274EB020280F217
:103D8000EB81DAF81C30CAE90801002B40F0F88317
:103D900000238AF818300BF001FB0C900E910BF009
:103DA000FDFA9FED8F7B88468DED1E7B8DED207B90
:103DB0008DED227B8DED247B8DED1C7B8DED1A7BB3
:103DC0008D4FDFF848B20A900BF0E8FA00230C9A06
:103DD000801A0E9A61EB0201874273EB0101C0F079
:103DE0009782DBF81830002B00F0BC81834BD3E8BE
:103DF0008F3FDBB253B90BF0D1FA0A9BC01A61EBCB
:103E00000801B0F5166F71F10001DDD30BF0C6FAB1
:103E1000DBF80440884623680A90DD68784B9D42B1
:103E200040F05F821E238DF89F3065680BF0B6FA74
:103E30004FF0FF326FF00043724E801941F10001E4
:103E4000824273EB01063CBF104619460123CDE9BF
:103E50000201009328466A210DF19F0210F038FFFD
:103E6000831C054600F01182461C00F05583012892
:103E700040F0118264680BF091FA4FF0FF326FF05E
:103E80000043604D401941F10001824273EB01058E
:103E90003CBF104619460023CDE90201009320469D
:103EA00010236A2128AA10F031FF841C00F05A83E5
:103EB000411C00F08A83102840F00782DBF818309C
:103EC0001BB14E4B0022C3E88F2F4FF47F0200231B
:103ED0009BED047BCAE904234CF2503301228DEDA3
:103EE000147B9BED027BBDF8A410CAF8283010911A
:103EF000BDF8A6103E4B1391BDF8A810CAF82C309F
:103F0000DAF80C301991BDF8AE10FF2B8DED167B51
:103F1000BDF8AA50BDF8AC401891CAF81C200FD0CB
:103F2000DAE90110FF23CAF80C3000F110039A40BF
:103F30004B681342FCD14FF47F43043041F82030EA
:103F400001268AF819600BF029FACAE908018AF8F3
:103F500018600BF023FADAE908329AF819C0C31A8C
:103F600061EB0202BCF1000F00F05681DAF8286024
:103F70009E424FF0000373EB02022CDADAF81C3099
:103F8000CAE90801002B00F09C814FF000038AF879
:103F900019309AF815309AF817201B0443EA026387
:103FA0009AF8162013439AF8142043EA0222DAF80A
:103FB0000C309A420FD0DAE9010C01210CF1100308
:103FC000CAF80C209940120243680B42FCD10CF154
:103FD000040C40F82C209AF81830002BB9D117E0C7
:103FE0000000000000000000CC13021096420020E8
:103FF000A086010000FFFF003F4B4C00842E0020F4
:10400000050D001040420F00B82B0020682E002044
:1040100028B20BF0B5FDDDE916562A4633460BF003
:10402000F1FC02460B46DDE91A010BF0C3FC024627
:104030000B4620B2CDE91A230BF0A2FD2A463346E7
:104040000BF0E0FC02460B46DDE91C010BF0B2FC74
:1040500002460B46BDF96000CDE91C230BF090FD34
:104060002A4633460BF0CEFC02460B46DDE924011E
:104070000BF0A0FC02460B46BDF94000CDE924231D
:104080000BF07EFDDDE9144522462B460BF0BAFC11
:1040900002460B46DDE922010BF08CFC02460B4682
:1040A000BDF94C00CDE922230BF06AFD22462B46D8
:1040B0000BF0A8FC02460B46DDE920010BF07AFC70
:1040C00002460B46BDF96400CDE920230BF058FDF4
:1040D00022462B460BF096FC02460B46DDE91E01FC
:1040E0000BF068FC09F10109CDE91E016CE6DAF874
:1040F0002C609E4295412FDADAF81C30CAE908019B
:10410000002BC4BF03F1FF33CAF81C30002B3FF46F
:104110003FAE01219AF811309AF813201B0443EAAC
:1041200002639AF812208AF8191013439AF81020A3
:1041300043EA0222DAF80C309A420DD0DAE901059E
:1041400005F11003CAF80C209940120243680B4293
:10415000FCD1043540F825209AF81830002B7FF464
:10416000FDAD18E6DBF804408DF89F302368DD686C
:10417000614B9D4240F0E3811E238DF8A0306568BD
:104180000BF00CF94FF0FF326FF000435B4E8019DB
:1041900041F10001824273EB01063CBF1046194613
:1041A0000123CDE90201009328466A2128AA10F0D4
:1041B0008FFD831C054676D0461C00F0CC8101287B
:1041C00077D164680BF0EAF84FF0FF326FF00043EC
:1041D0004A4D401941F10001824273EB01053CBF99
:1041E000104619460023CDE9020100932046012321
:1041F0006A210DF19F0210F089FD841C00F0EC8112
:10420000411C00F01882012840F08D819DF89F30FC
:104210009A077FF4FBADEEE5DAF82C609E427CEB6A
:104220000202BFF6D8AEDAF81C30CAE90801002B4A
:10423000C4BF03F1FF33CAF81C30002B41D0012268
:104240009AF811309AF813101B0443EA01639AF8A4
:1042500012108AF819200B439AF8101043EA012132
:10426000DAF80C3099423FF4B6AEDAE9010C0CF101
:104270001003CAF80C109A40090243681342FCD19B
:104280000CF1040C40F82C10A5E66A219DF89F2043
:104290001B48FCF7DBFC2B466A219DF89F20194840
:1042A000FCF7D4FCE6E56A219DF8A0201448FCF751
:1042B000CDFC2B466A219DF8A0201248FCF7C6FCD5
:1042C0007FE700238AF81830A2E6009010236A21C5
:1042D0009DF89F200C48FCF7B9FC0C48FCF7BAFF8E
:1042E00072E51023204600931E226A2128ABA847BE
:1042F00000287FF4E3ADF0E7050D001040420F0009
:10430000A0070210BC080210780A02104C0D02101F
:104310008AF818304FF47F03CAF81430DAF80C30FA
:10432000FF2B10D0DAE90110FF230122CAF80C306C
:1043300000F110039A404B681342FCD14FF47F43C5
:10434000043041F82030B9F1000F00F053814846A5
:104350000BF028FC04460D46DDE91A0122462B46E7
:104360000BF074FB02460B46DDE91C01CDE90C2382
:1043700022462B460BF06AFB02460B46DDE9240180
:1043800016461F4622462B46CDE910670BF05EFB12
:104390009DED0C7BDFF8F48202460B46DDE922013D
:1043A00088ED007B47EC176BCDE90E2388ED027B8F
:1043B00022462B460BF04AFB02460B46DDE9200164
:1043C000CDE90A2322462B460BF040FB22462B4622
:1043D00006460F46DDE91E010BF038FBA9A3D3E921
:1043E000002304460D46DDE90E019DED0A7BC8E978
:1043F000086788ED067BC8E90A450BF069FC0028D0
:1044000040F0B780DDE90E010022934B0BF0D2FAA9
:10441000DDE90C239DED0A7B8DED047B9DED107B8A
:10442000CDE902018DED007BCDE90845CDE90667B8
:10443000C8E904010120494688F830008748FCF7A4
:10444000D5FB874B1B78002B40F0FF8080A3D3E97E
:104450000023C8E90E23EFF3108572B6814C216862
:10446000C1F580001CF0C8F8D4E901212068C0F52E
:1044700080001CF075F885F31088D4E90012A0685C
:10448000C1F182511BF0D8F8754B1B78002B40F01E
:10449000D9804FF47F410022DAF80C30CAF81410AA
:1044A000B3F57F0F8AF8182011D0DAE901104FF424
:1044B0007F03012200F11004A240CAF80C304B68BF
:1044C0001342FCD14FF07F43043041F8203066485E
:1044D000FCF78CFB624B1B78002B40F088804FF47C
:1044E000FA700AF05BFE0023DAF80C20CAF81430E8
:1044F0008AF818306AB1DAE901100122CAF80C30E2
:1045000000F110039A404B681340FCD1043041F88D
:1045100020302DB0BDE8F08F6A219DF89F205348D0
:10452000FCF794FBB7E6009001236A219DF8A020D8
:104530004F48FCF78BFB4F48FCF78CFE5BE40123F4
:10454000204600931E226A210DF19F03A8470028F0
:104550007FF45CAEEFE76A219DF8A0204348FCF7AA
:1045600075FBA6E66A219DF89F204348FCF76EFB89
:10457000B3E60022DDE90E01374B0BF02FFA47E7D7
:104580009AF815309AF817201B0443EA02639AF848
:1045900016208AF8194013439AF8142043EA02229D
:1045A000DAF80C309A423FF4D7ADDAE9010501217F
:1045B00005F11003CAF80C209940120243680B421F
:1045C000FCD1043540F82520C6E56A219DF89F20DE
:1045D0002A48FCF73BFB80E66A219DF8A02026488C
:1045E000FCF734FBA7E710F0D5FDFFF774BB10F024
:1045F00003FE74E72248FCF72DFEFF22DAF80C30A8
:10460000CAF81420B3F57F4F8AF818903FF462AFD0
:10461000DAE901104FF47F43012200F11004A240B7
:10462000CAF80C304B681342FCD14FF47F030430BE
:1046300041F820304EE76A219DF8A0200F48FCF792
:1046400005FB78E710F0D8FD23E710F0A3FDFDE6A9
:1046500007B9E332D1FBE9AC0000F03FE0130210F0
:1046600096420020D8410020481402101808021079
:10467000780A0210780D02105C090210D4090210A9
:1046800064140210555555555555D53F702C0020D2
:104690002DE9F04FAC4887B0FCF7A8FA0122AB4DEA
:1046A000D5E90134196802FA04F421EA0401D5E9D4
:1046B000036019601968B24021EA02021A60421CC4
:1046C00001D009F0C7FD4FF0FF32002305202A6119
:1046D0002B750AF015FF07EE100A9FED9D6AB8EEE4
:1046E000477ADFED9C6AC7EE067A77EEA67ABCEED3
:1046F000E77A17EE101A89B26A68AB68002900F0F1
:10470000668107EE101AB8EE477ADFED936A77EE0E
:10471000C77A67EEA67AFCEEE77ACDED037A9DF8CC
:104720000C0000024FF0010C4FF4E13E4FF0FF3758
:1047300040EA014003EB430102EBC101C1F8C800AC
:10474000E96803F1040801EB410402EBC404C4F876
:10475000C800081D02F500590CFA00F00CFA08F820
:10476000C9F80080C9F8000010680CFA03F303438D
:1047700013601368794C0CFA01F123EA010313600A
:1047800004F15406C5F81CE085F814C06568286972
:10479000431C02D009F05EFD2F61A0680C3409F0C3
:1047A00059FDA642F2D16E4C65682869411C04D0BF
:1047B00009F050FD4FF0FF332B61A06809F04AFD6E
:1047C00025692869421C04D009F044FD4FF0FF33ED
:1047D0002B616069634C09F03DFD65682869431CE5
:1047E00004D009F037FD4FF0FF332B61A06809F0CA
:1047F00031FD14234FF0010242EC403064200AF0F6
:10480000CDFC4FF00C0B4FF0000A574E574C584F51
:10481000DFF8908106F10809002356F8045B397827
:10482000C4E9015BC4E90333002900F0BD801D2DFC
:1048300000F2D980284648F8254009F0E7FC4AEC08
:104840004450012228460C2109F09AFCB14504F19C
:104850001404E1D10AF0A2FD464C07464FF4FA7267
:10486000884645486168FCF7A3F9444D8126636892
:104870000721434A04A800960DF04CFC2B68EFF387
:10488000108272B6D3E8CF0F01210028FAD1C3E815
:10489000401F0028F6D1BFF35F8F206804A903688A
:1048A0004FF000095B686A60984720680722036838
:1048B00004A99B6898472B68C3E88F9F6B6883F3B4
:1048C00010880138032862681FD811462D48FCF76C
:1048D0006FF92D4A0521636804A80DF01BFC2068C0
:1048E00004A903685B68984720680522036804A947
:1048F0009B68984701286CD02448FCF7ABFC012248
:10490000234B1A7007B0BDE8F08F31462148FCF701
:10491000A1FC05200AF042FC0AF040FD1E4BC01B22
:1049200061EB0801834279EB01019FD261681B486A
:10493000FCF790FC1A48FCF78DFC0122144B1A700E
:1049400007B0BDE8F08F00BF98140210EC410020C2
:10495000000061490000003B000080430C3800204B
:10496000A441002030250020FC3902107C410020A9
:1049700085420020282500204C1502103C300020E4
:1049800090150210D81502100C1602108416021091
:104990008E4200209C1502101FA107001416021061
:1049A00050160210C42F002011480391FCF700F9A3
:1049B000782203990F481AF033FB0F4809F006FCE0
:1049C0000121152009F056FD01233B702FE7084611
:1049D000A8E69DF81030412B8ED10848FCF706F967
:1049E00007B0BDE8F08F2946054809F053FC00BF29
:1049F000B4140210C42F0020A9050010A416021040
:104A0000001502102DE9F04F2DED028B4FF000083C
:104A10009FEDBB8ADFEDBB8A044689B0BA4EDFF852
:104A20001CB3BA4D02919BF8143056F804AF9BB1F9
:104A3000DBF81C309A4568D0DBE9013001221968A7
:104A400002FA00F021EA0001DBF80C701960196825
:104A5000BA4021EA02021A6005200AF051FD4FEA2D
:104A6000CA0306EE900A07EE103AF8EE666AB8EE50
:104A7000C77AC6EE877A77EE887ABCEEE77A17EEC9
:104A8000101A88B2DBF80420DBF80830002800F0A8
:104A9000328107EE100AB8EE477A77EEC77A67EEF2
:104AA000A87AFCEEE77ACDED037A9DF80C100902A6
:104AB00041EA00410120DBF80C7003EB430E02EBEE
:104AC000CE0ECEF8C81007EB470E02EBCE0ECEF896
:104AD000C81003F10409391D02F5005E00FA01F166
:104AE00000FA09F9CEF80090CEF8001000FA07F1AC
:104AF000176800FA03F33B431360136823EA0103CA
:104B00001360CBF81CA08BF814000AF047FC4FF49C
:104B1000FA7281460F467E486168FCF749F80396B1
:104B20008126636807217B4A05A800960DF0F2FAFA
:104B30002B68EFF3108272B6D3E8CF0F0121002863
:104B4000FAD1C3E8401F0028F6D1BFF35F8F206879
:104B500005A903685B686A609847206807220368B4
:104B600005A99B6898472B68C3E88F8F6B6883F310
:104B7000108801380328626800F29B80114666485D
:104B8000029FFCF715F8BAF1FF3F00F0AE809BF8EA
:104B900014309BB1DBF81C309A4569D0DBE9013059
:104BA0000122196802FA00F021EA0001DBF80C503A
:104BB00019601968AA4021EA02021A6005200AF069
:104BC0009FFC4FEACA0307EE103ADBE9012306EE29
:104BD000900AB8EEC77AF8EE666A9FED496AC6EEAB
:104BE000877A77EE867ABCEEE77A17EE101A89B2EA
:104BF000002900F0828007EE101AB8EE477ADFED48
:104C0000416A77EEC77A67EEA67AFCEEE77ACDEDD9
:104C1000027A9DF808000002012540EA014003EBFA
:104C20004306DBF80C1002EBC606C6F8C80001EB21
:104C3000410602EBC606C6F8C8001E1D081D02F597
:104C4000005C05FA00F005FA06F6CCF80060CCF836
:104C50000000106805FA03F303431360136805FAB4
:104C600001F123EA01031360CBF81CA08BF8145068
:104C700080253B78294A019363680B2105A800959C
:104C80000DF048FA206805A903685B68984720681A
:104C900005A903680B229B689847012861684FD0DB
:104CA0001F48FCF7D7FA1F4809B0BDEC028BBDE8DE
:104CB000F08F31461C48FCF7CDFA05200AF06EFA59
:104CC0000AF06CFB194BB0EB090061EB0701834262
:104CD00078EB0101BFF424AF61681548039EFCF72F
:104CE000B9FA144BB3427FF49EAE134809B0BDEC41
:104CF000028BBDE8F08F0146DAE608468CE700BF7C
:104D00000000003B00008043443802103C3000208B
:104D10004C15021090150210D81502105C170210E5
:104D20006C170210E81602109C1502101FA1070054
:104D30001416021050380210C8160210EC41002060
:104D40009DF81430412BABD1822297F901500B46CC
:104D500000920B21684A019505A80DF0DBF9206847
:104D600005A903685B689847206805A903680B22BA
:104D70009B6898470128616808D06048FCF76AFA88
:104D80005F4809B0BDEC028BBDE8F08F9DF8143090
:104D9000412BF2D12A465B48FBF70AFF5A4A05210C
:104DA000636805A80DF0B6F9206805A903685B687B
:104DB000984720680522036805A99B689847012841
:104DC00005D0524809B0BDEC028BBDE8F08F9DF8CC
:104DD0001430412BF5D14FF4FA700AF0DFF94C4A48
:104DE0000521636805A80DF095F9206805A90368F9
:104DF0005B68984720680522036805A99B68984767
:104E0000012801D0434871E79DF81430412BF9D1B6
:104E10009BF81430A3B1DBF81C30B3F5165F66D0F5
:104E2000DBE901300122196802FA00F021EA0001F1
:104E3000DBF80C4019601968A24021EA02021A60EE
:104E400005200AF05DFB07EE100A9FED336AB8EE0D
:104E5000477ADFED326AC7EE067A77EEA67ABCEEC5
:104E6000E77A17EE103A98B2DBF80410DBF8082066
:104E700000283ED007EE100AB8EE477ADFED286A28
:104E800077EEC77A67EEA67AFCEEE77ACDED027A86
:104E90009DF808301B0201244FF4165543EA0043E5
:104EA00002EB420001EBC000C0F8C830DBF80C0098
:104EB00001F5005700EB400601EBC606C6F8C83006
:104EC000161D031D04FA03F304FA06F63E603B6068
:104ED00004FA02F30A6804FA00F013430B600B684B
:104EE00023EA00030B60CBF81C508BF81440002021
:104EF000FCE60346CFE700BF5C170210A4170210C0
:104F000000170210E41702101C18021020170210DC
:104F10000C16021040170210000096470000003BDC
:104F200000008043802370B50D46044686B0009390
:104F30002B78884A01930B21636803A80DF0EAF8E7
:104F4000206803A903685B689847206803A9036881
:104F50000B229B6898470128616805D07E48FCF7C2
:104F600079F97E4806B070BD9DF80C30412BF5D123
:104F7000822295F901600B4600920B21754A019639
:104F800003A80DF0C7F8206803A903685B68984779
:104F9000206803A903680B229B6898470128616871
:104FA00005D06F48FCF756F96E4806B070BD9DF805
:104FB0000C30412BF5D132466B48FBF7F9FDB020A0
:104FC0006B68644ACDE900030B21636803A80DF008
:104FD000A1F8206803A903685B68984720680B2242
:104FE000036803A99B689847012802D05F4806B070
:104FF00070BD9DF80C30412BF8D1B726EB68554AAF
:10500000019363680B2103A800960DF083F82068D4
:1050100003A903685B68984720680B22036803A90B
:105020009B689847012802D0514806B070BD9DF892
:105030000C30412BF8D1B826AB68464A019363681F
:105040000B2103A800960DF065F8206803A90368FA
:105050005B68984720680B22036803A99B68984700
:10506000012801D043487DE79DF80C30412BF9D150
:10507000BA262B7C374A019363680B2103A800965C
:105080000DF048F8206803A903685B68984720681A
:105090000B22036803A99B689847012801D0364872
:1050A00060E79DF80C30412BF9D1BC266B69294A89
:1050B000019363680B2103A800960DF02BF820687C
:1050C00003A903685B68984720680B22036803A95B
:1050D0009B689847012801D0284843E79DF80C3089
:1050E000412BF9D1BD26AA6963680B21019203A85F
:1050F000184A00960DF00EF8206803A903685B6853
:10510000984720680B22036803A99B6898470128E9
:1051100001D01B4826E79DF80C30412BF9D1194AE4
:105120000521636803A80CF0F5FF206803A9036854
:105130005B68984720680522036803A99B68984725
:10514000012801D010480DE79DF80C30412BF9D112
:10515000002007E75C1702106C170210E816021017
:10516000A417021000170210E417021024180210EE
:10517000401802105C1802107818021098180210DB
:10518000C01802101C1802102017021000000000A6
:105190002DE9F047994888B0FBF728FD0122984C8B
:1051A000D4E90135196802FA05F521EA0501D4E9C7
:1051B000036019601968B24021EA02021A60421CB9
:1051C00001D009F047F84FF0FF320023052022619B
:1051D00023750AF095F907EE100A9FED8A6AB8EE7A
:1051E000477ADFED896AC7EE067A77EEA67ABCEEDB
:1051F000E77A17EE101A89B26268A368002900F0F6
:105200009C8107EE101AB8EE477ADFED806A77EEE0
:10521000C77A67EEA67AFCEEE77ACDED037A9DF8C1
:105220000C00000201264FF4165740EA014003EB40
:10523000430102EBC101C1F8C800E16803F1040CAD
:1052400001EB410502EBC505C5F8C8000D1D02F5CF
:10525000005E06FA0CFC06FA05F5CEF800C0CEF8A2
:105260000050156806FA03F32B431360136806FA1F
:1052700001F123EA010313606548E76126754FF0E9
:105280000007FBF7B3FC142347EC40304FF4FA70EF
:1052900009F084FF4FF0FF395E4C04F15408656853
:1052A0002869431C03D008F0D5FFC5F81090A0680A
:1052B00008F0ACFFA36847EC403046EC44300C34B7
:1052C0004445ECD1DFF884814FF0FF3A44464FF07B
:1052D00000094FF0010708F1180665682869411CAC
:1052E00000F01A8108F0B6FFC5F810A0A06808F019
:1052F0008DFFA36849EC403047EC44300C34B44295
:10530000EBD1454C65682869421C04D008F0A2FF27
:105310004FF0FF332B61A06808F078FF4FF00002D8
:10532000A36842EC40304FF0010444EC4430642068
:1053300009F034FF142344EC40304FF4FA7009F0C4
:105340002DFF3648FBF752FC00244FF00109344F83
:10535000344E354D31463846FFF7E4FD024628B15C
:1053600021463248FBF776FF85F800900134072C80
:1053700007F1080706F11C06ECD12D48FBF736FCB7
:1053800000272C4D2C4C80262B782C4A0193236827
:105390000B2105A800960CF0BDFE54F8040C05A9DD
:1053A00003685B68984754F8040C05A903680B224E
:1053B0009B6898470128216800F08E802048FBF701
:1053C00049FF204A39462048FBF744FF0122164B8B
:1053D0001A70D8F804603069431C39D008F03AFFDD
:1053E0004FF0FF333361D8F8080008F033FFAFBB4C
:1053F0000127083508F10C080834C4E70419021025
:10540000EC410020000096470000003B0000804374
:105410001C1902100C380020302500203C19021005
:10542000D4370020383902108E4200206019021053
:105430009019021028390210704100205C170210E8
:105440006C170210E8160210B0190210A4410020D7
:10545000D8F8080008F0FEFE002FC9D06048FBF71E
:10546000C5FB60496048FFF7CDFA014628B15F48A7
:10547000FBF7F0FE01225E4B1A7001225D4D5E4C7F
:105480002B7884F83120002B7CD153A3D3E900235F
:10549000C4E90E23EFF3108672B6584C2168C1F5AB
:1054A00080001BF0A9F8D4E90002A168C0F58000D3
:1054B0001BF056F886F31088D4E90012A068C1F1F9
:1054C00082511AF0B9F82B78002B53D14C48FBF7D6
:1054D0008DFB08B0BDE8F0879DF81430412B7FF4B8
:1054E0006DAFB12200926A680B4601920B21454ACA
:1054F00005A80CF00FFE54F8040C05A903685B68BE
:10550000984754F8040C0B22036805A99B68984738
:10551000012814D03C4A55E7A06808F077FE4FF008
:105520000002A36842EC40304FF0010242EC4430EC
:105530000C34B4427FF4D1AEE3E6084672E69DF83F
:105540001430412BE6D1314A0521236805A80CF01F
:10555000E1FD54F8040C05A903685B68984754F80A
:10556000040C0522036805A99B68984701280CD004
:10557000274A27E70FF040FE2148FBF737FB08B02A
:10558000BDE8F0870FF006FE7FE79DF81430412B51
:10559000EED14FF4FA7009F001FE1E4A052123688E
:1055A00005A80CF0B7FD54F8040C05A903685B6866
:1055B000984754F8040C0522036805A99B6898478E
:1055C000012801D0144AFDE69DF81430412BF9D191
:1055D000FFE600BFAFF3008007B9E332D1FBE9ACCF
:1055E000DC190210043A021028250020F8190210D4
:1055F0008E42002096420020702C0020D8410020CE
:10560000201A02105C170210E81802101C18021071
:10561000201702100C1602104017021000000000A4
:105620002DE9F04F05468FB02946BC48FBF7DEFA5E
:105630000023BB4CE2686361237662B1D4E90110B8
:105640000122E36000F110039A404B681340FCD143
:10565000043041F82030012D00F28C83B14A05EB73
:10566000850302EB83025068AB001D280892099362
:1056700005D8AD4E56F820309A4200F09A85AB4AD4
:1056800005EB450302EB83035E686B000793337DF4
:1056900093B1F369B3F5165F65D0D6E90120012314
:1056A000116803FA00F021EA0001F768116011683F
:1056B000BB4021EA03031360052009F021FFD6E96E
:1056C000012307EE100A9FED9A6AB8EE477ADFEDE4
:1056D000996AC7EE067A77EEA67ABCEEE77A17EEFD
:1056E000101A89B2002900F0E68407EE101AB8EE0D
:1056F000477ADFED916A77EEC77A67EEA67AFCEE1D
:10570000E77ACDED027A9DF808703F0201204FF450
:10571000165847EA014703EB430CF16802EBCC0C47
:10572000CCF8C87001EB410C02EBCC0CCCF8C87083
:1057300003F1040C0F1D02F5005E00FA07F700FAF2
:105740000CFCCEF800C0CEF80070176800FA03F326
:105750003B431360136800FA01F123EA010313606D
:10576000C6F81C80307514234FF0000242EC403024
:105770004FF4FA7009F012FD6C4A6B002B4402EBF7
:1057800083035E683069431C04D008F063FD4FF06A
:10579000FF3333616B005E19644B03EB8606B06820
:1057A00008F034FD4FF00002B36842EC40304FF097
:1057B000010747EC4430642009F0F0FC142347EC67
:1057C00040304FF4FA7009F0E9FC76683069471C04
:1057D00004D008F03FFD4FF0FF333361534A6B00B4
:1057E0002B4402EB8303986808F034FD09F0D6FDE2
:1057F0008B468246514F4FF4FA7207EBC50350486F
:105800005968CDF80CB0CDF808A0AB46FBF7D0F93D
:105810004C4E4FEAC509812507EB0908D8F804303A
:105820000721494A0BA800950CF074FC3368EFF38C
:10583000108272B6D3E8CF0F01210028FAD1C3E855
:10584000401F0028F6D1BFF35F8F57F83B0072600E
:1058500003680BA95B68984757F83B000722036869
:105860000BA99B6898474FF0000A3368C3E88FAFD5
:10587000736883F3108801380328D8F8042000F2F5
:105880003B8111463148FBF793F94CF250330A2221
:10589000A3622F4B5D46E3622E4BC4F814A0236134
:1058A000E368E261B3F1FF1F10D0D4E901104FF0BB
:1058B000FF130122E36000F110039A404B6813428A
:1058C000FCD14FF0FF23043041F820304FF00108A5
:1058D00084F8198009F062FDAA4684F818804FF018
:1058E0000008C4E9080109F059FDD4E9083294F828
:1058F00019C0C31A61EB0202BCF1000F00F0CA81AB
:10590000A56A9D4278EB020280F2F381E369C4E963
:105910000801002B40F030841EE000BF401A021046
:10592000B82B00207C410020C42F0020A44100207F
:10593000000096470000003B000080436C410020BF
:105940004C1502103C30002090150210D8150210A2
:10595000A086010000FFFF0000235546237609F0D2
:105960001DFD4FF0FF3200239346CDE90413039051
:1059700006934FF0000ACDF808B009F00FFD039B25
:10598000C01A049B61EB0301B44B83427AEB010123
:10599000C0F0FC814FF0010807EB090BDBF8043085
:1059A0000721AF4A0BA8CDF800800CF0B3FB336899
:1059B000EFF3108272B6D3E8CF0F01210028FAD19D
:1059C000C3E8401F0028F6D1BFF35F8F57F83500BA
:1059D000726003680BA95B68984757F83500072287
:1059E00003680BA99B6898473368C3E88FAF736857
:1059F00083F310880138032800F2B58100211022BA
:105A00000BA8DDF808B018F019FE4FF47F034CF234
:105A100050312361934BC4F814A0C4E90A13E3681E
:105A20008246FF2BC4F81C8010D0D4E90121FF234B
:105A3000E36001F1100308FA03F8536813EA080F52
:105A4000FBD14FF47F43043142F821304FF001087D
:105A500084F8198009F0A2FC84F818804FF000083F
:105A6000C4E90801029509F099FCD4E9083294F8D8
:105A700019C0C31A61EB0202BCF1000F00F03F81B4
:105A8000A56A9D4278EB020225DAE369C4E90801C0
:105A9000002B00F06481637DE27D1B0443EA026316
:105AA000A27D84F819801343227D43EA0222E36831
:105AB0009A4210D0D4E9010C01210CF11003029D8F
:105AC000E2609940120243680B42FCD10CF1040CD5
:105AD000029540F82C20237E002BC4D1029D059B0B
:105AE000534538BF53460593069BD34503F1010345
:105AF00028BFD34606933CE729465B48FBF7AAFB41
:105B0000052009F04BFB09F049FC029A574B801A1B
:105B1000039A61EB020183427AEB0101BFF47BAE91
:105B2000D8F804105248FBF795FB59465148FBF74B
:105B300091FB079B504A5B4402EB83035C685D4624
:105B4000237D93B1E369B3F5E13F64D0D4E901303B
:105B50000122196802FA00F021EA0001E6681960E2
:105B60001968B24021EA02021A60052009F0C8FC57
:105B7000D4E9012307EE100A9FED406AB8EE477A98
:105B8000DFED3F6AC7EE067A77EEA67ABCEEE77ADB
:105B900017EE101A89B2002900F0458307EE101A9B
:105BA000B8EE477ADFED376A77EEC77A67EEA67A06
:105BB000FCEEE77ACDED027A9DF80800000201269E
:105BC0004FF4E13740EA014003EB430CE16802EB9C
:105BD000CC0CCCF8C80001EB410C02EBCC0CCCF89F
:105BE000C80003F1040C081D02F5005E06FA00F07F
:105BF00006FA0CFCCEF800C0CEF80000106806FAD9
:105C000003F303431360136806FA01F123EA010367
:105C10001360E7612675099B1B4E2B441D461B4BE9
:105C200003EB8505D5E901473578002D00F0FD82AD
:105C30001D2C00F20C83164B089A204643F82420B2
:105C400008F0E4FA4FF0000343EC444001223946E7
:105C500020460FB0BDE8F04F08F092BA3F4B4C0021
:105C600090150210A08601009C1502101FA10700CC
:105C700014160210901A0210A4410020000061497D
:105C80000000003B00008043854200207C41002052
:105C9000C42F0020E56A9D427CEB020229DAE36909
:105CA000C4E90801002BC4BF03F1FF33E361002BFB
:105CB0003FF452AE0121637CE27C1B0443EA0263A1
:105CC000A27C61761343227C43EA0222E3689A4273
:105CD0000FD0D4E9010C55460CF11003E260994055
:105CE000120243680B42FCD1AA460CF1040C40F8A6
:105CF0002C20237E002B7FF4F6AD55462FE6E56A77
:105D00009D427CEB0202BFF6E6AEE369C4E90801FE
:105D1000002BC4BF03F1FF33E36103B30122637CB3
:105D2000E17C1B0443EA0163A17C62760B43217C86
:105D300043EA0121E36899423FF4CDAED4E9010C76
:105D4000029D0CF11003E1609A400902436813427E
:105D5000FCD10CF1040C029540F82C10BBE600239A
:105D6000029D2376BBE64146DBF804200548FBF79D
:105D700071FA02E629460448FBF76CFA0FB0BDE859
:105D8000F08F00BF9C150210601A02104FF47F02C2
:105D90006261E268029BFF2A984684F818A0069B7D
:105DA0000FD0D4E90106FF220121E26006F11002C2
:105DB000914042680A42FCD14FF47F41321D40F8C5
:105DC00022100F2B40F21582002302934646059BBA
:105DD000981B09F0E7FEC8A3D3E9002309F012FEDF
:105DE000824640468B4609F0DDFE02460B46504691
:105DF000594609F0DFFD09F0F9FE80463246294692
:105E0000AF48059BCDF80080FAF7D2FEBD2007EB26
:105E10000903AC4A5B680B21CDE900080BA80CF024
:105E200079F957F835000BA903685B68984757F86C
:105E300035000B2203680BA99B689847012800F0E6
:105E4000C6812946A048FBF705FA012302930A20E0
:105E500009F0A4F9BC2007EB09039A4A5B680B21FF
:105E6000CDE900080BA80CF055F957F835000BA93F
:105E700003685B68984757F835000B2203680BA945
:105E80009B689847012800F0AE8129468F48FBF7B0
:105E9000E1F9012302930A2009F080F907EB0903D5
:105EA0008B4A05215B680BA80CF034F957F83500D4
:105EB0000BA903685B68984757F83500052203680B
:105EC0000BA99B689847012800F0878129468148E3
:105ED000FBF7C0F901230293322009F05FF907EBC9
:105EE00009037D4A05215B680BA80CF013F957F8EC
:105EF00035000BA903685B68984757F83500052201
:105F000003680BA99B6898474FF4FA7009F046F9AB
:105F1000079B724A2B4402EB83035F683B7DA3B16E
:105F2000FB69B3F5E13F73D0D7E90130012219686D
:105F300002FA00F021EA0001D7F80CC019601968D4
:105F400002FA0CF221EA02021A60052009F0D8FADE
:105F5000D7E9012307EE100A9FED616AB8EE477A90
:105F6000DFED606AC7EE067A77EEA67ABCEEE77AD6
:105F700017EE101A89B2002900F0FC8007EE101A03
:105F8000B8EE477ADFED586A77EEC77A67EEA67A01
:105F9000FCEEE77ACDED037A9DF80CC04FEA0C2CAD
:105FA00001204FF4E13A4CEA014C03EB430EF9684F
:105FB00002EBCE0ECEF8C8C001EB410E02EBCE0EC6
:105FC000CEF8C8C003F1040801F1040E02F500592F
:105FD00000FA0EFE00FA08F8C9F80080C9F800E0DF
:105FE000D2F800E000FA03F3079E43EA0E031360C1
:105FF000136806EB050C394E00FA01F106EB8C0C28
:1060000023EA01031360C7F81CA03875DCF804709C
:106010003869431C04D008F01DF94FF0FF333B6191
:10602000079B2E4A2B4402EB8303986808F012F971
:10603000DFF8CC80099B2D4A2B4498F8009002EBA6
:106040008303D3E9017AB9F1000F00F0D9801D2F45
:1060500000F20181264B089A384643F827204FF07A
:10606000000808F0D3F848EC447001225146384645
:1060700008F086F8029AE368002A43D0FF22B3F5BD
:106080007F4F84F81880626110D0D4E901104FF47A
:106090007F43012200F11006B240E3604B681342D7
:1060A000FCD14FF47F03043041F8203029461148D9
:1060B000FBF7D0F843E00F46FFF728BBAFF30080B3
:1060C0000C1B02105C170210541B02108C1B0210D8
:1060D0001C180210C41B02100C160210A441002050
:1060E000000061490000003B000080437C4100202B
:1060F000C42F0020041C02109A9999999999D93FAC
:106100008542002011464FF47F42B3F57F0F217680
:10611000626110D0D4E901104FF47F03012200F135
:106120001006B240E3604B681342FCD14FF07F434E
:10613000043041F8203029464948FAF757FD4FF41A
:10614000FA7009F02BF80023E26863612376002AD5
:106150003FF414AED4E901100122E36000F1100312
:106160009A404B681340FCD1043041F820300FB006
:10617000BDE8F08F8C4613E7637DE27D1B0443EAA4
:106180000263A27D84F819801343227D43EA022230
:10619000E3689A423FF4ADADD4E9010C01215546C4
:1061A0000CF11003E2609940120243680B42FCD1EB
:1061B0009AE517460022B96807F0E2FF786808F010
:1061C00049F800227B6846F82320FFF758BA9DF86B
:1061D0002C30412B7FF435AE39E69DF82C30412B25
:1061E0007FF474AE78E69DF82C30412B7FF44DAEF1
:1061F00051E629461B48FBF72DF801230293E5E5FC
:106200001948FAF7D5FC78224946184818F008FFD3
:10621000174807F0DBFF0121152008F02BF90123B7
:1062200088F8003013E70846C9E40F48FAF7C0FCC5
:10623000782229460D4818F0F3FE0D4807F0C6FFF6
:106240000121152008F016F901233370F0E42146EE
:10625000084808F01FF83946064808F01BF800BF48
:10626000341C0210C01A0210B4140210C42F0020F3
:10627000A90500100015021010B5314B8AB0D3E902
:1062800000129868C1F1825119F0D6F92D4C2E49AF
:106290002E4BD4E90E029A4208BF884216D02C48F1
:1062A000FAF7A4FC9FED247B00220023002184ED5B
:1062B0000E7BC4E90023C4E90223C4E90423C4E932
:1062C0000623C4E90823C4E90A2321862148FAF7F2
:1062D0008DFCD4E90A2394ED087B8DED067BCDE996
:1062E000082394ED047BD4E906238DED027BCDE9F0
:1062F000042394ED027BD4E9002317488DED007B45
:10630000FAF756FC94F830304BB194F83130134919
:1063100053B1124A1248FAF74BFC0AB010BD94F878
:1063200031301049002BF4D10E4A0D48FAF740FCE9
:106330000AB010BDAFF300800000000000000000B4
:10634000D8410020702C002007B9E332D1FBE9AC22
:106350006C1C02109C1C0210AC1C02105C1C021075
:10636000EC1C0210641C02100EB410B5C3B045AB97
:1063700053F8042B4FF48071044602A801930BF0EC
:10638000DFFEFF200021134BDA685861B2F57F4F22
:10639000197612D0D3E901104FF47F4C012200F19D
:1063A000100E02FA0EF2C3F80CC04B681342FCD177
:1063B0004FF47F03043041F8203021460648FAF7B5
:1063C00049FF064802A9FAF745FF4FF47A7008F032
:1063D000E5FEF2E7B82B00200C1D0210202302106E
:1063E0002DE9F04F8FB0FCF741FDC34808F046FBA4
:1063F000FFF742FF01210025C048D0E901241668BB
:1064000004F1100301FA03F3A1403143C5601160A8
:1064100051681940FCD1BA4B043493F831300D4621
:1064200042F8241041610176002B00F08183FEF7D1
:106430002FF917204FF0000343EC4400162443ECDF
:10644000444043EC400043EC40404FF050480521AD
:1064500007F064FE0521204607F060FED8F80470BE
:1064600017F480071BD109244FF00109D8F8043034
:106470005E020ED4172649EC44600120002108F08A
:106480003DFE47EC44600120002108F037FE013C4E
:10649000ECD14FF050435B68580200F13B86172067
:1064A0004FF0000444EC4400162644EC4460032101
:1064B00007F034FE3046032107F030FE1D2044EC87
:1064C00044001C2644EC446044EC400044EC406032
:1064D0004FF05048052107F021FE0521304607F016
:1064E0001DFED8F8047017F080571BD109244FF017
:1064F0000109D8F80430D9000ED41D2649EC4460B7
:106500000120002108F0FAFD47EC44600120002141
:1065100008F0F4FD013CECD14FF050435B68DA0029
:1065200000F1E98500271D2047EC44001C2447ECBE
:106530004440032107F0F2FD03212046714C07F08F
:10654000EDFD642008F02AFEFCF75AFE94F88C3426
:106550006D4A013BD4F888048DF82070CDF82120D5
:106560008DF825300368694E1F68B74240F0798581
:10657000476808F013FF4FF0FF3C6FF00042644B98
:10658000C01841F10003844572EB03013CBF134680
:106590006046CDE902030023384600933C210623E0
:1065A00008AA0EF095FB831C00F0E185471C00F063
:1065B0004786062840F0B282564B93E803000A90C3
:1065C000D4F88804ADF82C1003681F68B74240F077
:1065D0004085476808F0E2FE4FF0FF3C6FF0004254
:1065E0004B4BC01841F10003844572EB03013CBFE3
:1065F00013466046CDE9020300233C210093384650
:1066000006230AAA0EF064FB811C00F0B585421C2B
:1066100000F0F885062840F077820023D4F8902413
:10662000ADF81830012A8DF81A304FF0200114BF50
:106630004CF6A1034CF2A003D4F888048DF819108D
:10664000ADF81B3003681F68B74240F02B854768E0
:1066500008F0A4FE4FF0FF3C6FF000422C4BC01836
:1066600041F10003844572EB03013CBF13466046D1
:10667000CDE902030023384600933C21052306AAF6
:106680000EF026FB831C00F07C85471C00F0BF85C4
:10669000052840F02F824FF45A43D4F88804ADF80F
:1066A00030300368D3F80080B04540F0F284D0F871
:1066B000048008F073FE4FF0FF3C6FF00042144B73
:1066C0000CAFC01841F10003844572EB03013CBFDD
:1066D00013466046CDE9020300233C210093404667
:1066E00002233A460EF0F4FA811C00F03685421C73
:1066F00000F07E8510E000BF3C300020B82B002069
:10670000702C0020A43C0020AED580A87D0C001089
:1067100040420F00483A0210022840F0E08194F80D
:106720008C34D4F88804202B0CBF4FF002084FF0B3
:10673000120800238DF831808DF830300368D3F8CB
:106740000090B14540F0BE84D0F8049008F026FED9
:106750004FF0FF3C6FF00042CC4BC01841F10003FA
:10676000844572EB03013CBF13466046CDE902034A
:106770000023484600933A4602233C210EF0A8FA33
:10678000831C00F01785411C00F02D85022840F085
:106790009B814FF40143D4F88804ADF8303003688E
:1067A000D3F80080B04540F08584D0F8048008F02C
:1067B000F5FD4FF0FF3C6FF00042B44BC01841F1C3
:1067C0000003844572EB03013CBF13466046CDE9EC
:1067D000020300233A460093404602233C210EF078
:1067E00077FA821C00F0BE84431C00F00685022864
:1067F00040F041814FF40F43D4F88804ADF83030B5
:106800000368D3F80080B04540F03B84D0F80480A2
:1068100008F0C4FD4FF0FF3C6FF000429B4BC018E6
:1068200041F10003844572EB03013CBF134660460F
:10683000CDE9020300233C210093404602233A465F
:106840000EF046FA811C00F0A184421C00F0B784CF
:10685000022840F005814FF45943D4F88804ADF87C
:1068600030300368D3F80080B04540F00284D0F89F
:10687000048008F093FD4FF0FF3C6FF00042834B23
:10688000C01841F10003844572EB03013CBF13467D
:106890006046CDE902030023404600933A460223B6
:1068A0003C210EF015FA831C00F07584411C00F0A9
:1068B0008B84022840F0C9804FF47143D4F88804D7
:1068C000ADF830300368D3F80080B04540F00B8459
:1068D000D0F8048008F062FD4FF0FF3C6FF00042FA
:1068E0006A4BC01841F10003844572EB03013CBFC1
:1068F00013466046CDE9020300233A460093404622
:1069000002233C210EF0E4F9821C00F04E84431C6B
:1069100000F06484022840F08D805D4AD4F8883409
:1069200092E80300ADF83410090C0C908DF8361085
:106930001A68D2F80080B04540F0CC83D3F80480C8
:1069400008F02CFD4FF0FF3C6FF000424F4BC01899
:1069500041F10003844572EB03013CBF13466046DE
:10696000CDE9020300233C210093404607233A4629
:106970000EF0AEF9811C00F01384421C00F0298453
:1069800007284DD1FCF7AEFA424BDFF838C19B68BF
:106990009CF800B003EB83039B0003F1804303F5F5
:1069A0002822116803F52922C9433B4B01F001015C
:1069B0009B68116003EB83039B0003F1804303F5A5
:1069C0002820026803F52923D24302F001021A604D
:1069D000BBF1000F40F0BA804FF4806200212F48D5
:1069E00018F01EFB94F88D444CB1224600212C482F
:1069F00018F016FB22467F212A4818F011FB2A4B7B
:106A00001B78002B40F021842848FAF7EFF828483B
:106A1000FAF7ECF827480FB0BDE8F04F0EF072BB64
:106A2000034607223C212448FAF710F92348FAF7D5
:106A300011FCA7E7034602223C211F48FAF706F99A
:106A4000F1211F48FAF706FC67E7034602223C21C2
:106A50001948FAF7FBF8D9211948FAF7FBFB2BE79D
:106A6000034602223C211448FAF7F0F88F2114481B
:106A7000FAF7F0FBEFE6034602223C210E48FAF754
:106A8000E5F881210E48FAF7E5FBB3E640420F0036
:106A9000503A0210504100204C420020A93C0020F6
:106AA00038410020404100208E4200207C1F02100F
:106AB000A01F0210290C001030070210901D0210B8
:106AC000A80D021086420020034602223C211A48EB
:106AD000FAF7BCF841461948FAF7BCFB59E60346F9
:106AE00002223C211448FAF7B1F8DA211348FAF7E8
:106AF000B1FB14E6034605223C210F48FAF7A6F83D
:106B00000F48FAF7A7FBC6E5034606223C210A48D0
:106B1000FAF79CF80B48FAF79DFB7EE50346062240
:106B20003C210548FAF792F80748FAF793FB43E54A
:106B3000FEF72EFB7BE400BF30070210A80D021009
:106B4000681D0210401D0210181D0210D248FAF7ED
:106B50004DF8D248FAF74AF84FF480620021D04845
:106B600018F05EFA94F88D84B8F1000F09D042460F
:106B70000021CC4818F054FA42467F21CA4818F048
:106B80004FFACA48FAF732F8C948FAF72FF894F8DA
:106B90008C14481E002900F083804FF00108002269
:106BA00000F0070EC34BC01008FA0EFE03F1800977
:106BB00004EB000A08EBC0185FFA8EFECDF814B0A3
:106BC00013F8010F40F0010C844583F800C00BD08E
:106BD00094F89404904294F89C04C8BF84F89424D8
:106BE0009042B8BF84F89C2408EB0200204490F83F
:106BF00004C04CEA0E0BE34580F804B00BD09AF8C1
:106C0000940490429AF89C04C8BF8AF89424904255
:106C1000B8BF8AF89C24994502F10102D0D1002026
:106C20004FF0010ADDF814B040F3CF03DB019E46BC
:106C300000F00702A6449EF805900AFA02F2D2B2CA
:106C400042EA0908C1454FEAE00C8EF805800AD0F7
:106C500004EB0C0E9EF89484B8F1000F03D04FF0B3
:106C600000088EF894848033234493F804E042EAC9
:106C70000E0296451A7110D004EB0C0393F994247C
:106C8000A444002ABCBF7F2283F894249CF89C343F
:106C90007E2B9CBF7F238CF89C3401308842C3D16B
:106CA0008548F9F7A3FF94F88C94B9F1000F2DD023
:106CB0004FF0000E4FF0800A4FF001080021C8107D
:106CC00010FB0A827244224492F804C001F00703C8
:106CD00008FA03F34CEA0303DBB29C4513710DD0B1
:106CE000231893F8942420449645B8BF83F894E47D
:106CF00090F89C349E45C8BF80F89CE4013149451A
:106D0000DDD10EF1080EBEF1800FD7D16B48F9F737
:106D10006DFF94F88C844FF0000EB8F1000F20D076
:106D200000234FEAEE0C04EBCC120432A44412F818
:106D3000010F40F00101884211700BD09CF89414AF
:106D400099429CF89C14C8BF8CF894349942B8BFFF
:106D50008CF89C340133802BE9D10EF1080EC64526
:106D6000DEDB5748F9F742FF94F88C34012B38D911
:106D7000022B4FF0000894F894C494F89CE400F0BF
:106D80006882C14642464F494B7943F00200834234
:106D900009D06245BCBFD9465FFA82FC7245C4BFC8
:106DA000D8465FFA82FE43F0060398424B7109D041
:106DB0009445C4BFD9465FFA82FC7245C4BFD84629
:106DC0005FFA82FE0432802A01F10401DCD1B8F1BD
:106DD000000F01D084F89CE4B9F1000F01D084F8D1
:106DE00094C43948F9F702FF94F88CE4BEF1000F1F
:106DF00045D000214FF0010C4FF0020841F3CF03C2
:106E0000DB0103F10209A14401F0070299F804B083
:106E10000CFA02F2D2B242EA0B0AD3454FEAE10081
:106E200089F804A011D004EB000999F894A4BAF1F0
:106E3000010F88BF89F894C404EB000999F89CA459
:106E4000BAF1000F01D189F89CC40333234493F8AD
:106E5000049042EA090291451A710DD0231893F863
:106E600094242044022A88BF83F8948490F89C34A8
:106E7000012B98BF80F89C8404318E45BEDC1348FA
:106E8000F9F7B4FE94F88DB4BBF1000F00F0BA80AE
:106E9000DFF83CA023E000BFB81D0210D81D02108F
:106EA000A93C00203841002040410020081E02106B
:106EB000381E0210A83C0020601E0210941E021012
:106EC000CC1E0210A43C0020FC1E0210301F021039
:106ED000374100200135EBB25B4580F086801AF81F
:106EE000019F9AF80880C145F4D84FF40453ADF8D7
:106EF00030302223D4F888048DF83430EBB28DF88A
:106F000033808DF832908DF835308DF83630036847
:106F1000A8EB0908D3F800B0B34540F09380D0F84F
:106F200004B008F03BFA4FF0FF3C6FF00042BA4B60
:106F3000C01841F10003844572EB03013CBF1346C6
:106F40006046CDE902030023584600933A460723E2
:106F50003C210DF0BDFE831C00F0EB80411C00F0D5
:106F6000F280072853D1B8F1FF3F4FEAC51308D08C
:106F700009F105011944A948214408F1010217F05B
:106F8000D1FFD4F8880408F102080368D3F8009010
:106F9000B14550D1D0F8049008F000FA4FF0FF3C12
:106FA0006FF000429C4BC01841F10003844572EB26
:106FB00003013CBF13466046CDE902030023984A13
:106FC0000093484643463C210DF082FE821C00F0AF
:106FD000B580431C00F0BC80404522D194F88DB4AC
:106FE0000135EBB25B45FFF47AAFBBF1000F09D07E
:106FF0005A4680218B4818F013F85A4600218A48D7
:1070000018F00EF84FF47A7008F0C8F8E4E403467C
:1070100007223C218548F9F719FE8548FAF71AF945
:10702000A1E7034642463C218048F9F70FFE81481C
:10703000FAF710F9D2E743463C21794AC8470028BD
:10704000CCD1F4E707233A463C21D84700288AD11F
:10705000E3E706233C210AAAB84700287FF4DDAA0B
:1070600058E506233C2108AAB84700287FF4A4AAC3
:107070005AE502233A463C21C04700287FF41CAC65
:10708000E9E402233A463C21C04700287FF4E3AB01
:10709000ECE40CAF02233A463C21C04700287FF4C1
:1070A0003EAB22E505233C2106AAB84700287FF421
:1070B000F2AA25E502233A463C21C04700287FF486
:1070C00099ABDEE402233A463C21C84700287FF40E
:1070D00060ABFFE418463A4607233C21C04700282E
:1070E0007FF450ACA2E402233A463C21C04700287A
:1070F0007FF413ACA4E41C244FF0010343EC4440A0
:107100000120002107F0FAFF4FF0000343EC444058
:10711000FFF708BA16244FF0010343EC4440012066
:10712000002107F0EBFF4FF0000343EC4440FFF772
:10713000B6B93C214048F9F789FD6EE73C213E484D
:10714000F9F784FD73E73C213C48F9F77FFD64E7DC
:107150003C213A48F9F77AFD69E73C213648F9F7CE
:1071600075FDC2E43C213448F9F770FD89E43C2107
:107170003148F9F76BFDD7E43C212F48F9F766FD5C
:10718000C8E43C212C48F9F761FDB9E43C212A48C8
:10719000F9F75CFD6AE43C212748F9F757FD5AE40A
:1071A0003C212548F9F752FD40E43C212248F9F7FB
:1071B0004DFD45E43C212048F9F748FD8AE43C2197
:1071C0001E48F9F743FD51E43C211C48F9F73EFD08
:1071D00041E43C211948F9F739FD27E43C211748DF
:1071E000F9F734FD2CE43C211448F9F72FFD71E444
:1071F0003C211248F9F72AFD77E43C210F48F9F7C2
:1072000025FD3EE43C210D48F9F720FD82E43C21B8
:107210000A48F9F71BFD73E440420F00AA40002022
:10722000A9400020384100204041002030070210D2
:10723000FC0C0210280D021098060210DC06021049
:107240003C211048F9F702FD6EE400200E49FFF7DB
:107250008BF8C14643460D4A507940F002018842FE
:10726000517109D0634502DAD9465FFA83FC734550
:1072700002DDD8465FFA83FE0433802B02F104025C
:10728000EAD1A4E5DC060210641F0210A43C002031
:107290002DE9F04F012516248DB0CDE900451C24C1
:1072A0001723C54AC549C648FAF714FD1D23CDE981
:1072B0000045C14AC349C448FAF70CFD00234CF20B
:1072C00050314FF0FF300A22C04CC14FC4E90613C1
:1072D000A3602375BF4BC4E90350BF4938466760BC
:1072E00084F8202023600DF02FFD061EC0F2FE81E1
:1072F000BA49B7480DF028FD051EC0F2F2814FF0E3
:1073000080404FF480310027321DF30143EA0233FD
:1073100043F0C0430593B24B05F1080206930344C2
:107320000A93EB0143EA0233CDE907010491099383
:107330003246394600F1815004AB0B970DF0B0FD99
:10734000002840F09A812A460121A14808AB0DF09F
:10735000A7FD002840F0B9810025A24BA24AA34E08
:10736000082118201A60C3E904555E609D60DD6045
:107370001D7606F0D3FE01231822294630460093DD
:107380000DF04CFD002840F09981994997480DF087
:10739000DBFC051EC0F2A0814FF48031EA1CEB013A
:1073A00043EA023323F0C043924A0993924B0520EB
:1073B000CDE90A32089108F0A3F807EE900A9FED94
:1073C0008F6AF8EE677ADFED8E6A87EE867A37EE9F
:1073D000267AFCEEC77A17EE903A9BB2002B00F0AB
:1073E0004A8107EE903AF8EE677ADFED866A77EE2B
:1073F000677A67EEA67AFCEEE77ACDED037A9DF820
:107400000C201B0443EA022108912A4600217748F8
:1074100008AB0DF045FD002840F0498106207A4D6B
:1074200007230922A8600B2004276B610A23082187
:10743000EA62686400224FF00C0C0E201526DFF87B
:1074400010826C602C61EC61AC626C632C64EC6447
:10745000AB63C8F808706D4BC8F80440C8F810401A
:10746000DFF8F0916A4C6B4FC4E90161C4E9032273
:1074700029622B60EB60AB616B622B63EB63AB64E7
:10748000C5F850C0C8F81400C8F80030C8F80C306F
:10749000276099F800A0BAF1000F00F0F5805E4B6C
:1074A00015205C6506F0B2FE0024152044EC440073
:1074B0000122082106F064FE4FF040099FED3C7B5D
:1074C0004FF4046C4FF0010A544B554A5549C2E938
:1074D0000074C2E904471D60C2E90244524DC2E98A
:1074E0000644C2E90844514A514F2A6001F10C0296
:1074F0001A6101F118024F4E9A6101F12402DFF87E
:1075000058E199601A62C7E9008401F13002DFF89E
:10751000B080DFF848B13C319A6219634FF4806261
:107520002146701D85ED027B85ED047B5C60DC608F
:107530005C61DC615C62DC625C63AC612C77C5F829
:107540000480C7E902B4C6F800E0A6F88CC4C6F807
:107550008884C6F890A486F8049086F8059417F0FD
:107560005FFD4FF07F303449CDF800A0334A0E6004
:107570003349C2E900999160C6F89C04C6F8A0049A
:1075800042F2107312221021C6F89844C6F89444AF
:107590002C48FBF7E5FB42F21073132211210094F3
:1075A0002948FBF7DDFB294B5AE000BFAFF3008011
:1075B0000000000000000000801A060010260020D5
:1075C000783C002018260020803C0020EC41002060
:1075D0000000205090380210243A0210083A02109D
:1075E00000000C40B82B00205C3802100000405016
:1075F000383A021000600020000006700024F44AAF
:107600000000003B000080430C380020AC38021022
:10761000883C0020C8380210C42F0020D437002036
:107620007C41002018380020682E0020E438021029
:107630006C410020A43C002070380020D84100207C
:10764000702C0020504100204C4200204841002076
:10765000A44100208542002004390210B0410020DE
:107660002549264A196011602549C3F804805160F4
:107670000DB0BDE8F08F1A46C3E633463A462149BD
:107680002148F9F7E7FD5EE62048F9F791FA7822FC
:1076900051461F4817F0C4FC1E4806F097FD012113
:1076A000304606F0E7FE012389F80030F7E62B4666
:1076B000002219491948F9F7CDFDAFE618232A46EB
:1076C00031461748F9F7C6FD5FE62B4601220D4902
:1076D0001448F9F7BFFD3FE60F491348F9F7BAFD23
:1076E0005AE608491148F9F7B5FD08E63946104849
:1076F000F9F7B0FDFCE500BFF43802104442002069
:10770000803C00200000205044200210B4140210DD
:10771000C42F0020A905001000004050C021021015
:107720000C210210A82002107C210210002002105F
:10773000BC1F02104068704780687047C06870477F
:107740000069704701617047C1607047C0E901126C
:10775000704700BFC0E90312704700BF1430704784
:10776000C0E90112704700BFC0E90312704700BFB3
:1077700001617047C160704740687047806870471A
:10778000C068431C08BF0020704700BF0069431C4D
:1077900008BF0620704700BF0120704701207047D6
:1077A000704700BF10B5044604210DF03FFD204690
:1077B00010BD00BF10B50446054A064BC069C4E9B8
:1077C000002318B1616A091A0DF030FD204610BD82
:1077D000C83A0210683A021010B50446074A084B2E
:1077E000C069C4E9002318B1616A091A0DF01EFDD1
:1077F000204634210DF01AFD204610BDC83A021073
:10780000683A0210836A002B0BDBD0E90612521A89
:10781000B3EBA20F05DA51F8230010B103685B68DF
:10782000184710B5094CD4E8AF3FDB0701D508482D
:1078300010BD20460AF028FD0028F8D0054816F0B3
:107840002BF920460AF036FDF1E700BFB02F0020EB
:1078500040250020A978001070B5541A0F2C0E4650
:1078600005460CD80368012C184604D07CB90022C8
:107870006C601A5570BD0A781A702B68F7E7002CF7
:107880000DDB601C09D40EF0E7F8AC6028602246DE
:10789000314617F0D1FE2B68E9E70EF027FA0148D0
:1078A0000EF05CFA18220210054A134653F8080B32
:1078B000984203D0916801310DF0B8BC704700BF09
:1078C000402500202DE9F04F8DB0CDE90320002B9D
:1078D00000F0BB8098461B78002B00F0B68047462E
:1078E000019108910A2B00F0B780203BDAB25E2AA2
:1078F00000F2AE806E489BB200EB0316169AB18878
:107900001B010B92002900F09780F288002A00F0FA
:107910009380002250F803B0CB1DDB0805939046FE
:10792000134614460846DFF89CA102920997E243E9
:1079300008EBD3031BFA83F31AF8033002F00702B3
:107940001341DB0764D5049BB6F908101D68019B41
:10795000B6F90A201944039BD5F800C01A44029BCB
:10796000DCF818901A44534B214499457AD19DF87C
:107970002CE09DF82D30DCF8149043EA0E039DF8BE
:107980002EE043EA0E039DF82FE043EA0E031F4664
:10799000494B99456BD100293ADBDCF80030474868
:1079A00083426BD1802081425FDA002A5DDB2B6845
:1079B00043485B6883426BD195F88C04824254DA69
:1079C0002B683E481B684FEAE209834267D1802357
:1079D000012003FB0913034402F007022B4400FAC1
:1079E00002F21879002F50D00243D2B290421A719D
:1079F0003BD055FA89F999F89434994299F89C3416
:107A0000B8BF89F8941499422FDD89F89C14B08886
:107A10000134A3B283428AD3029BF18801339AB224
:107A2000914208D9059A029390441FFA88F810B140
:107A3000002423467BE7099F019AB3891A440192E7
:107A400017F8013F002B7FF44DAF0DB0BDE8F08F6C
:107A5000019B01330193F3E7039B06330393089BD8
:107A60000193EDE728460B9BC847B088D0E73B1E43
:107A7000284618BF0123C847B088C9E7CDE90612D8
:107A800028469847DDE906128DE720EA0202ADE7B5
:107A9000CDE9061228469847DDE906128EE7CDE9C2
:107AA000061228469847DDE90612034690E700BF14
:107AB000F03A021035080010890900103103001057
:107AC00035030010E04002102DE9F04F456993B0F6
:107AD0000491002D4BD02C78002C48D0C268002A8D
:107AE00045D00169002942D0D0E901CEC36A0EEB2E
:107AF00001008846AA4676466546F3469946014601
:107B000003920A2C3CD0039B002B02DBEB1863454D
:107B100030DDB8F1000F01DB594524DD203CE3B234
:107B20005E2B1ED8924AA4B2230102EB0414039ADE
:107B3000002AC0F209811046B8F1000FACEB050233
:107B4000A0EB020ECDF8449022DBABEB0607BEF1B2
:107B5000000FA8EB0707C0F20381E64580F2008121
:107B6000EAE00CF1010C1AF8014F002CC9D113B056
:107B7000BDE8F08F1AF8014F002CF8D00A2CC6D1BE
:107B80001AF8014FAC460BF1060B002CB9D1EEE709
:107B9000BEF1000F02DBE645C0F2CE804FF0FF37AA
:107BA000A288002A00F0C880E088002800F0C48085
:107BB0006F48CDF82C90C35800200C918146114697
:107BC0000293CDE90756D31DDB0800900693CDF84C
:107BD0002480CDF814E0CDF828A0CDF804C0059B92
:107BE000002BC0F2D18000260846019A03EB020860
:107BF000B4F90830019A1344991941457FDA002FEE
:107C000007DBB4F90A3007EB0B025B444B449342A9
:107C100075DAF343009DC6F3CC022A44029D03F0BB
:107C2000070315FA82F2534DAA5C42FA03F3DB070D
:107C300065D5049BB4F90A201D684F4BD5F800C0E8
:107C40005A44DCF818A04A449A4540F02B819DF82C
:107C500045E09DF84430DCF814A043EA0E039DF89B
:107C600046E043EA0E039DF847E043EA0E0E434B1D
:107C70009A4540F01B81002941DBDCF800A0404B15
:107C80009A4540F02E818020814237DA002A35DB88
:107C90002868D0F804A03B48824540F03E8195F822
:107CA0008C0482422ADA28684FEAE20A03683448E0
:107CB000834240F0428180204FF0010C00FB0A100B
:107CC000013002F0070228440CFA02FC0279BEF1EE
:107CD000000F00F0108142EA0C03DBB29342037103
:107CE0000CD055FA8AF393F89424914293F89C248B
:107CF000B8BF83F89414914200F30481A088013640
:107D0000B3B298423FF674AF0146E08809F101032F
:107D10009AB2904208D9009A06989946024493B2C2
:107D2000009300297FF45BAFDDE90756DDE9098A9E
:107D3000DDE90B91DDF804C0A3891AF8014F9C44DA
:107D4000002C7FF4DEAE12E7B8F1000FCDF84490BE
:107D5000C0F2C3804FF0FF3EABEB0607A8EB07076E
:107D6000002FFFF61DAF5F45BFF61AAFE4E700BF77
:107D7000F03A0210E04002103508001089090010A6
:107D800031030010350300100025002F07DBB4F984
:107D90000A3007EB0B025B444B449A4275DDEB4320
:107DA0000098C5F3CC020244029803F0070310FACE
:107DB00082F26A48825C42FA03F3DA0765D5049BD3
:107DC000B4F90860D3F80080019BD8F800001E4485
:107DD000B4F90A20D0F818A0614B5A449A452E44B1
:107DE0004A446BD19DF844C09DF84530D0F814A0AA
:107DF00043EA0C039DF846C043EA0C039DF847C0D4
:107E000043EA0C0C574B9A455ED1002E3DDB0168CE
:107E1000554B99427AD18020B0423CDD002A3ADBB2
:107E2000D8F800105148496881427FD198F88C04F5
:107E3000904230DDD8F800104B4B09684FEAE20A57
:107E4000994240F0848080200AFB0060013008EBFA
:107E50000001012002F0070290400A79BCF1000FF6
:107E60004CD122EA000393420B7114D058FA8AFADB
:107E70009AF89434B34201DD8AF894649AF89C34F9
:107E8000B34208DA8AF89C64A1880135ABB2994202
:107E90003FF67BAF39E7A1880135ABB299423FF697
:107EA00074AF32E72846119BD04727E7BEF10003A5
:107EB000284618BF0123D047A08820E73146404616
:107EC000119BD047A188E0E7BCF10003314618BF01
:107ED00001234046D047A188D7E74FF0FF37BE4681
:107EE0005EE6CDE90E2E0D912846D047DDE90D1254
:107EF000DDF83CE0C8E622EA0C03EFE642EA0003C4
:107F0000DBB2B0E783F89C14A088F8E6CDE90DC297
:107F100040468847DDE90DC27EE7CDE90E2E0D9182
:107F20002846D047DDE90E2E0D99BAE6CDE90DC2FF
:107F300040468847DDE90DC27AE7CDE90E2E0D9166
:107F400028469847DDE90D12DDF83CE0B4E6CDE9BE
:107F50000DC240468847DDE90DC275E7E0400210DA
:107F60003508001089090010310300103503001096
:107F70002DE9F04F90F8243091B083460091002B0A
:107F800040F0DA81DBE906218A4200F00181DBF86A
:107F90000430891A03F10509DBF82830002BC0F200
:107FA000FA80B3EBA10F4FEAA100A4BF00F1FF33A9
:107FB000CBF82830DBF814009842C4BF1846CBF841
:107FC0001430B0EBA10F804680F0DF8000254FF029
:107FD000020A12E0236820465B6A9847DBF81030FB
:107FE0008244534540F3CE80DBE9062308F10108C3
:107FF0009B1AB8EBA30F80F0C58052F82840DBF83D
:10800000082023685244494620469B689847DBF87D
:108010000C102368A1EB090120465B6901399847E0
:10802000236820461B6800999847DBF828304345B1
:10803000D0D1DBE901E30AEB03020EF103010EF1FB
:108040000103CDE9034ACDE90119CDF81480F146C9
:1080500098461446A54DDDF800A0002C95F9003097
:10806000C0F2FB80002B43DADAF80030A0491A682E
:1080700096698E4240F0558156699E498E4240F085
:108080009D83B8F1000F33DB12689B4FBA4240F07A
:10809000BB83802080452BDA1A68984952688A424F
:1080A00040F0FC8393F88C04844221DA1A68E610CD
:1080B0001268BA4240F0FC838022012106FB028252
:1080C0001A44507904F00707B9400143C9B281420C
:1080D00051710DD053FA86F696F89434984596F877
:1080E0009C34B8BF86F89484984501DD86F89C845A
:1080F0002B785A065AD5DAF800607D48326809F1C3
:108100000201976987424AD157697A48874240F00D
:108110005B8300294ADB1368774FBB4240F07F83C3
:108120008020884241DD3368744A5B68934240F0A6
:10813000AB8396F88C04A04237DD33681A68E310ED
:10814000BA4240F0BC838022012003FB0212324479
:10815000577904F0070C00FA0CF03843C0B2B8426B
:10816000507122D056FA83F393F894248A4293F8FC
:108170009C24C8BF83F894148A4216DA83F89C14AE
:108180002B7813E025B9DBF814000130CBF814008C
:1081900011B0BDE8F08F0023CBF828300AE76FF06C
:1081A0007F43304622460F93B8472B789B0647D52E
:1081B000DAF800304E491A6896698E4240F0A28083
:1081C00056694C498E4240F0EC820199002937DB18
:1081D0001268494FBA4240F01C8380200A46904200
:1081E0002EDD1A68454952688A4240F0528393F85E
:1081F0008C04844224DA1A68E6101268BA4240F00D
:108200006F8380200121019A04F0070706FB0022FA
:108210001A445079B9400143C9B2814251710FD01B
:1082200053FA86F696F89434019A934201DD86F863
:10823000942496F89C34019A934201DA86F89C249F
:108240002F4B01359D4204F101047FF406AFDDE9B7
:108250000294DDE904A80125BCE6002B14DADAF863
:108260000000234A03689E69964240F0F1825E69ED
:10827000204A964240F0F382B8F1000F04DB1B68FD
:108280001D4A934240F00F832B78580615D5DAF833
:108290000000174F026809F102019669BE4240F0E2
:1082A000D0825669134FBE4240F0E982002904DBB8
:1082B000126811498A4240F0F8829906C0D5DAF86E
:1082C00000000B4A036809F103019E69964240F0E1
:1082D000AB825E69074A964240F0C6820029AFDB56
:1082E0001B68054A9342ABD09847A9E77141021039
:1082F0003508001089090010310300103503001003
:108300007641021018466FF07F4322460F93019981
:10831000B047084B01359D4204F101047FF49DAE46
:1083200095E718466FF07F43224641460F93B047CA
:10833000DEE600BF764102104768D0E903393B44CE
:108340005A1ED31B83EAE376A6EBE3769742ACBFD3
:108350004FF0FF3301230493009B81681C6888461B
:10836000059121462368DFF8A8A29D690297019232
:108370000396554554D15C69A24A944240F0D58198
:10838000002F3DDB1B68A04A934240F0E58180202E
:1083900087424CDAB8F1000F49DB0B689B4A5B68F7
:1083A000934240F0F28191F88C0480453FDA0B68EB
:1083B000954A1B684FEAE804934240F01F828023ED
:1083C000012003FB04730B445D7908F0070C00FAED
:1083D0000CF02843C0B28542587128D051FA84F479
:1083E00094F894349F4294F89C34B8BF84F8947401
:1083F0009F421CDD009B84F89C7419680B689D6982
:10840000019ABA421AD070000028C4BF049ABF185B
:10841000039A8242ADDD5545164408F1FF38AAD0D3
:108420006FF07F430846424639460B93A847009BAE
:10843000019A1968BA420B689D69E4D1059A4245D0
:10844000E1D1C1440C4609F1FF31A1EB080282EAF7
:10845000E270A0EBE2704145D4BF4FF0FF32012241
:108460000891414289460692019142462146029E68
:108470000590554555D15C696248844240F05F8162
:10848000002E3BDB1B686048834240F05E81802009
:1084900086422FDA002A2DDB0B685C485B6883423A
:1084A00040F0788191F88C04824223DA0B685648B8
:1084B0001B68D410834240F08D818023012003FB90
:1084C00004630B445D7902F0070C00FA0CF02843BA
:1084D000C0B2854258710DD051FA84F494F89434A6
:1084E0009E4294F89C34B8BF84F894649E42C8BFFE
:1084F00084F89C64009B19680B689D690298B042DF
:108500001ED0019C4FEA4900B4EB490F03DA059CE9
:10851000013EA9EB04090028ABDA06985545024450
:10852000A9D06FF07F430846079231460C93A847C5
:10853000009B02981968B0420B68079A9D69E0D1C8
:1085400008989042DDD1089602920C4642463E467B
:10855000B846DDF8049055455CD15F6929498F42E2
:1085600040F0DD80002E3ADB1B6827498B4240F04B
:10857000FD80802086422EDA002A2CDB23682349E6
:108580005B688B4240F0FC8094F88C04824222DAD3
:1085900023681D491B68D5108B4240F02981802338
:1085A000012103FB05632344587902F00707B94012
:1085B0000143C9B2884259710DD054FA85F595F836
:1085C00094349E4295F89C34B8BF85F894649E42DA
:1085D000C8BF85F89C64009B1C6823689D69B045F2
:1085E00026D001984FEA4901B0EB490F03DA05980C
:1085F000013EA9EB00090029ADDA069955450A4468
:10860000ABD007E0890900103103001035030010DA
:10861000350800106FF07F432046314607920D93D6
:10862000A847009BB0451C68079A23689D69D8D16C
:1086300002999142D5D1039A47462146CDF80CB014
:1086400091461446DDF80880A14EDDF820B00EE01A
:108650004FEA4903002BC4BF049A93449C4202DDB5
:10866000A14408F1FF38009B19680B689D695545C6
:1086700047D15D69B5424CD1BBF1000F39DB1B68B6
:10868000944A93426DD18020834532DAB8F1000FCD
:108690002FDB0B68904A5B6893426CD191F88C0495
:1086A000804526DA0B688B4A1B684FEAE80593423F
:1086B00040F098808023012003FB05B30B4493F81E
:1086C00005C008F0070E00FA0EF04CEA0000C0B238
:1086D000844558710DD051FA85F595F894349B4531
:1086E00095F89C34B8BF85F894B49B4501DD85F8B6
:1086F0009CB45F45ACD1029B4345A9D1DDF80CB0D9
:1087000040E46FF07F430846424659460E93A8471F
:10871000EFE70846012342465946A847E9E72046C5
:10872000012331460792B8477BE7084601233946C3
:108730004246A047009B19680B689D6960E60846A1
:10874000012331460792A047F2E6084609920791B5
:1087500098470799099A9BE6084606919847069913
:1087600016E608460191984701998DE70792204641
:108770009847079AFEE608460191984701998FE7C6
:10878000079220469847079A00E7084606919847BF
:1087900006990AE60846099207919847099A0799A7
:1087A00082E61846224601230199B0474B4B01351A
:1087B0009D4204F101047FF450AC48E5184622467E
:1087C00001234146B04793E4012330462246B8478F
:1087D0002B78EBE4084609920791984707990346DE
:1087E000099A6BE60846019198470199034662E7AA
:1087F000079220469847079A0346D1E60846069115
:10880000984706990346DBE5184606939047069B72
:1088100040E4184606939047069B019ADFE40691D0
:108820003046984706997CE46FF07F4322460F93C9
:10883000B0472A4B01359D4204F101047FF40DAC91
:1088400005E56FF07F4322460F93B0472B7834E560
:108850006FF07F43224641460F93B04714E5012352
:1088600022464146B0470FE501232246B0471B4B45
:1088700001359D4204F101047FF4EFABE7E40123ED
:108880002246B0472B7818E506913046984706995E
:1088900051E4184606939047069BAAE418460693AF
:1088A0009047069B00E49847EEE490472B7804E558
:1088B000184606939047069B0246FFF7FEBBCDE99C
:1088C000063130469047DDE9063102463CE400BF00
:1088D00089090010310300103503001076410210A1
:1088E000184606939047069B8CE400BF00000000EA
:1088F0002DE9F04FC5B02CA8079103F0AFFE20A8DA
:1089000005F0B6FADDE930452021CDE90445DDE981
:108910002E45594ACDE90245DDE92C4524A8CDE98B
:10892000004509F0F7FB9DF89030002B00F0BD806A
:1089300024AA00210B920622CDE909120A2B00F08D
:108940002B85203BDAB25E2A00F205854B499BB2AB
:1089500001EB0315A8881B01002800F09B80EA8822
:10896000002A00F097804FF0000951F803B0C31DB2
:10897000DB080C934C464B46DFF814A1CDF8209051
:10898000089A02EBD303E2431BFA83F31AF803308D
:1089900002F007021341DB0759D5079BB5F9081010
:1089A0001E68099B0A9F1944B5F90A2033683A44A6
:1089B000D3F81880324F2144B8454A4441F05483DB
:1089C000D3F814802F4FB84541F07B8300293EDB5C
:1089D0001B682D48834241F0CE838020814281F282
:1089E0004883002AC1F24583336828485B68834284
:1089F00041F0DF8396F88C04824281F23A83336837
:108A000021481B684FEAE208834241F02C8480230E
:108A100002F0070C012203FB08133344587902FAD1
:108A20000CF20243D2B290425A7101F0228356FAFC
:108A300088F898F89434994298F89C34B8BF88F82C
:108A40009414994241F3158388F89C14A888013442
:108A5000A3B2834294D3EA8809F101091FFA89F38A
:108A60009A4217D90C9B089F1F44BBB2089388B148
:108A70000024234684E700BF5C220210F03A021073
:108A8000350800108909001031030010350300106B
:108A9000E0400210099AAB891A4409920B9A12F825
:108AA000013F0B92002B7FF449AFDDE936232021F3
:108AB000CDE90423DDE9342324A8CDE90223DDE94F
:108AC0003223CDE90023554A09F024FB9DF890306C
:108AD000002B00F0BC8024AA00200B920C22CDE9D0
:108AE00009020A2B00F05284203BDAB25E2A00F21F
:108AF0002E844B499BB201EB0315A8881B0100286B
:108B000000F09A80EA88002A00F09680002251F84E
:108B100003B0C31DDB080C93914613461446DFF8DF
:108B200014A10892089A02EBD303E2431BFA83F3E1
:108B30001AF8033002F007021341DF0759D5079BEB
:108B4000B5F908101E68099B0A9F1944B5F90A2057
:108B500033683A44D3F81880324F2144B8454A4428
:108B600041F07A82D3F814802F4FB84541F0AF829C
:108B700000293EDB1B682D48834241F00C83802096
:108B8000814281F26E82002AC1F26B8233682848EA
:108B90005B68834241F01B8396F88C04824281F229
:108BA0006082336821481B684FEAE208834241F043
:108BB0006A83802302F0070C012203FB081333446D
:108BC000587902FA0CF20243D2B290425A7101F083
:108BD000488256FA88F898F89434994298F89C3468
:108BE000B8BF88F89414994241F33B8288F89C14EA
:108BF000A8880134A3B2834294D3EA8809F1010919
:108C00001FFA89F39A4217D90C9B089F1F44BBB2E5
:108C1000089388B10024234684E700BF7022021025
:108C2000F03A0210350800108909001031030010D5
:108C300035030010E0400210099AAB891A440992EA
:108C40000B9A12F8013F0B92002B7FF44AAFDDE93B
:108C50003C0100226C4B06F0D5FE69A3D3E900234A
:108C600006F0F4FE0022CDE90401DDE93A01664B8D
:108C700006F0C8FE62A3D3E9002306F0E7FE002257
:108C8000CDE90201DDE938015F4B06F0BBFE5CA3D4
:108C9000D3E9002306F0DAFE04460D465B4A2021A4
:108CA000CDE9004524A809F035FA9DF89030002B55
:108CB00000F0C58024AA4FF0000C0B921222CDE9DF
:108CC00009C20A2B00F05083203BDAB25E2A00F280
:108CD0003A834F499BB201EB0315A8881B0100287A
:108CE00000F0A280EA88002A00F09E80002251F85D
:108CF00003B0C31DDB080C93914613461446DFF8FE
:108D000024A10892089A02EBD303E2431BFA83F3EF
:108D10001AF8033002F007021341DE0759D5079B0A
:108D2000B5F908101E68099B0A9F1944B5F90A2075
:108D300033683A44D3F81880364F2144B8454A4442
:108D400041F0A281D3F81480334FB84541F0D5816A
:108D500000293EDB1B683148834241F0FE818020C0
:108D6000814281F29681002AC1F2938133682C48B6
:108D70005B68834241F03B8296F88C04824281F228
:108D80008881336825481B684FEAE208834241F036
:108D90008C82802302F0070C012203FB081333446A
:108DA000587902FA0CF20243D2B290425A7101F0A1
:108DB000708156FA88F898F89434994298F89C345F
:108DC000B8BF88F89414994241F3638188F89C14E1
:108DD000A8880134A3B2834294D3EA8809F1010937
:108DE0001FFA89F39A421FD90C9B089F1F44BBB2FC
:108DF0000893C8B10024234684E700BFAFF3008086
:108E0000182D4454FB210940008066408422021042
:108E1000F03A0210350800108909001031030010E3
:108E200035030010E0400210099AAB891A440992F8
:108E30000B9A12F8013F0B92002B7FF442AF9DF882
:108E4000F830002B00F05B87564B2021564A24A8AF
:108E500009F060F99DF89030002B00F0BE8024AA44
:108E600000200B921822CDE909020A2B00F0828221
:108E7000203BDAB25E2A00F25E824C499BB201EBE3
:108E80000315A8881B01002800F09C80EA88002AAE
:108E900000F098804FF0000951F803B0C31DDB08C3
:108EA0000C934C464B46DFF818A1CDF82090089A59
:108EB00002EBD303E2431BFA83F31AF8033002F008
:108EC00007021341D90759D5079BB5F908101E6849
:108ED000099B0A9F1944B5F90A2033683A44D3F82C
:108EE0001880334F2144B8454A4441F0C580D3F837
:108EF0001480304FB84541F0FA8000293EDB1B68F2
:108F00002D48834241F03F818020814281F2B98027
:108F1000002AC1F2B680336828485B68834241F07A
:108F20005E8196F88C04824281F2AB8033682248DD
:108F30001B684FEAE208834241F0AE81802302F0D1
:108F4000070C012203FB08133344587902FA0CF290
:108F50000243D2B290425A7101F0938056FA88F8D7
:108F600098F89434994298F89C34B8BF88F89414CF
:108F7000994241F3868088F89C14A8880134A3B2F2
:108F8000834294D3EA8809F101091FFA89F39A42CE
:108F900018D90C9B089F1F44BBB2089390B10024C2
:108FA000234684E73022021098220210F03A021081
:108FB0003508001089090010310300103503001036
:108FC000E0400210099AAB891A4409920B9A12F8F0
:108FD000013F0B92002B7FF448AFDDE942010022F4
:108FE000654B06F00FFD62A3D3E9002306F02EFDCA
:108FF0000022CDE90201DDE940015F4B06F002FDF0
:109000005BA3D3E9002306F021FD04460D465B4A2D
:109010002021CDE9004524A809F07CF8079B1E68B3
:109020009DF890303068002B00F0C18024AA0B928C
:10903000002208921E220A920A2B00F0A181203BF6
:10904000DAB25E2A00F27B814D4C9BB204EB031531
:10905000A9881B01002900F09F80EA88002A00F0FF
:109060009B80002754F80390CB1DDB080C933C46F3
:109070003B46DFF820A10997E24307EBD30319FA37
:1090800083F31AF8033002F007021341DA075AD5C6
:10909000089BB5F908B0B5F90A209B440A9BD0F8A3
:1090A00018801A44099BA3441A44364B984540F053
:1090B000F387D0F81480344B984541F00E80BBF113
:1090C000000F40DB036831498B4241F04E80802025
:1090D000834580F2E787002AC0F2E48733682C4991
:1090E0005B688B4241F06D8096F88C04824280F27E
:1090F000D987336825491B684FEAE2088B4241F063
:10910000BB80802302F00701012203FB08B3334434
:109110008A4059790A43D2B291425A7100F0C2870B
:1091200056FA88F898F894349B4598F89C34B8BF60
:1091300088F894B49B4540F3B587079B88F89CB4A6
:109140001E68A98830680134A3B28B4294D3099B6E
:10915000EC8801339AB294421ED90C9A09931744B1
:10916000BFB2C9B10024234686E700BFAFF3008039
:10917000182D4454FB21094000806640A8220210AB
:10918000F03A021035080010890900103103001070
:1091900035030010E0400210089AAB891A44089287
:1091A0000B9A12F8013F0B92002B7FF445AF4368F6
:1091B000804A934241F08B8096F88C340D930C3B9F
:1091C0000893DDE920239B1A1C2B00F0018100236A
:1091D00009934923784A0B920A2B00F0E480203B44
:1091E000DAB25E2A00F2BC8074489BB200EB031531
:1091F000A9881B01002900F08A80EA88002A00F073
:109200008680002750F80390CB1DDB080C933C466A
:109210003B46DFF8B8A10A97E24307EBD30319FAFC
:1092200083F31AF8033002F007021341DB075CD521
:10923000079B08981E68B5F908B0099BB5F90A2084
:109240009B44024433680A98D3F8188002445C486F
:10925000A344804540F02C87D3F8148059488045BA
:1092600040F05187BBF1000F3FDB1B6856498B4232
:1092700040F099878020834580F22087002AC0F241
:109280001D8733684B495B688B4240F0E68796F850
:109290008C04824280F2128733684B491B684FEA84
:1092A000E2088B4241F00A808023012103FB08B3CE
:1092B0000B44334402F0070201FA02F219790A431F
:1092C000D2B291421A7100F0F98656FA88F898F8ED
:1092D00094349B4598F89C34B8BF88F894B49B4567
:1092E00040F3EC8688F89CB4A9880134A3B28B4281
:1092F00092D30A9BE88801339AB2904207D90C9A1C
:109300000A931744BFB211B10024234684E7099A97
:10931000AB891A4409920B9A12F8013F0B92002B69
:109320007FF45AAF209818B12299091A0BF07EFFEA
:1093300045B0BDE8F08F099B0133099346E6089BD1
:10934000013308932CE7099B0133099370E5099BCE
:109350000133099374E4099B01330993FFF79EBB22
:10936000099B01330993D6E70A9B06330A9300232E
:1093700009935DE50A9B06330A930023099325E6CA
:109380000A9B06330A930023089309E70A9B0633D6
:109390000A930023099353E40A9B06330A9300239C
:1093A0000993FFF77BBB089B0633089300230993BF
:1093B000B1E700BF3503001038220210F03A021066
:1093C000350800108909001031030010E040021038
:1093D00053692021B14A24A808F09CFE9DF89030E2
:1093E000002B00F0AD80089A0B9224AA0C92002268
:1093F00009920A2B00F01787203BDAB25E2A00F2AE
:109400009186A7489BB200EB0315A9881B01002990
:1094100000F08B80EA88002A00F08780002250F854
:109420000390CB1DDB080E93174613461446DFF856
:1094300084A20A92E24307EBD30319FA83F31AF8E2
:10944000033002F007021341DE075CD5079B0B983F
:109450001E68B5F908B0099BB5F90A209B4402447F
:1094600033680A98D3F8188002448E48A344804594
:1094700040F05687D3F814808B48804540F0988799
:10948000BBF1000F3FDB1B6888498B4240F0BF8770
:109490008020834580F24A87002AC0F247873368DC
:1094A00083495B688B4240F0C38796F88C04824204
:1094B00080F23C8733687D491B684FEAE2088B42A3
:1094C00041F005808023012103FB08B30B443344A2
:1094D00002F0070201FA02F219790A43D2B291426C
:1094E0001A7100F0238756FA88F898F894349B454F
:1094F00098F89C34B8BF88F894B49B4540F316871D
:1095000088F89CB4A9880134A3B28B4292D30A9BF9
:10951000E88801339AB2904207D90E9A0A93174409
:10952000BFB211B10024234684E7099AAB891A44DB
:1095300009920C9A12F8013F0C92002B7FF459AF5C
:10954000209B20211B69554A24A808F0E3FD9DF8C3
:109550009030002B00F0BB801C220992089A0B92DD
:1095600024AA0C920A2B00F04A86203BDAB25E2A2B
:1095700000F2DD854A489BB200EB0315A9881B0168
:10958000002900F09980EA88002A00F095800022E6
:1095900050F80390CB1DDB080E9317461346144674
:1095A000DFF810A10A92E24307EBD30319FA83F321
:1095B0001AF8033002F007021341D8075CD5079B65
:1095C0000B981E68B5F908B0099BB5F90A209B44B1
:1095D000024433680A98D3F8188002443148A344FF
:1095E000804540F09486D3F814802F48804540F0A1
:1095F000C686BBF1000F3FDB1B682C498B4240F055
:1096000000878020834580F28886002AC0F2858604
:10961000336827495B688B4240F01C8796F88C04BE
:10962000824280F27A86336820491B684FEAE2085A
:109630008B4240F032878023012103FB08B30B44A7
:10964000334402F0070201FA02F219790A43D2B256
:1096500091421A7100F0618656FA88F898F89434AD
:109660009B4598F89C34B8BF88F894B49B4540F368
:10967000548688F89CB4A9880134A3B28B4292D353
:109680000A9BE88801339AB2904215D90E9A0A9340
:109690001744BFB281B10024234684E7B8220210E8
:1096A000F03A02103508001089090010310300104B
:1096B00035030010E0400210099AAB891A44099260
:1096C0000C9A12F8013F0C92002B7FF44BAF209BB9
:1096D0002021DB68554A24A808F01CFD9DF8903035
:1096E000002B00F0BC80089A0B9224AA0C9238221E
:1096F00009920A2B00F0AA85203BDAB25E2A00F21A
:1097000023854B489BB200EB0315A9881B01002958
:1097100000F09A80EA88002A00F09680002250F833
:109720000390CB1DDB080E93174613461446DFF853
:1097300014A10A92E24307EBD30319FA83F31AF850
:10974000033002F007021341DA075CD5079B0B9840
:109750001E68B5F908B0099BB5F90A209B4402447C
:1097600033680A98D3F8188002443248A3448045ED
:1097700040F0C485D3F814802F48804540F0F1852F
:10978000BBF1000F3FDB1B682C498B4240F0298660
:109790008020834580F2B885002AC0F2B585336801
:1097A00027495B688B4240F0498696F88C048242D8
:1097B00080F2AA85336821491B684FEAE2088B4290
:1097C00040F08C868023012103FB08B30B44334413
:1097D00002F0070201FA02F219790A43D2B2914269
:1097E0001A7100F0918556FA88F898F894349B45E0
:1097F00098F89C34B8BF88F894B49B4540F38485AE
:1098000088F89CB4A9880134A3B28B4292D30A9BF6
:10981000E88801339AB2904216D90E9A0A931744F7
:10982000BFB289B10024234684E700BFB8220210EA
:10983000F03A0210350800108909001031030010B9
:1098400035030010E0400210099AAB891A440992CE
:109850000C9A12F8013F0C92002B7FF44AAF209B28
:1098600020219B685C4A24A808F054FCDDE907022B
:109870006FF07F4354210093119324ABFEF722F83D
:10988000209B20215B68544A24A808F043FC9DF8E3
:109890009030002B00F0B98024AA0B92702209921C
:1098A0000A2B00F0B384203BDAB25E2A00F2448433
:1098B0004A489BB200EB0315A9881B01002900F060
:1098C0009980EA88002A00F09580002250F80390E1
:1098D000CB1DDB080C93174613461446DFF810A186
:1098E0000A92E24307EBD30319FA83F31AF8033021
:1098F00002F007021341DB075CD5079B08981E683E
:10990000B5F908B0099BB5F90A209B4402443368B5
:109910000A98D3F8188002443148A344804540F0A7
:10992000DC84D3F814802F48804540F04885BBF193
:10993000000F3FDB1B682C498B4240F06E85802076
:10994000834580F2D084002AC0F2CD843368274951
:109950005B688B4240F0788596F88C04824280F2F6
:10996000C284336820491B684FEAE2088B4240F00A
:109970008D858023012103FB08B30B44334402F09F
:10998000070201FA02F219790A43D2B291421A711E
:1099900000F0A98456FA88F898F894349B4598F812
:1099A0009C34B8BF88F894B49B4540F39C8488F8F5
:1099B0009CB4A9880134A3B28B4292D30A9BE88855
:1099C00001339AB2904215D90C9A0A931744BFB248
:1099D00081B10024234684E7B8220210F03A021035
:1099E00035080010890900103103001035030010FC
:1099F000E0400210099AAB891A4409920B9A12F8B6
:109A0000013F0B92002B7FF44BAF209B574A9B6981
:109A1000202124A808F07EFB0D9A9DF89030063A8C
:109A20000A92002B00F0BB800B9224AA0C92002219
:109A300008920A2B00F00484203BDAB25E2A00F27E
:109A400088834B489BB200EB0315A9881B010029B2
:109A500000F09A80EA88002A00F09680002250F8F0
:109A60000390CB1DDB080D93174613461446DFF811
:109A700014A10992E24307EBD30319FA83F31AF80E
:109A8000033002F007021341DE075CD5079B0B98F9
:109A90001E68B5F908B0089BB5F90A209B4402443A
:109AA00033680998D3F8188002443248A3448045AB
:109AB00040F01C84D3F814802F48804540F058842F
:109AC000BBF1000F3FDB1B682C498B4240F08384C5
:109AD0008020834580F21084002AC0F20D84336810
:109AE00027495B688B4240F0BB8496F88C04824225
:109AF00080F20284336821491B684FEAE2088B42F6
:109B000040F0D2848023012103FB08B30B4433448B
:109B100002F0070201FA02F219790A43D2B2914225
:109B20001A7100F0E98356FA88F898F894349B4546
:109B300098F89C34B8BF88F894B49B4540F3DC8314
:109B400088F89CB4A9880134A3B28B4292D3099BB4
:109B5000E88801339AB2904216D90D9A09931744B6
:109B6000BFB289B10024234684E700BFB8220210A7
:109B7000F03A021035080010890900103103001076
:109B800035030010E0400210089AAB891A4408928D
:109B90000C9A12F8013F0C92002B7FF44AAF9DF80B
:109BA0008C30002B40F0AE80574B93E8030024909C
:109BB000C0B2ADF89410002800F0C3801C230893B5
:109BC0000A9B0B9324AB0C930A2800F033832038B4
:109BD000C3B25E2B00F29E824C4A80B202EB0015AB
:109BE000A9880001002900F0A180EB88002B00F07B
:109BF0009D800027CB1DDB080D933C463B4652F869
:109C00000090DFF824A10997E24307EBD30319FA88
:109C100083F31AF8033002F007021341D8075CD52A
:109C2000079B0B981E68B5F908B0089BB5F90A2088
:109C30009B44024433680998D3F81880024434489E
:109C4000A344804540F07583D3F8148031488045A3
:109C500040F09C83BBF1000F3FDB1B682E498B4219
:109C600040F0C5838020834580F26983002AC0F2DA
:109C70006683336829495B688B4240F0FC8396F821
:109C80008C04824280F25B83336823491B684FEA6D
:109C9000E2088B4240F0F4838023012103FB08B3E8
:109CA0000B44334402F0070201FA02F219790A4325
:109CB000D2B291421A7100F0428356FA88F898F8AD
:109CC00094349B4598F89C34B8BF88F894B49B456D
:109CD00040F3358388F89CB4A9880134A3B28B4241
:109CE00092D3099BE88801339AB290421ED90D9A0B
:109CF00009931744BFB2C9B10024234684E7084B37
:109D0000FFF7A3B8074B50E754220210F03A0210B5
:109D100035080010890900103103001035030010C8
:109D2000342202104C220210E0400210089AAB8943
:109D30001A4408920C9B13F8010F0C9300287FF42F
:109D400043AF9DF88D30002B00F0BF82B04B93E8FD
:109D500003002490C0B2ADF89410002800F0AC804D
:109D60000A9B0B9324AB0C93542308930A2800F00E
:109D700054822038C3B25E2B00F2D081A54A80B253
:109D800002EB0015A9880001002900F08A80EB8809
:109D9000002B00F086800027CB1DDB080D933C468E
:109DA0003B4652F80090DFF884A20997E24307EBA4
:109DB000D30319FA83F31AF8033002F007021341B0
:109DC000DA075CD5079B0B981E68B5F908B0089BAD
:109DD000B5F90A209B44024433680998D3F81880E7
:109DE00002448D48A344804540F0B382D3F81480E8
:109DF0008A48804540F0D082BBF1000F3FDB1B68F2
:109E000087498B4240F0E2828020834580F2A7821E
:109E1000002AC0F2A482336882495B688B4240F01A
:109E2000258396F88C04824280F2998233687C49BB
:109E30001B684FEAE2088B4240F03D8380230121FA
:109E400003FB08B30B44334402F0070201FA02F2A9
:109E500019790A43D2B291421A7100F0808256FAFF
:109E600088F898F894349B4598F89C34B8BF88F8E3
:109E700094B49B4540F3738288F89CB4A98801345C
:109E8000A3B28B4292D3099BE88801339AB29042E5
:109E900007D90D9A09931744BFB211B10024234684
:109EA00084E7089AAB891A4408920C9B13F8010FB7
:109EB0000C9300287FF45AAF209B20211B685A4A3C
:109EC00024A808F027F99DF89030002B3FF42AAA27
:109ED00024AA0B9270220A2B089200F0B780203B34
:109EE000DAB25E2A00F22C814A489BB200EB0315DD
:109EF000A9881B01002900F09B80EA88002A00F055
:109F00009780002250F80390CB1DDB080C93174676
:109F100013461446DFF814A10992E24307EBD3037A
:109F200019FA83F31AF8033002F007021341DB0732
:109F30005CD5079B0A981E68B5F908B0089BB5F96F
:109F40000A209B44024433680998D3F818800244DD
:109F50003148A344804540F0F481D3F814802F4861
:109F6000804540F01F82BBF1000F3FDB1B682C498E
:109F70008B4240F041828020834580F2E881002AB4
:109F8000C0F2E581336827495B688B4240F04B8221
:109F900096F88C04824280F2DA81336820491B688B
:109FA0004FEAE2088B4240F08C828023012103FBC0
:109FB00008B30B44334402F0070201FA02F21979A4
:109FC0000A43D2B291421A7100F0C18156FA88F860
:109FD00098F894349B4598F89C34B8BF88F894B4AA
:109FE0009B4540F3B48188F89CB4A9880134A3B29E
:109FF0008B4292D3099BE88801339AB2904217D9D9
:10A000000C9A09931744BFB291B10024234684E708
:10A010004C220210F03A0210350800108909001095
:10A020003103001035030010B8220210E040021086
:10A03000089AAB891A4408920B9A12F8013F0B92C6
:10A04000002B3FF46FA90A2B7FF449AF0A9B06331C
:10A050000A9370230893EFE76FF07F433046139322
:10A06000C047A888FEF7C5BD6FF07F433046129306
:10A07000C047A888FEF7EBBC6FF07F4330461593CE
:10A08000C047A888FEF77ABF6FF07F43304614932D
:10A09000C047A888FEF79DBE6FF07F435946304603
:10A0A0001693C047079BA9881E683068FFF74BB816
:10A0B0006FF07F43594630461793C047A988FFF792
:10A0C00014B930460123C047A888FEF7C0BC30460B
:10A0D0000123C047A888FEF78CBD594630460123AE
:10A0E000C047079BA9881E683068FFF72CB8304628
:10A0F0000123C047A888FEF741BF30460123C0476F
:10A10000A888FEF766BE594630460123C047A98895
:10A11000FFF7EBB8089B013308930BE6089B01336C
:10A120000893C2E6099B01330993FFF702BA099B22
:10A1300001330993FFF7C4BA099B013309935DE426
:10A14000089B0133089377E7099B01330993FFF7D5
:10A150007FBB089B013308931AE53046CDE90D1209
:10A160009847DDE90D12FEF7FBBD30460D9298478A
:10A170000D9AFEF7ADBF3046CDE90D129847DDE9E7
:10A180000D12FEF72BBC3046CDE90D129847DDE9E4
:10A190000D12FEF7BABE3046CDE90D129847DDE943
:10A1A0000D12FEF7EDBC30460D9298470D9AFFF761
:10A1B00062B83046CDE90D129847DDE90D12FEF781
:10A1C0001BBC30460D9298470D9AFEF78FBF304664
:10A1D000CDE90D129847DDE90D12FEF7DFBC3046E0
:10A1E000CDE90D129847DDE90D12FEF79CBE304611
:10A1F000CDE90D129847DDE90D12FEF7BFBD0B9BAF
:10A2000006330B931C230993FFF75ABA089B0633B6
:10A21000089370230993FFF7F1BB0B9B06330B9355
:10A220005423089341E60B9B06330B9300230993B9
:10A23000FFF77FB90B9B06330B931C23089379E53B
:10A240000B9B06330B9300230893A1E40B9B06336F
:10A250000B9338230993FFF7FBBA30460D929847CA
:10A260000D9AFFF716B83046CDE90D129847DDE993
:10A270000D120346FEF7CCBB30460D9298470346BD
:10A280000D9AFEF73FBF3046CDE90D129847DDE944
:10A290000D120346FEF78EBC3046CDE90D129847ED
:10A2A000DDE90D120346FEF74ABE3046CDE90D1238
:10A2B0009847DDE90D120346FEF76CBD30460D925E
:10A2C000984703460D9AFEF7F0BF8C4B3FE53046AA
:10A2D000984703460D90FEF772BF6FF07F435946D3
:10A2E00030461B93C047A988FFF764BB6FF07F43DC
:10A2F000594630461C93C047A98824E46FF07F4339
:10A30000594630461A93C047A988FFF77CBA6FF0C8
:10A310007F43594630461993C047A988FFF7ACB927
:10A320006FF07F43594630461893C047A988FFF71E
:10A33000EAB86FF07F43594630461D93C047A9885D
:10A34000CBE46FF07F43594630461F93C047A9883E
:10A350004CE66FF07F43594630461E93C047A988AC
:10A360008DE5594630460123C047A988FFF74BBA0F
:10A37000594630460123C047A988FFF7E4BB594638
:10A3800030460123C047A988FFF776B959463046C1
:10A390000123C047A988A0E4594630460123C0479D
:10A3A000A9886CE5594630460123C047A9881DE6B7
:10A3B000594630460123C047A988FFF7A4B859463B
:10A3C00030460123C047A988FFF7F4BA30460E9201
:10A3D00098470E9A19E530460E9298470E9AFFF765
:10A3E00078BB30460F9298470F9AFFF7D2B93046A4
:10A3F0000E9298470E9A36E430460D9298470D9A81
:10A40000BAE530460F9298470F9AFFF7FBB83046EF
:10A410000F9298470F9AFFF73CB830460E92984734
:10A420000E9AFFF78DBA30460D9298470D9AB1E516
:10A4300030460F9298470F9AFFF739B830460F927F
:10A4400098470F9AFFF7B3B930460E9298470E9A85
:10A45000FFF784BA30460F9298470F9AFFF7E0B89B
:10A4600030460E9298470E9AFFF741BB30460E9247
:10A4700098470E9AD7E430460E9298470E9A00E419
:10A4800030460E92984703460E9A06E430460E92E6
:10A49000984703460E9AFFF76DBA30460F929847D9
:10A4A00003460F9AFFF7C8B830460E929847034606
:10A4B0000E9AFFF728BB30460E92984703460E9A35
:10A4C000BDE430460D92984703460D9A6EE530463E
:10A4D0000F92984703460F9AFEF7F5BF30460F924A
:10A4E000984703460F9AFFF76EB92098229B191AD6
:10A4F00008B10AF09BFE0AF09BFE00BF5422021036
:10A500000246034652F8080B904203D09968013185
:10A510000AF08CBE704700BF2DE9F04F90F8304034
:10A5200099B00191002C00F042810D460430FDF7F6
:10A530001FFDD5F80090A64AD9F8000002920368E2
:10A54000934240F06E847F273A46002C14BF0123CB
:10A550004FF0FF33D0F818804FF0000E44460393BD
:10A5600090464B46DFF87CB2CDF814E0DDF814904D
:10A570003D464A464FF0000AC1461E46B8465C4575
:10A5800051D14769934B9F4240F01482BAF1000FBA
:10A590003BDB036802998B4240F0128280208245A7
:10A5A0002FDA002AC0F2118233688B495B688B4234
:10A5B00040F0108296F88C04824222DA33680299C5
:10A5C0001B68D4108B4240F00A828023012103FBD8
:10A5D00004A33344587902F00707B9400143C9B2D4
:10A5E000884259710DD056FA84F494F894349A45FF
:10A5F00094F89C34B8BF84F894A49A45C8BF84F8F2
:10A600009CA4019B1E6830688469CA4519D06B0000
:10A61000002BC4BF03998A444345B0DA5C454544E6
:10A6200002F1FF32ADD06FF07F43304651460D93BB
:10A630000492A047019BCA451E68049A3068846949
:10A64000E5D1059B9A42E2D14746C8469146013280
:10A65000B9F1040F3346059288D10023964605933D
:10A660004D23DFF884A11A46CDE906BAA0468446F8
:10A670003346F3460A2A00F0BC83203AD1B25E2961
:10A6800000F2C881554C92B204EB0215A888120161
:10A69000002800F09E83E988002900F09A830021B9
:10A6A00054F802A0C21DD20808920E460A460C4673
:10A6B0004B4F04910397039906EBD2021AFA82F2E8
:10A6C0008A5CE14301F007010A41D7075AD5059F8B
:10A6D000B5F90A20B5F908103A44049F59443A44A0
:10A6E000069F2144B84540F08081DCF81490394F32
:10A6F000B94540F07183002944DBDCF80080029802
:10A70000804540F06D838020814234DA002A32DBBC
:10A710001868D0F804803048804540F0708393F882
:10A720008C04824227DA18684FEAE209D0F80080E8
:10A730000298804540F06C838020012700FB0910BF
:10A7400002F0070207FA02FCC2191A4492F804E068
:10A750002EEA0C00864510710DD053FA89F999F84C
:10A760009434994299F89C34B8BF89F8941499426A
:10A77000C8BF89F89C14019BA8881B68D3F800C047
:10A78000DCF818800134A2B2824294D3049AEC8897
:10A79000013291B28C4240F21C83089904920E441B
:10A7A000B6B2002800F015830024224683E7C36A6E
:10A7B000002B1BDBD0E90712521AB3EBA20F15DAFC
:10A7C00051F8230090B103685B68984715E000BF1B
:10A7D000310300108909001035030010F03A02100F
:10A7E000E040021035080010BC220210814CD4E871
:10A7F000AF3FDA0740F1D7857F48446814AB129326
:10A800000F2C056800F2A985012C00F0B185002C01
:10A8100040F0198314AA002313941355019B774821
:10A82000D3F800800290D8F800100B68834240F003
:10A8300041868026129B8F691A780993002A00F0BE
:10A840001C871846002413466D4D203B5FFA83FC9D
:10A85000BCF15E0F04D89BB205EB03139B891C442B
:10A8600010F8013F002BF0D1301BDFF8A4B10B90A2
:10A87000089306900A2A00F06685203AD3B25E2B30
:10A8800000F2F4825E4C92B204EB02151301AA8826
:10A89000002A00F04885E888002800F0448500265A
:10A8A000E35834460493D31DDB080A93554B0796AF
:10A8B00005933346049806EBD30310FA83F3059807
:10A8C000C35CE04300F007000341DB075DD5069B56
:10A8D000B5F908A008989A44B5F90A305F450344D1
:10A8E0000798A2440344039340F0B482D1F8149033
:10A8F000454B994540F01C85BAF1000F45DB0B68CC
:10A90000029A934240F01B858020824536DA039BF1
:10A91000002B33DBD8F800303C4A5B68934240F0B0
:10A92000188598F88C04039B834227DA1A46D8F8D6
:10A930000030D7101B68029A934240F01E85802396
:10A94000012103FB07A3039A0B44434402F00702CF
:10A9500001FA02F219790A43D2B291421A710DD06A
:10A9600058FA87F797F894349A4597F89C34B8BF0B
:10A9700087F894A49A45C8BF87F89CA4019BAA882D
:10A98000D3F80080D8F800108F690134A3B2934245
:10A9900090D3079BEC88013398B2844240F2C38481
:10A9A0000A9807930644B6B2002A00F0BC8400243B
:10A9B00023467FE73046012351460492B84739E6E3
:10A9C000049230469847049AE9E5019B1E68306876
:10A9D00084691CE6049230469847049AECE5049298
:10A9E00030469847049A0346F0E518460023129330
:10A9F000C047C0E6B02F00204025002031030010E2
:10AA0000F03A0210E04002108909001035030010EE
:10AA1000350800100BF1010B079911F8012F079170
:10AA2000002A7FF427AEDDF818B09946D845604675
:10AA30001346119240F0C584DCF81440A34A9442B6
:10AA400040F0BA85DCF80030029A934240F00C8660
:10AA500043689F4A934240F03C8699F88C34012B1E
:10AA600013DDD9F80030029A1B68934240F01C872E
:10AA700099F8053023F00202980789F8052004D5DB
:10AA800099F89434002B40F01F860023019A11930B
:10AA90001468226895695D4540F07F8455698B494B
:10AAA0008D4240F08385136802998B4240F0A48563
:10AAB0005368874A934240F0848694F88C34032B81
:10AAC00010DD2368029A1B68934240F0F186637997
:10AAD00023F008021907627104D594F89434002B0E
:10AAE00040F0ED850023019A11931468226895695E
:10AAF0005D4540F04C84556974498D4240F0508565
:10AB0000136802998B4240F06F855368704A9342F4
:10AB100040F0528694F88C34002B17DD2368029A9B
:10AB20001B68934240F0E086A37923F00102A271F2
:10AB3000DA070BD594F89434012B84BF012384F8F1
:10AB4000943494F89C34002B00F0B4850023019ACF
:10AB500011931468226895695D4540F01384556926
:10AB60005A498D4240F00A85136802998B4240F0A1
:10AB70005B855368564A934240F0E68594F88C34DE
:10AB8000012B17DD2368029A1B68934240F08886E8
:10AB9000A37923F002029B07A2710BD594F8943499
:10ABA000012B84BF012384F8943494F89C34002B47
:10ABB00000F07B850023019A11931468226895693F
:10ABC0005D4540F06184556940498D4240F09B8469
:10ABD000136802998B4240F0178553683C4A9342B0
:10ABE00040F0AD8594F88C34032B17DD2368029A6E
:10ABF0001B68934240F05086A37923F008021F0798
:10AC0000A2710BD594F89434012B84BF012384F8EE
:10AC1000943494F89C34002B00F042850023019A70
:10AC200011931468226895695D4540F02784556941
:10AC300026498D4240F0AE84136802998B4240F061
:10AC4000EB845368224A934240F0C58594F88C34D3
:10AC5000042B17DD2368029A1B68934240F030866C
:10AC6000A37923F01002DE06A2710BD594F8943478
:10AC7000012B84BF012384F8943494F89C34002B76
:10AC800000F009850023019A1193146822689569E0
:10AC90005D4540F0268455690C498D4240F026847C
:10ACA000136802998B4240F0C7845368084A934264
:10ACB00040F08C8594F88C34012B1DDD2368029ABA
:10ACC0001B68934240F0F88504E000BF890900103A
:10ACD00035030010E37923F002029D07E2710BD5E2
:10ACE00094F89434022B84BF022384F8943494F8AB
:10ACF0009C34012B40F2CA840023019A11931468FA
:10AD0000226895695D4540F0E783556955498D4254
:10AD100040F00584136802998B4240F09584536893
:10AD2000514A934240F0618594F88C34032B17DD2F
:10AD30002368029A1B68934240F08185E37923F0EF
:10AD400008021807E2710BD594F89434022B84BFE3
:10AD5000022384F8943494F89C34012B40F29184BB
:10AD60000023019A11931468226895695D4540F0AB
:10AD7000AB8355693B498D4240F0BD83136802990E
:10AD80008B4240F069845368374A934240F02885EB
:10AD900094F88C34022B19DD2368029A1B689342C5
:10ADA00040F09285237A23F00402590722720DD5D0
:10ADB00094F89434032B84BF032384F8943494F8D8
:10ADC0009C34022B02D8032384F89C3419B0BDE8CC
:10ADD000F08FAA8993441FE618460023C847CAE4A7
:10ADE000CDE90A1218460993C047DDE909310B9AEB
:10ADF0008AE4059A4FF0050B063205920CE61846D8
:10AE0000CDE90A120993C047DDE90A12099B88E4DB
:10AE1000CDE90A1218460993C047DDE909310B9ABA
:10AE20008BE448469847019B421ED3F80090002AC5
:10AE300082EAE277D4BF00240124D9F80000A7EB0E
:10AE4000E277FFF782BB14A82246294614F0F4FBF0
:10AE5000129AE0E41A466FF07F43514640460E9343
:10AE6000B8478BE58909001035030010069B0133B4
:10AE70000693099B13F8012F0993002A7FF4FAAC7B
:10AE80005F4540F0AC824C69A54B9C4240F0A083EA
:10AE90000B68029A934240F05C844B68A14A93424B
:10AEA00040F0E88498F88C34002B13DDD8F800309B
:10AEB000029A1B68934240F03C8598F8053043F0B5
:10AEC00001029A4288F8052004D098F89434002BA7
:10AED00040F00484019B1C6823689D695D4540F037
:10AEE000A5825D698E4A954240F030831A680299C6
:10AEF0008A4240F07F845B688A4A934240F0A38490
:10AF000094F88C34002B17DD2368029A1B68934257
:10AF100040F00185A37943F001029A42A2710BD05F
:10AF200094F89434012B02D9012384F8943494F8D2
:10AF30009C34002B00F0DB83019B1C6823689D6917
:10AF40005D4540F06B825D69754A954240F0F8823C
:10AF50001A6802998A4240F05C845B68714A9342A5
:10AF600040F0768494F88C34002B17DD2368029A25
:10AF70001B68934240F0CB84E37943F001029A428C
:10AF8000E2710BD094F89434022B02D9022384F896
:10AF9000943494F89C34012B40F2A583019B1C68E7
:10AFA00023689D695D4540F031825D695C4A954248
:10AFB00040F0C0821A6802998A4240F0E1835B68DF
:10AFC000584A934240F0638494F88C34002B17DD88
:10AFD0002368029A1B68934240F09384227A42F0DD
:10AFE00001039A4223720BD094F89434032B84BF4C
:10AFF000032384F8943494F89C34022B40F2838326
:10B00000019B1C6823689D695D4540F0F7815D697F
:10B01000434A954240F0E2821A6802998A4240F01F
:10B02000F1835B683F4A934240F01F8494F88C346C
:10B03000022B10DD2368029A1B68934240F0818442
:10B04000637943F004029A42627104D094F8943414
:10B05000002B40F05483019B1C6823689D695D456B
:10B0600040F004825D692E4A954240F08D821A6854
:10B0700002998A4240F0D5835B682A4A934240F0A5
:10B08000EC8394F88C34022B17DD2368029A1B683A
:10B09000934240F05284A37943F004029A42A27191
:10B0A0000BD094F89434012B02D9012384F8943402
:10B0B00094F89C34002B00F01E83019B1C682368CD
:10B0C0009D695D4540F0CA815D69154A954240F031
:10B0D0004F821A6802998A4240F0AA835B68114A3B
:10B0E000934240F0BE8394F88C34022B1CDD23681D
:10B0F000029A1B68934240F01884E37943F00402FB
:10B100009A42E27110D094F89434022B02D90223AF
:10B1100084F8943494F89C34012B40F20C8303E0BF
:10B120008909001035030010019B1C6823689D6984
:10B130005D4540F08B815D69AD4A954240F01282D9
:10B140001A6802998A4240F014835B68A94A9342C4
:10B1500040F0998394F88C34022B17DD2368029A0F
:10B160001B68934240F0CA83227A42F004039A4259
:10B1700023720BD094F89434032B84BF032384F8F8
:10B18000943494F89C34022B40F2D182019B1C68C9
:10B1900023689D695D4540F051815D69944A9542FF
:10B1A00040F0DA811A6802998A4240F0DB825B68DB
:10B1B000904A934240F0638394F88C34042B10DD62
:10B1C0002368029A1B68934240F0AC83627942F094
:10B1D00010039A42637104D094F89434002B40F029
:10B1E000A282019B1C6823689D695D4540F05A81DD
:10B1F0005D697F4A954240F097811A6802998A42B8
:10B2000040F0CC825B687B4A934240F0658394F8BF
:10B210008C34042B17DD2368029A1B68934240F09C
:10B220007E83A27942F010039A42A3710BD094F866
:10B230009434012B02D9012384F8943494F89C347B
:10B24000002B00F06C82019B1C6823689D695D45A2
:10B2500040F020815D69664A954240F05A811A6843
:10B2600002998A4240F0A1825B68624A934240F0B0
:10B27000378394F88C34042B17DD2368029A1B68FB
:10B28000934240F03883E37943F010029A42E2712E
:10B290000BD094F89434022B02D9022384F894340E
:10B2A00094F89C34012B40F23682019B1C68236881
:10B2B0009D695D4540F08B805D694D4A954240F047
:10B2C00081811A6802998A4240F061825B68494A2A
:10B2D000934240F0FD8294F88C34042B17DD2368F0
:10B2E000029A1B68934240F00383227A42F01003D3
:10B2F0009A4223720BD094F89434032B84BF032317
:10B3000084F8943494F89C34022B40F20082129812
:10B3100014AB98423FF45AAD1499013109F086FFFD
:10B3200019B0BDE8F08F069AAB891A440692A0E5E1
:10B33000514640460123039AC847FFF71FBB4046CA
:10B340009847FFF7E2BA089B063308930B9B0693D6
:10B350008FE540469847FFF7E6BA002CC0F2FA8224
:10B36000601C00F1D2820AF077FB149412906BE516
:10B370002B788DF85030FFF74DBA4046984703467A
:10B38000FFF7DEBA012220461146A84712E4204604
:10B390001A460121A847FFF7D9BB204619460322C8
:10B3A000A847FFF79FBB204606F06EFF00283FF43A
:10B3B00023AA114812F070FB204606F07BFFFFF72E
:10B3C0001BBA114648460122C047FFF75EBB6FF02B
:10B3D0007F432046042203211193A84797E76FF08B
:10B3E0007F430022404611460F93B84772E500BFE5
:10B3F0008909001035030010A97800106FF07F4311
:10B400002046022200211093A84724E66FF07F43D4
:10B410002046002203210F93A847F1E56FF07F43F8
:10B420002046002202210F93A847B7E56FF07F4323
:10B430002046002201210F93A8477DE56FF07F434E
:10B440002046042200211193A847CAE66FF07F43EB
:10B450002046022203211093A84797E66FF07F430E
:10B460000222204611461093A8475DE66FF07F4305
:10B470002046022201211093A8471EE620460422FE
:10B480000121A847FFF7FEBB204603220121A84760
:10B49000FFF7C4BB6FF07F432046042202211193C3
:10B4A000A84702E76FF07F43204604220121119351
:10B4B000A847C8E640469847019B0646D3F8008057
:10B4C000D8F80010FFF7B6B9022203212046AC4697
:10B4D00019B0BDE8F04F6047204603220221A8477B
:10B4E0003EE4204601220221A84705E4204601222D
:10B4F0000221A84700E4022203212046AC4619B0ED
:10B50000BDE8F04F6047204603220121A847FFF71E
:10B5100085BB2046012304220221A847C5E6204618
:10B5200003220221A8471BE40123204604221946D6
:10B53000A84788E62046012300220321A8475FE5AB
:10B540002046012300220221A84727E501232046A7
:10B5500000221946A847EFE42046012304220021D7
:10B56000A8473EE62046012302220321A8470DE614
:10B570000222204601231146A847D5E50122204694
:10B580001146A847FFF716BB0123204602221946A1
:10B59000A84792E5204604220121A847FFF772BB85
:10B5A00020461A460121A847FFF7D0BA204619467F
:10B5B0000322A847FFF796BA484619460122A0473A
:10B5C000FFF763BA0123042220460321A8479EE621
:10B5D0000022404601231146A0477BE42046012378
:10B5E00002220021A84736E52046984701287FF728
:10B5F000ADAA2268FFF789BA2046984700287FF74E
:10B6000071AA2268FFF754BA2046984701287FF7AD
:10B6100005AB2268FFF7E1BA2046984701287FF77B
:10B6200031AB2268FFF70DBB2046984701287FF712
:10B63000C1AA2268FFF79DBA2046984702287FF7E3
:10B640005BAB2268FFF731BB2046984702287FF7A3
:10B6500087AB2268FFF763BB2046984703287FF734
:10B66000B5AB2268FFF78FBB4846984700287FF7A5
:10B670000CAAD9F80000FFF7EBB9DFF8E4B2FFF746
:10B68000FFBB022384F89C34FFF76ABB022384F8D3
:10B690009C34FFF731BB012384F89C34FFF7F2BAE6
:10B6A000012384F89C34FFF7B9BA012384F89C3451
:10B6B000FFF780BA012384F89C34FFF747BA0023D0
:10B6C00084F89434FFF70EBA002389F89434FFF716
:10B6D000DCB9484698470346FFF7C1B9002388F80C
:10B6E0009434FFF7F7BB022384F89C3456E401231B
:10B6F00084F89C3420E4012384F89C34DDE40023A6
:10B7000084F89434A7E4032384F89C3478E4032376
:10B7100084F89C34FBE5022384F89C34C5E50123BE
:10B7200084F89C348FE5002384F8943459E503238E
:10B7300084F89C342AE5022384F89C34F4E42046FF
:10B7400098470346FFF750BA204698470346FFF74D
:10B7500017BA4046984700287FF7BCABD8F80010CE
:10B76000FFF79BBB2046904700287FF73AAD236840
:10B770001DE52046904703287FF708AD2368E4E4E1
:10B780002046904703287FF73BAC236817E4204608
:10B79000904703287FF7BBAD236897E52046904785
:10B7A00001287FF750AD23682CE5204690470228FA
:10B7B0007FF77BAD236857E5204698470346FFF7A0
:10B7C000ABB9204698470346FFF779B9204698471A
:10B7D0000346FFF771BA204698470346FFF738BA89
:10B7E000204698470346FFF7D5BA204698470346B8
:10B7F000FFF79CBA2046904701287FF79DAB23684E
:10B80000FFF779BB2046904700287FF724AC2368D8
:10B8100007E42046904702287FF7C0AB2368FFF774
:10B820009CBB2046904701287FF747AC236823E460
:10B830002046904702287FF777AC23684EE42046E5
:10B840009847FFF77BBA204698470346FFF75ABB55
:10B85000204698470346FFF787BB20469847034694
:10B8600011E42046984703463FE4204698470346A4
:10B87000FFF7DEBB404698470346FFF715BB20465F
:10B88000984703469AE420469847034664E42046D6
:10B8900098470346FFF79ABB20469847FFF7ACB995
:10B8A00020469847FFF774B948469847FFF7E0B835
:10B8B00020469847FFF70BB920469847FFF70ABA8A
:10B8C00020469847FFF7CCB920469847FFF76ABA59
:10B8D00020469847034600E520469847034698E4EB
:10B8E000204698470346C6E420469847FFF71CB910
:10B8F00020469847F9E420469847C4E420469847F4
:10B9000032E420469847FFF769BB0AF0EFF920467A
:10B910009847FFF731BB20469847FFF7FBBA204610
:10B9200098477EE42046984750E420469847FFF722
:10B93000E4BB40469847FFF7C0BA20469847FFF758
:10B94000AABB20469847FFF77BBB12A8FEF7D8FD9D
:10B9500009F06EFC01480AF001FA00BF182202103B
:10B9600035080010034B93F8302012B1DA6A024414
:10B97000DA627047E82E0020034A92F8303083F0F4
:10B98000010382F830307047E82E0020084B93F80E
:10B9900030205AB1DA6A32B1012A13BF0021054AB8
:10B9A0000549044A1160002283F83020704700BF27
:10B9B000E82E0020684200203C2500202DE9F04FB1
:10B9C000B54C8DB0D4E9005603F0E8FC4CF250338E
:10B9D000401B61EB0601984271F1000102D20DB0EB
:10B9E000BDE8F08F03F0DAFCDFF8BCB2AB4ADBF85D
:10B9F0000050C4E900012B681B69934240F093801A
:10BA00004FF480620021681D13F00AFB95F88D4405
:10BA10005CB12246002105F2944013F001FB22465E
:10BA20007F2105F29C4013F0FBFA9D4B93F83030D8
:10BA30003BB99C4B186800287DD003689A491B6865
:10BA4000984799499648FEF767FDDBF80060974AEA
:10BA50003368DB69934269D196F88DA4BAF1000F7F
:10BA6000BDD000254FF4045906F2934703E0013599
:10BA7000EBB253453CD217F8014FEAB23B7A9C42F5
:10BA8000A3EB0408F3D88DF82B302223D6F88804D2
:10BA90008DF82C30ADF828908DF82A408DF82D20A7
:10BAA0008DF82E2002680723D2F800A03C210AAAB4
:10BAB000D04780B3611DEB011944B8F1FF3F314419
:10BAC00005D008F1010206F2064013F02BFAD6F871
:10BAD00088043C21026808F10203146806F205425A
:10BAE000A047E0B196F88DA40135EBB25345C2D31F
:10BAF000BAF1000F3FF473AF5246802106F2944032
:10BB000013F08EFA5246002106F29C400DB0BDE8BB
:10BB1000F04F13F085BA6648F5F79CFBCAE7654815
:10BB2000F5F798FBDEE7284698477EE730460DB0EC
:10BB3000BDE8F04F184706235F4F02933E464E2361
:10BB400000900A2B00F0DA80203BDAB25E2A00F285
:10BB50009A805A499BB201EB0315A8881B01002863
:10BB600000F0B980EA88002A00F0B580002251F880
:10BB700003A0C31DDB080393174613461446DFF8E2
:10BB8000509101920796E24307EBD3031AFA83F32D
:10BB900019F8033002F007021341DB075AD5009A67
:10BBA000B5F90810029E1144DBF80030B5F90A20FF
:10BBB000D3F800C03244019EDCF818803244404E75
:10BBC0002144B04558D1DCF814803E4EB04540F0D9
:10BBD000878000293EDBDCF800803B48804540F050
:10BBE0008480802081424CDA002A4ADB1868D0F831
:10BBF00004803648804540F0878093F88C04824268
:10BC00003FDA1868304E00684FEAE208B0428446D6
:10BC100040F08380802002F0070C012200FB081016
:10BC2000184402FA0CF290F805C04CEA0202D2B2B3
:10BC30009445427125D053FA88F393F894249142A5
:10BC400093F89C24B8BF83F89414914219DD83F8CB
:10BC50009C14A8880134A3B2834294D3019BE98841
:10BC600001339AB2914235D9039A01931744BFB276
:10BC700080B30024234686E718466FF07F4309937C
:10BC8000C047A888E6E7009B0133009316F8013F00
:10BC9000002B7FF456AFD4E6682C00203D03001043
:10BCA000E82E002068420020703800204116001065
:10BCB000FC0C0210280D0210C4220210F03A0210EF
:10BCC00035080010890900103103001035030010F9
:10BCD000E0400210079E009AAB891A440092D5E713
:10BCE00018460123C047A888B4E7CDE905121846D5
:10BCF0000493C047DDE90431069A73E7029B0633DB
:10BD0000029300230093C1E71846CDE9051204937E
:10BD1000C047DDE90512049B71E7CDE9051218461D
:10BD2000049363469847DDE90431069A73E700BF40
:10BD30005E480023F0B54FF0FF310646042287B07D
:10BD40008DF80C30C0E9013300F11C0302AC584DF2
:10BD500040F8143F574BCDE90042C6E9031103AA4E
:10BD6000214602933560FBF777FD6FF07F4368460D
:10BD7000F362FEF7C5FB504B504E93E80300029070
:10BD800007200B0C8DF80E3000234FF0FF3201908E
:10BD900030468DF80F307360B36006F11C03C6E9BE
:10BDA0000322ADF80C100DF10F02214640F8143FAC
:10BDB00035600094FBF750FD6FF07F436846F362F7
:10BDC000FEF79EFB00233E4D0820C5E90033AB6023
:10BDD00009F042FE03463B4A3B4E03CA32681860F4
:10BDE00059603A4F03F10801394C2B601368C5E9DB
:10BDF000011127601968374FB9423DD180265B6831
:10BE000035498B4235D192F88C0404380023042143
:10BE100060610020314A266162606E682A68C4E968
:10BE20000633B61AC4E90833C4E902011FD02C4B0B
:10BE30009E422BD8304609F00FFE0346D5E9001587
:10BE40006D1A1E44042DC4E9073366621ADD1846D4
:10BE50002A4613F067F80346002201212B4423628F
:10BE6000E26284F8281084F8302007B0F0BD334631
:10BE7000E4E710469847C8E7104688473268064608
:10BE80001368BCE704BF0A681A60E5E709F03EFFE3
:10BE90002868A968091A28B109F0C8F902E06846BB
:10BEA000FEF72EFB09F0C4F9F9E700BF502F002080
:10BEB000983A0210484F4D45D8220210802F00209A
:10BEC000C8410020583A021070380020C83A0210C9
:10BED000E82E00203103001035030010683A0210EC
:10BEE000FCFFFF7F2DE9F04100204FF6FF754FF07A
:10BEF000FF319F4C9F4AA04B84B0C4E90A239F4B5B
:10BF0000E268C4E904509A42E1610DD0D4E901101D
:10BF10000122E36000F110039A404B681342FCD108
:10BF2000974B043041F820304FF0010884F8198015
:10BF300003F034FA43460027C4E90801914E924DBC
:10BF400084F81880002B40F08D80637DE07DA27D19
:10BF50001B04217D43EA00631343E26843EA0123A3
:10BF600093420FD0D4E9010C01210CF1100EE360D3
:10BF70001A0201FA0EF143680B42FCD10CF1040CD9
:10BF800040F82C2073680721804A02A8009706F029
:10BF9000C1F82B68EFF3108272B6D3E8CF0F0121FE
:10BFA0000028FAD1C3E8401F0028F6D1BFF35F8F05
:10BFB000306802A903685B686A60984730680722A6
:10BFC000036802A99B6898472B68C3E88F7F6B685A
:10BFD00083F310880138032876D81022002102A8A4
:10BFE00012F02CFB002839D04FF0010873680721AC
:10BFF000664A02A8CDF8008006F08CF82B68EFF3B3
:10C00000108272B6D3E8CF0F01210028FAD1C3E81D
:10C01000401F0028F6D1BFF35F8F30686A60036865
:10C0200002A95B68984730680722036802A99B68E9
:10C0300098472B68C3E88F7F6B6883F31088431E93
:10C04000032B71D81022002102A812F0F7FA26283B
:10C0500075D0152870D0142800F08680237E002B20
:10C060003FF473AF03F09AF9D4E9083294F819C099
:10C07000C31A61EB020EBCF1000F2BD0A26A9A42E8
:10C0800077EB0E02BFF67EAFE369C4E90801002B2F
:10C0900050D0637DE27D1B0443EA0263A27D677694
:10C0A0001343227D43EA0222E3689A423FF46AAFD7
:10C0B000D4E9010C01210CF11003E2609940120255
:10C0C00043680B42FCD159E7002172683048F5F70C
:10C0D000C1F8C3E7E26A9A427CEB0E0CBFF652AF9E
:10C0E000E369C4E90801002BC4BF03F1FF33E36136
:10C0F00003B30121637CE27C1B0443EA0263A27C5C
:10C1000061761343227C43EA0222E3689A423FF4B9
:10C1100039AFD4E9010C0CF11003E260994012022E
:10C1200043680B42FCD129E7414672681848F5F78D
:10C1300091F893E7277625E70020F9F771FA0023B5
:10C14000E2686361237662B1D4E901100122E36001
:10C1500000F110039A404B681340FCD1043041F8C1
:10C16000203004B0BDE8F0814046F9F759FAE6E71F
:10C17000B82B0020A0860100801A060000FFFF00F7
:10C180000000FFFF282500203C3000209015021001
:10C190009C150210000000002DE9F04F00267A4D9A
:10C1A00085B07A4C6B680721794A02A8009605F0A1
:10C1B000B1FF2368EFF3108272B6D3E8CF0F0121ED
:10C1C0000028FAD1C3E8401F0028F6D1BFF35F8FE3
:10C1D00028686260036802A95B689847286807229C
:10C1E000036802A99B6898472368C3E88F6F636858
:10C1F00083F310880138032808D81022314602A89A
:10C2000012F01CFA50B905B0BDE8F08F31466A68EB
:10C210006048F5F71FF805B0BDE8F08F01276B689F
:10C2200007215B4A02A8009705F074FF2368EFF32B
:10C23000108272B6D3E8CF0F01210028FAD1C3E8EB
:10C24000401F0028F6D1BFF35F8F28686260036843
:10C2500002A95B68984728680722036802A99B68BF
:10C2600098472368C3E88F6F636883F310880138A9
:10C27000032800F20F811022314602A812F0DEF9E5
:10C28000454B0746D3F80090814500F00B81DFF85D
:10C29000148118603F2F40F2878039463F4A40485A
:10C2A000F4F786FC00266B680721394A009602A83D
:10C2B00005F030FF2368EFF3108272B6D3E8CF0F9A
:10C2C00001210028FAD1C3E8401F0028F6D1BFF3AE
:10C2D0005F8F28686260036802A95B6898472868D6
:10C2E0000722036802A99B6898472368C3E88F6FF9
:10C2F000636883F310880138032839D8102200219D
:10C3000002A812F09BF9224A002836D001276B6858
:10C31000072102A8009705F0FDFE2368EFF31082C5
:10C3200072B6D3E8CF0F01210028FAD1C3E8401F2D
:10C330000028F6D1BFF35F8F28686260036802A906
:10C340005B68984728680722036802A99B6898479A
:10C350002368C3E88F6F636883F31088013803286C
:10C3600000F24C811022002102A812F067F99AE72E
:10C3700000216A680748F4F76DFF03F00FF8C8E979
:10C38000000105B0BDE8F08F282500203C300020DA
:10C39000901502109C15021058250020F42202105E
:10C3A00024230210F82B00209B4B394653F82720FA
:10C3B0009A480C3FF4F7FCFB332F3FF673AF01A311
:10C3C00053F827F071C50010A5C20010A5C20010D7
:10C3D0003BC5001011C50010E7C4001059C500107E
:10C3E00069C50010A5C20010A5C20010A5C20010AA
:10C3F000A5C20010A5C20010A5C20010A5C2001061
:10C40000A5C20010A5C20010A5C20010A5C2001050
:10C4100063C50010A5C20010A5C20010A5C200107F
:10C42000A5C20010A5C20010F7C50010A5C20010DB
:10C43000A5C20010A5C20010F1C50010A5C20010D1
:10C44000A5C20010A5C20010A5C20010A5C2001010
:10C45000A5C20010A5C20010A5C20010A5C2001000
:10C46000A5C20010A5C20010A5C20010A5C20010F0
:10C47000A5C20010A5C20010A5C20010A5C20010E0
:10C48000EBC50010A5C20010A5C20010A5C2001087
:10C49000E5C5001039466A686148F4F7DBFE05B06F
:10C4A000BDE8F08FDFF8B081D8E900BA02F076FF7E
:10C4B0005C4BB0EB0B0061EB0A01834276EB0101B0
:10C4C000FFF4E8AEB9F13F0F05D94946564A57483F
:10C4D000F4F76EFBE6E6504B494653F829205348E3
:10C4E000F4F766FBDEE6524E49A3D3E90023D6E912
:10C4F000000103F073FA46A3D3E90023C6E9000163
:10C500004C4ED6E9000103F069FAC6E90001C9E61C
:10C51000474E3FA3D3E90023D6E9000103F04AFACE
:10C520003BA3D3E90023C6E90001424ED6E900014E
:10C5300003F040FAC6E90001B4E63F4A137883F0FD
:10C5400001031370002B5FD103223C493C4B3D4853
:10C550001A70F4F72DFBA5E64FF0FF30FFF702FA53
:10C56000A0E600F0C1F89DE60120FFF7FBF999E68F
:10C570004FF0FF13344E7361002333764FF6FF7391
:10C58000F2689A420DD0D6E901100122F36000F161
:10C5900010039A404B681342FCD12C4B043041F8F5
:10C5A00020302B48F4F722FB4FF4FA7002F0F6FD2E
:10C5B00000221146104602F0EFFF0023F26873617B
:10C5C0003376002A3FF46EAED6E901100122F36003
:10C5D00000F110039A404B681340FCD1043041F83D
:10C5E00020305FE6FFF7D2F95CE6FFF7C5F959E6C0
:10C5F000FFF778FC56E6F7F763FB53E639466A68BF
:10C600000748F4F727FEB8E6042212499EE700BF68
:10C610009A9999999999B93F94420210242302104A
:10C620009C150210BFD40100F4220210FC2202105B
:10C63000C02E0020402F002086420020E822021059
:10C640008742002048230210B82B002000FFFF0083
:10C650005C230210E0220210F82B002070B41C4C66
:10C660001C4994ED007B80ED007B94ED027B80ED16
:10C67000027B94ED047B80ED047B91ED007B80EDEB
:10C68000067B91ED027B80ED087B91ED047B124AE5
:10C69000124D80ED0A7B95ED006B92ED007B104E04
:10C6A00080ED166B96ED005B80ED0C7B92ED046BDC
:10C6B00092ED027B0B4D80ED145B95F800C080ED90
:10C6C000106B70BC80ED0E7B80F848C0704700BFD7
:10C6D000D02E0020B02C0020202F0020B82E0020CB
:10C6E000382F00205C250020002200239FED107BC6
:10C6F0001149124810B481ED007BC0E90023C1E963
:10C7000002230F48C1E90423C1E906230D49C0E90A
:10C710000023C1E900230C4C0C480D49C4E9002357
:10C72000C0E90023C1E900235DF8044B704700BF56
:10C73000000000000000F03F882E0020B82E0020EE
:10C74000382F0020482F0020C82E0020C02E0020A7
:10C75000402F0020000000002DE9F04FBC4EB5B086
:10C76000D6E9004702F01AFEBA4D021BAB690292ED
:10C7700061EB070B002B00F0908605F11C03D3E85A
:10C780008F3FDBB2002B40F0818602F007FE029B58
:10C79000B3F5166F7BF10003C0F07586002330AC53
:10C7A0000493C6E9000110216868234602680091DD
:10C7B000D6686A211E22B047002800F09A86AB692D
:10C7C0001BB1A54B0022C3E88F2FD5E90467BDF943
:10C7D000C40003F0D5F932463B4603F013F9CDE926
:10C7E0000601BDF9C60003F0CBF932463B4603F023
:10C7F00009F9CDE90801BDF9C80003F0C1F93246D5
:10C800003B4603F0FFF8D5E90267CDE90A01BDF91F
:10C81000CA0003F0B5F932463B4603F0F3F8CDE920
:10C820000C01BDF9CC0003F0ABF932463B4603F0F6
:10C83000E9F88046BDF9CE00894603F0A1F93246F9
:10C840003B4603F0DFF8854D0646D5E902230F4647
:10C850004046494603F0C2F802460B4691469A46C6
:10C86000D5E904233046394603F0B8F8D5E900236A
:10C8700006460F46DDE90C0103F0B0F8D5E90823C0
:10C88000DFF8F881C8E9029AC8E90467C8E900013D
:10C89000DDE9080103F0A2F8D5E90A2380468946BC
:10C8A000DDE90A0103F09AF8D5E9062306460F46AA
:10C8B000DDE9060103F092F80123DFF8C4A1CAE91B
:10C8C0000001CAE90289CAE90467DFF8B8A18AF859
:10C8D00000300221624B5868234602680091D568F7
:10C8E00006210322A847002800F0F1859DF8C130F9
:10C8F0009DF8C0009B0843EA801003F041F9002234
:10C90000584B03F07FF84EA3D3E9002303F07AF8E5
:10C9100000224FF07C5303F075F880468946524D53
:10C920004246D5E900014B4603F058F844A3D3E949
:10C93000002306460F4603F0CBF9002840F0368668
:10C9400041A3D3E900233046394603F085F9002896
:10C9500040F0E4853246454E3B46D6E9000103F0FF
:10C9600029F8C5E90089C6E9000123460224404AA6
:10C970005068032201680094CC680621A047002873
:10C9800000F0AE859DF8C1309DF8C0009B0843EAD9
:10C99000801003F0F5F80022324B03F033F828A39F
:10C9A000D3E9002303F02EF800224FF07C5303F06C
:10C9B00029F806460F46DFF8D0803246D8E9000154
:10C9C0003B4603F00BF81EA3D3E9002304460D46B3
:10C9D00003F07EF9002840F0F4851BA3D3E900237F
:10C9E0002046294603F038F9002840F08C8522467D
:10C9F000204C2B46D4E9000102F0DCFFC8E90067B7
:10CA0000C4E90001049B33B9029BB3F5166F7BF1B7
:10CA1000000380F0ED859AF800301B93002B00F0A6
:10CA2000328502F0BBFC144D0446D5E90023801A80
:10CA30000E4661EB030103F006FF27E0AFF3008031
:10CA4000182D4454FB210940182D4454FB2109C0E2
:10CA5000182C0020682E0020842E0020702C00202E
:10CA60004841002000001040202C0020B82E00205B
:10CA700044420020382F0020302C0020382C002089
:10CA8000502C002088420020282C0020CBA3D3E982
:10CA9000002302F0DBFFC44A2C6092ED007BC34C04
:10CAA0008DED1E7BD4E902ABD4E9048994ED067BBD
:10CAB0008DED047B92ED027B8DED1C7B92ED047B72
:10CAC000BB4B8DED207B93ED007B8DED267B93EDB5
:10CAD000027B8DED247B93ED047BDDE904238DED5A
:10CAE000227B94ED007BCDE90C016E6050465946E7
:10CAF0008DED027B02F086FF424606460F46DDE9D9
:10CB000002014B4602F07EFF02460B463046394694
:10CB100002F064FF02460B4602F04CFFDDE92623DB
:10CB200002F05CFFDDE90223CDE90E0150465946D3
:10CB300002F068FF424606460F46DDE904014B4617
:10CB400002F060FF02460B463046394602F032FFE3
:10CB500002460B4602F02EFFDDE9242302F03EFFE1
:10CB600052465B46CDE910015046594602F04AFF55
:10CB700002460B4600208F4902F030FF424606462F
:10CB80000F464B464046494602F03CFF02460B46E4
:10CB90003046394602F022FF02460B4602F00AFFF9
:10CBA000DDE9222302F01AFF0022CDE928014FF02F
:10CBB00040434046494602F025FFDDE90456CDE9F1
:10CBC0002A012A4633462846314602F0F3FEDDE9C3
:10CBD0000267CDE92C010022304639464FF0404330
:10CBE00002F010FF52465B46CDE906015046594619
:10CBF00002F0E0FE94ED087B0022CDE92E01DDE994
:10CC00001E016C4B8DED0A7B02F0FCFE0022CDE98B
:10CC10001201DDE91C01674B02F0F4FE0022CDE9B0
:10CC20001401DDE92001634B02F0ECFE0022CDE9A6
:10CC3000160100233046394602F0E4FEDDE91223F6
:10CC400006460F465046594602F0DCFE02460B46A9
:10CC50003046394602F0C2FEDDE9142306460F468F
:10CC60004046494602F0CEFE02460B463046394663
:10CC700002F0B4FEDDE9162306460F46DDE90401A5
:10CC800002F0C0FE02460B463046394602F0A6FED0
:10CC9000DDE92A2306460F46DDE90E0102F0B2FE69
:10CCA000CDE90801DDE92E23DDE9100102F0AAFE3D
:10CCB00002460B46DDE9080102F07CFEDDE90A23AD
:10CCC00002F0A0FE02460B463046394602F086FED0
:10CCD000DDE90C2302F096FEDDE9026732463B46B1
:10CCE00002F068FE0A46014642EC171BCDE9181215
:10CCF000DDE9122384ED007B3046394602F082FEE6
:10CD0000002206460F4650465946002302F07AFE9E
:10CD100002460B463046394602F04CFEDDE916234A
:10CD200006460F464046494602F06CFE02460B4658
:10CD30003046394602F03EFEDDE9142306460F4632
:10CD4000DDE9040102F05EFE02460B46304639463C
:10CD500002F044FEDDE90623079B06460F46104617
:10CD600003F10041DDE9102302F04CFEDDE92C2344
:10CD7000CDE90801DDE90E0102F044FE02460B4652
:10CD8000DDE9080102F016FE0022CDE908010A4B98
:10CD90005046594602F036FEDDE9282302F032FE05
:10CDA00002460B460EE000BF502C0020882E0020CB
:10CDB000382C00200000E03F000010C00000000000
:10CDC00080842E41DDE9080102F0F4FDDDE90A234B
:10CDD00002F018FE02460B463046394602F0FEFDD0
:10CDE000DDE90C2302F00EFE52465B4602F0E2FD46
:10CDF000DDE91423C4E90201CDE90801DDE90201FE
:10CE000002F000FEDDE9162306460F46504659465D
:10CE100002F0F8FD02460B463046394602F0DEFDD0
:10CE2000002206460F4640464946002302F0EAFD2E
:10CE300002460B463046394602F0BCFDDDE91223BE
:10CE400006460F46DDE9040102F0DCFD02460B4612
:10CE50003046394602F0AEFDDDE9062306460F46B0
:10CE6000DDE90E0102F0CEFDDDE92C23CDE906015E
:10CE7000DDE9100102F0C6FD02460B46DDE90601C0
:10CE800002F098FD0022CDE90601D34B4046494609
:10CE900002F0B8FDDDE9282302F0B4FD02460B469E
:10CEA000DDE9060102F086FDDDE90A2302F0AAFDB4
:10CEB00002460B463046394602F090FDDDE90C2370
:10CEC00002F0A0FD42464B4602F074FDDDE9162358
:10CED00006460F46DDE9020147EC176B84ED047B43
:10CEE000CDE9066702F08EFDDDE9142306460F4604
:10CEF0005046594602F086FD02460B4630463946FA
:10CF000002F058FDDDE9122306460F464046494629
:10CF100002F078FD02460B463046394602F05EFDCF
:10CF2000DDE904AB06460F46504600220023594671
:10CF300002F068FD02460B463046394602F03AFDE3
:10CF4000DDE92A89DDE9102306460F46404609F14E
:10CF5000004102F057FDDDE92E2380468946DDE9D8
:10CF60000E0102F04FFD02460B464046494602F0D4
:10CF700021FDDDE90A2302F045FD02460B4630465D
:10CF8000394602F02BFDDDE90C562A46334602F005
:10CF900039FD52465B4602F00DFD8BA3D3E9002319
:10CFA000C4E90601CDE902012846314602F002FD3E
:10CFB00002460B462846314602F048FD04460D461F
:10CFC00022462B460020854902F008FDDFF810A21A
:10CFD0000646DAE900230F4602F014FDDDE92623B8
:10CFE000804689462046294602F00CFD02460B4643
:10CFF0004046494602F0DEFCDAE90223CDE90401AD
:10D000003046394602F0FEFCDDE92423804689469D
:10D010002046294602F0F6FC02460B4640464946A9
:10D0200002F0C8FC02460B4690469946DAE9042312
:10D0300030463946CDE90C8902F0E4FCDDE92223D3
:10D0400006460F462046294602F0DCFC02460B4607
:10D050003046394602F0AEFC06460F46DDE90401D3
:10D0600002460B46CDE90E6702F0CCFC4246044670
:10D070000D464B464046494602F0C4FC02460B466C
:10D080002046294602F096FC324604460D463B46B1
:10D090003046394602F0B6FC02460B462046294689
:10D0A00002F088FC0022002304460D4602F0C2FD77
:10D0B000002840F09A822046294602F015FD002201
:10D0C000464B02F08BFC42A3D3E9002321F0004140
:10D0D00002F0C2FD002800F02C82DDE91E45224648
:10D0E0002B462046294602F08DFC04460D46DDE91C
:10D0F0001C0102460B4602F085FC02460B46204608
:10D10000294602F057FC04460D46DDE9200102469F
:10D110000B4602F077FC02460B462046294602F0F9
:10D1200049FC0022002304460D4602F083FD70B93D
:10D130002046294602F0D8FC25A3D3E9002321F09C
:10D14000004102F089FD031E18BF01231B93DDE996
:10D15000060102460B4602F055FCDDE908678046F1
:10D16000894632463B463046394602F04BFC424641
:10D170004B4602F01FFC02460B4602F01BFC024627
:10D180000B460020154902F029FC324604460D46A4
:10D19000DDE918013B4602F035FCDDE902230646D5
:10D1A0000F46DDE9060102F02DFC02460B46304633
:10D1B000394602F0FFFB02460B4602F0FBFB22461B
:10D1C00010E000BFAFF30080CF063BBE264C903F7F
:10D1D0007B14AE47E17A943F000010C00000F03F9E
:10D1E000002C00202B4603F0CFF9DDE90623CDE922
:10D1F0001601DDE9180102F005FCDDE90223044611
:10D200000D46DDE9080102F0FDFB02460B46204613
:10D21000294602F0E3FB02460B4602F0CBFB00225C
:10D22000CB4B06460F4602F0C5FB32463B46044652
:10D230000D460020C64902F0D1FB002206460F46EB
:10D2400020462946002302F007FD002840F0C48153
:10D25000204629460022002302F0ECFC002840F082
:10D2600007852046294602F03FFC002204460D4671
:10D2700030463946002302F0EFFC002840F0FB84E2
:10D28000304639460022002302F0D4FC002800F08A
:10D29000A581002200232046294603F075F90246A5
:10D2A0000B4602F087FBA6A3D3E9002302F096FB0E
:10D2B000DDE90267CDE9220132463B463046394678
:10D2C00002F0A0FB42464B4602F074FB02460B46BE
:10D2D00002F070FB02460B4600209D4902F07EFBE7
:10D2E00032463B4604460D46DDE9180102F08AFB52
:10D2F000DDE9062306460F46DDE9080102F082FB60
:10D3000002460B463046394602F054FB02460B46B5
:10D3100002F050FB2B46224603F036F91B9BCDE969
:10D320001201002B00F076814FF000084FF0000949
:10D3300044464D4640464946CDE91889CDE9248901
:10D34000CDE902899DED047B8AED007B9DED0C7B90
:10D350008AED027B9DED0E7B8AED047B9DED167BB5
:10D360007C4B7D4E83ED007B9DED227B83ED027B2C
:10D370009DED127B83ED047B9DED187B774B0022A6
:10D3800083ED027B9DED247B83ED047B9DED027B91
:10D39000C3E90089724BC3E90245724C1B9D83EDC2
:10D3A000007BC3E90401D6E900016F4B257002F050
:10D3B00029FB02F009FCC4436C4AE40F137E516858
:10D3C0001B1BB3FA83F35B0943EC40106FF0630659
:10D3D000D2E90234B042B8BF30466428A8BF642006
:10D3E00055690028B8BF404205FB00F0604903EBD7
:10D3F0008303A1FB00109A005E4BC0F34F1013444F
:10D40000002C00F0CB805C4C00041A685B49424061
:10D41000224003F580531A60D1E900010022524BEB
:10D4200002F0F0FA02F0D0FBC443554AE40F137E39
:10D4300051681B1BB3FA83F35B0943EC40106FF098
:10D440006306D2E90234B042B8BF30466428A8BFB0
:10D45000642055690028B8BF404205FB00F04449EC
:10D4600003EB8303A1FB00109A00424BC0F34F1063
:10D470001344002C5FD0404900041A6803F5805320
:10D4800042400A401A6035B0BDE8F08F01F086FFD7
:10D49000012330AC0493FFF784B9012168688DF84B
:10D4A000C030026830AC0091D76823461E226A2142
:10D4B000B8470490002874D09DF8C07007F00307A7
:10D4C00001F06CFF002F3FF462A9FFF76AB9062153
:10D4D0002C48F3F7BFFE2C48F3F7BCFEFFF745BA24
:10D4E00006212848F3F7B6FE2848F3F7B3FEFFF706
:10D4F00089BA2748F3F7AEFE2648F3F7ABFEDFF80C
:10D5000098A0FFF7E6B920460FA3D3E900232946E8
:10D5100002F050FA04460D46FFF769BA30460AA3F6
:10D52000D3E90023394602F045FA06460F46FFF7D5
:10D5300011BA1B900BE64FF6FF719EE7AFF3008028
:10D54000182D4454FB21F93F182D4454FB21194058
:10D550000000F03F202F0020C02E0020D02E002001
:10D56000B02C00205C2500200000594050410020D4
:10D570001F85EB510C800A400000FFFF402F002068
:10D580004C420020B80C02107024021098240210A3
:10D590004C0D021050240210884200204FF6FF74F8
:10D5A00033E71948F3F756FEFFF7EFB8304614A3F8
:10D5B000D3E90023394602F011FA06460F46FFF779
:10D5C000C9B920460EA3D3E90023294602F006FA82
:10D5D00004460D46FFF70BBA00240C4D3046394681
:10D5E00002F082FA02460B4655E600231B93AEE595
:10D5F0000748F3F72FFEFFF70EBA00BFAFF3008026
:10D60000182D4454FB211940780D02100000F87FBA
:10D61000C42402100022C04B01F1004102F0F2F9D3
:10D6200004460D4602F0C3FC804689462046294642
:10D6300002F0B8FC002206460F46DDE9080100238F
:10D6400002F0E0F90022CDE91001DDE90601002336
:10D6500002F0D8F904460D46DDE9180142464B4672
:10D6600002F0D0F9DDE9102302F0B8F922462B468A
:10D67000CDE9244502F0B2F9324604460D46DDE913
:10D6800002013B4602F0BEF902460B4620462946FF
:10D6900002F0A4F90022CDE90A01DDE91801002316
:10D6A00002F0B0F90022CDE92601DDE902010023F4
:10D6B00002F0A8F904460D46DDE9080142464B4652
:10D6C00002F0A0F9DDE9262302F074F922462B4688
:10D6D00002F070F932463B46CDE91401DDE906015E
:10D6E00002F090F902460B46DDE9140102F076F9EA
:10D6F00002460B46DDE90601CDE9142342464B46BE
:10D7000002F080F922462B4602F068F9DDE9262373
:10D7100002F050F9324604460D46DDE908013B4669
:10D7200002F070F902460B462046294602F042F903
:10D7300004460D46DDE9020142464B46CDE902456D
:10D7400002F060F9DDE9242302F034F9DDE9102369
:10D7500002F044F9324604460D46DDE918013B4625
:10D7600002F050F902460B462046294602F022F903
:10D77000DDE9146780468946DDE9040132463B460F
:10D7800002F040F9DDE90223044601F10045DDE93C
:10D790000C0102F037F902460B462046294602F0FA
:10D7A0001DF9424604460D46DDE90E014B46CDE922
:10D7B000068902F027F902460B462046294602F068
:10D7C0000DF9DDE90A89CDE91801DDE904014246D8
:10D7D0004B4602F017F9DDE9022304460D46DDE968
:10D7E0000E0102F00FF902460B462046294602F0D0
:10D7F000E1F8DDE9062304460D46DDE90C0102F0FF
:10D8000001F902460B462046294602F0E7F8424657
:10D810004B46CDE92401DDE90C0102F0F3F8324674
:10D8200004460D46DDE90E013B4602F0EBF80246E8
:10D830000B462046294602F0D1F8DDE906230446CE
:10D840000D46DDE9040102F0DDF802460B462046F4
:10D85000294602F0AFF842464B46CDE92601DDE904
:10D860000E0102F0CFF8324604460D46DDE90C0108
:10D870003B4602F0C7F802460B462046294602F016
:10D8800099F8DDE9022304460D46DDE9040102F0C2
:10D89000B9F802460B462046294602F09FF8159B30
:10D8A000089603F100430993039BCDE92801DDE9C4
:10D8B000021203F100431193DDE906341E46079B73
:10D8C000109103F10047DDE90801DDE9182302F0BA
:10D8D00099F8424604460D46DDE924014B4602F024
:10D8E00091F802460B462046294602F063F8DDE92E
:10D8F000262304460D463046394602F083F8024698
:10D900000B462046294602F055F8DDE92823044657
:10D910000D46DDE9100101E00000E03F02F072F881
:10D9200002460B462046294602F058F8D4A3D3E914
:10D93000002302F067F8DDE9182380468946DDE917
:10D94000100102F05FF8DDE9242304460D4630465D
:10D95000394602F057F802460B462046294602F0A7
:10D960003DF8DDE90A2304460D46DDE9260102F013
:10D9700049F802460B462046294602F01BF8DDE92D
:10D98000282304460D46DDE9080102F03BF8024673
:10D990000B462046294602F00DF8B9A3D3E900232F
:10D9A00002F030F8DDE91823CDE918013046394698
:10D9B00002F028F8DDE9242304460D46DDE91001D4
:10D9C00002F020F802460B462046294601F0F2FFFD
:10D9D000DDE9262304460D46DDE9080102F012F8D0
:10D9E00002460B462046294601F0F8FFDDE90A23EE
:10D9F00004460D46DDE9280102F004F802460B4614
:10DA00002046294601F0D6FF00229F4B01F0E6FF99
:10DA10009BA3D3E9002301F0F5FFDDE91423CDE951
:10DA20002401DDE91E0101F0EDFFDDE902230446DA
:10DA300001F10045DDE91C0101F0E4FF02460B465F
:10DA40002046294601F0CAFFDDE9062304460D46BB
:10DA5000DDE9200101F0D6FF02460B4620462946AB
:10DA600001F0BCFFDDE90A23CDE92601DDE91E0155
:10DA700001F0C8FFDDE9022304460D46DDE920017F
:10DA800001F0C0FF02460B462046294601F092FFF6
:10DA9000DDE9062304460D46DDE91C0101F0B2FF75
:10DAA00002460B462046294601F098FFDDE90A238D
:10DAB000CDE92801DDE91C0101F0A4FFDDE9142313
:10DAC00004460D46DDE9200101F09CFF02460B46AD
:10DAD0002046294601F082FFDDE9062304460D4673
:10DAE000DDE91E0101F08EFF02460B462046294665
:10DAF00001F060FF02460B46DDE92001CDE9062377
:10DB0000DDE90A2301F07EFFDDE9142304460D461A
:10DB1000DDE91C0101F076FF02460B46204629464E
:10DB200001F048FFDDE9022304460D46DDE91E0150
:10DB300001F068FF02460B462046294601F04EFFE1
:10DB4000DDE92623CDE91401DDE9080101F05AFFE2
:10DB5000DDE90A2304460D46DDE9280101F052FF04
:10DB600002460B462046294601F024FFDDE9062344
:10DB700004460D463046394601F044FF02460B4646
:10DB80002046294601F016FFDDE9142304460D4620
:10DB9000DDE9100101F036FF02460B46204629461A
:10DBA00001F01CFFDDE92623CDE90201DDE91001CA
:10DBB00001F028FFDDE9282304460D4630463946AA
:10DBC00001F020FF02460B462046294601F006FFE1
:10DBD000DDE90A2304460D46DDE9060101F012FFE6
:10DBE00002460B462046294601F0E4FEDDE91423F7
:10DBF00004460D46DDE9080101F004FF02460B462C
:10DC00002046294601F0D6FEDDE9262304460D46CE
:10DC10003046394601F0F6FEDDE9282306460F4678
:10DC2000DDE9100101F0EEFE02460B4630463946B2
:10DC300001F0C0FEDDE9062306460F46DDE90801D6
:10DC400001F0E0FE02460B463046394601F0C6FEC2
:10DC5000DDE90A2306460F46DDE9140101F0D2FE94
:10DC600002460B463046394601F0A4FEFFF76ABB78
:10DC700000240025B2E40022044BFFF70CBB00BFD8
:10DC800005A3923A019D23400000F03F0000F87F79
:10DC90009FED097B0C4B0020002183ED007B9FED65
:10DCA000087BC3E9020183ED087BC3E90401C3E9F2
:10DCB00006017047AFF30080000000000000F03F55
:10DCC000C0B507675CDE613F882E002038B50C4682
:10DCD0000546224629460A48F2F76AFF14F008036F
:10DCE00007D1620704D53DB1012D04BF054A137069
:10DCF00038BD0123002DF7D1034A137038BD00BF92
:10DD0000E424021092420020914200200000000012
:10DD10004FF47A729FED127B10B40024124B13481B
:10DD2000C3E90022C3E902229A6183ED047B104A11
:10DD30004369104904611B6814700F4A0C700F4945
:10DD40009342C16005D101235DF8044BC0E908137B
:10DD5000704701225DF8044B14301847AFF3008080
:10DD6000E8030000E8030000482E00207C4100206A
:10DD7000924200209142002021030010CDDC0010CF
:10DD80002DE9F0430027DFF8E480334C334D85B0B4
:10DD90004FF0010923680721314A02A8CDF800900D
:10DDA00004F0B8F92B68EFF3108272B6D3E8CF0F06
:10DDB00001210028FAD1C3E8401F0028F6D1BFF3A3
:10DDC0005F8F54F8040C02A903685B686A60984787
:10DDD00054F8040C02A9036807229B6898470021A5
:10DDE0002B68C3E88F1F6B6883F31088431E032BD7
:10DDF00013D8102202A810F021FC064640F2E633A8
:10DE0000721E9A421BD80137072F48F8046F04F19D
:10DE10000804BDD105B0BDE8F08322684946114829
:10DE2000F3F718FA4FF47A733946C8F804300E48FD
:10DE3000F3F710FA40F2E633721E9A42E3D94FF438
:10DE40007A730137072F48F8043F04F108049FD183
:10DE500005B0BDE8F08300BFD83700203C3000207B
:10DE6000901502109C15021000250210442E00206F
:10DE700000222DE9F04F324D83B06FF06048164616
:10DE800007461446C0E9002205F11C09826006E03D
:10DE90002A68043544F8042BA9457C602AD0B44292
:10DEA000F6D1D7F800A0A4EB0A02B8EBA20F4FEA14
:10DEB000A20341D0012B194638BF01215B1831D292
:10DEC000434528BF43469E003046019207F0C4FDFB
:10DED000019A2B68141D002A83468350044413DCE6
:10DEE000BAF1000F1AD104355E44A945C7E900B460
:10DEF000BE60D4D13846134A134B12781B783A735C
:10DF00007B7303B0BDE8F08F514611F095FBB96803
:10DF1000A1EB0A01504607F089F9E4E7B968A1EBE3
:10DF20000A01F7E7094ECFE73868B968091A08B15E
:10DF300007F07CF907F07CF9054807F00FFF00BFF8
:10DF4000482E00209142002092420020FCFFFF7FDB
:10DF5000242502104FF050412DE9F84F6B4AD1F8BB
:10DF600000A06B4B52F82A700AEBCA0203EBC208FE
:10DF70004FB30026DFF89CB1DFF89C91F3080C3317
:10DF800058F8235034460836CDB105F00F0120462D
:10DF90002D09013489B15BF82A2000F00703C24043
:10DFA0004FEAD00C9B00D20701FA03F30CF18C0C62
:10DFB00002D449F82C30B8470DB1B442E5D3202E35
:10DFC000DCD1BDE8F88F5348F90801F10C0358F88B
:10DFD0002330002B7BD013F00F054FEA13120AD029
:10DFE00050F82A40FC40E60703D44B4C8C3144F8EF
:10DFF0002150002A6BD012F00F024FEA13210DD0EE
:10E0000050F82A407D1CEC40E40705D4EC08424D52
:10E0100012018C3445F82420002958D011F00F014A
:10E020004FEA133207D050F82A40BD1CEC40E607F7
:10E0300057D5002A4BD012F00F024FEA134107D0F8
:10E0400050F82A40FD1CEC40E40751D500293ED091
:10E0500011F00F014FEA135207D02E4C54F82A50FA
:10E060003C1DE540EE074AD58AB312F00F024FEA95
:10E0700013610DD0274C54F82A507C1DE540ED0764
:10E0800005D4254DE40812058C3445F82420F1B15F
:10E0900011F00F014FEA13731FD01E4CBD1D54F831
:10E0A0002A20EA40D60705D4EA081B4D09068C321F
:10E0B00045F822105BB154F82A10FA1DD140C90767
:10E0C00005D41549D2081B078C3241F82230083795
:10E0D000202F7FF479AFBDE8F88F002BF7D00D4CDF
:10E0E000E9E7EC080C4D09028C3445F82410A0E750
:10E0F000EC08094D12038C3445F82420A6E7064DA0
:10E10000E40809048C3445F82410ADE76837002092
:10E1100048820240344200200080024010B44FF494
:10E1200080740C4B53F8202003EB8003C00082F076
:10E13000400200F1804003F5805C02F0C00200F56F
:10E14000203003F54053CCF8002041601C605DF89E
:10E15000044B70470480034010B4084CC90041EAE6
:10E16000820154F8202004EB8003514003F58053D2
:10E1700001F00C015DF8044B196070470480034006
:10E1800030B44FF050444FEAD00C246800F0070040
:10E19000800081400B4D4FEA8C000B4B04EBC40414
:10E1A00000EBC4000CF18C0C034445F82C1022B198
:10E1B00030BC03F500531960704703F540531960F4
:10E1C00030BC704700800240488202404FF050430C
:10E1D00070B50C4D1E68044655F826201AB160B182
:10E1E00045F8264070BD0028FCD045F82640152093
:10E1F000BDE87040044900F0ADB91520024900F0B7
:10E2000087FAEDE76837002055DF001030B44FF093
:10E21000000343EC440043EC400005254FF48074B8
:10E220000B4BC20053F8201003EB800081F040013B
:10E2300002F1804303F5203301F0C00200F5805164
:10E2400000F540500A605D60046030BC704700BF5C
:10E250000480034010B44FF480711F240C4B53F81A
:10E26000202003EB8003C00082F0400200F18040D8
:10E2700003F5805C02F0C00200F5203003F5405346
:10E28000CCF8002044605DF8044B1960704700BF73
:10E29000048003400FB400B583B0049C074804F029
:10E2A0009FF93CB105A92046019103F06FFF044896
:10E2B00004F096F9012003F081FF00BF4025021011
:10E2C00084110210EFF3108072B6064BD3E8CF1F13
:10E2D00001220029FAD1C3E8412F0029F6D1BFF36A
:10E2E0005F8F70471F3500200023034AC2E88F3F2D
:10E2F00080F31088704700BF1F35002070B5864638
:10E30000EFF3108572B6124CD4E8CF6F0120002EC7
:10E31000FAD1C4E8460F002EF6D1BFF35F8F4FF05D
:10E32000010CC80801F007030CFA03F31EF800C043
:10E330001CEA030608D14CEA030C0EF800C0C4E83E
:10E340008F6F85F3108870BD1046FFF7A3FF00BFE5
:10E350001F350020F8B5EFF3108772B61C4ED6E8D3
:10E36000CF5F0124002DFAD1C6E8454F002DF6D12C
:10E37000BFF35F8F9A421BD8012502E0013293421E
:10E3800022D3D40810F804E002F0070C05FA0CFCC4
:10E390001EEA0C0FF2D14EEA0C0E00F804E0104613
:10E3A0000023C6E88F3F87F31088984207DBF8BD4B
:10E3B0000023C6E88F3F87F310884FF0FF30002915
:10E3C000F5D00698FFF766FF4FF0FF30E8E700BF93
:10E3D0001F350020044A1078431CDBB2182B28BFDD
:10E3E00010231370704700BF5D25002010B5054C49
:10E3F00082B001461F23182200940348FFF7AAFFAA
:10E4000002B010BD50250210783700204FF0E022F6
:10E41000936843F000539360704700BF0021044BA2
:10E4200003F12002C3E88F1F01339342FAD17047F2
:10E43000143500204FF0E0234FF08032C3F8002461
:10E44000C3F80424C3F80824C3F80C24C3F8102428
:10E45000C3F81424C3F81824C3F81C24C3F82024D8
:10E46000C3F82424C3F82824C3F82C24C3F8302488
:10E4700062B67047012300F01F029340400941B18A
:10E48000800000F1604000F56140C0F88031036019
:10E490007047024A203042F82030704700E100E027
:10E4A0000123064A410952F8212000F01F0003FA17
:10E4B00000F01040003818BF0120704700E100E074
:10E4C00001224309034900F01F008240403341F814
:10E4D0002320704700E100E0054A10309268054BA8
:10E4E00052F82000C01A47288CBF00200120704736
:10E4F00000ED00E06025002010B5EFF3108C72B63F
:10E50000114BD3E8CF4F0122002CFAD1C3E8442F9E
:10E51000002CF6D1BFF35F8F0C4A103092680C4C80
:10E5200052F82020A24201D091420BD1074A9268B2
:10E5300042F82010BFF35F8F0022C3E88F2F8CF3C7
:10E54000108810BD01F0F2F81D35002000ED00E04C
:10E55000110100102DE9F04F0B4683B0EFF3108A44
:10E5600072B6DFF8A891D9E8CF4F0121002CFAD17B
:10E57000C9E8441F002CF6D1BFF35F8F5D4991F9C4
:10E580000080B8F1000FC0F2B3805B4C08EB480785
:10E5900004EB8705AE7910300E7058494FEA4806F3
:10E5A0008968009651F82010BF000E1B472E34D802
:10E5B00021F0010E9EF80760964209D871E00CEB3D
:10E5C0004C0604EB860696F807B093454ED9B6463E
:10E5D0009EF906C0BCF1000FF1DA4BF601560EF1C0
:10E5E000040B043DA5EB0B05C5F34A056FEAC545D1
:10E5F000009F6FEAD5454744BB468EF80680DFF89A
:10E60000088104EB8707AEF8045044F82B80BE80E5
:10E6100087F806C0FA71BB601AE0394EB14267D183
:10E62000AB60384BEA71BA1C2244043B9B1AC3F31B
:10E630004A036FEAC3434FF421426FEAD343E253E4
:10E640006B80FF224BF60153AA71AB8045F00101AC
:10E650002A4B9B6843F82010BFF35F8F0023C9E863
:10E660008F3F8AF3108803B0BDE8F08FF3463BF884
:10E67000046F76050FD4761502360BEB460601962D
:10E680006FF00706F61B019F361B3E44C6F34A0691
:10E6900046F46046A5E706F5FF1606F5FF561F3659
:10E6A000E9E7AB606FF00703EA714FF42142DB1B2F
:10E6B0001B1B7344C3F34A06124BE2530237274431
:10E6C000043BDB1BA2F54142C3F34A03134332432D
:10E6D000AA800D4A6B804AF6AA2173461B1B5B4138
:10E6E0005943090DA971CEF8002045F00101AFE7AB
:10E6F00001F01CF88F4200206025002000ED00E0B2
:10E7000011010010A8250020014880471D35002078
:10E710002DE9F84FEFF3108772B6744CD4E8CF2F81
:10E720000123002AFAD1C4E8423F002AF6D1BFF300
:10E730005F8F6F4B00F1100E9B68DFF8C8B153F884
:10E740002E205A453CD08A4247D06A4D531B472B56
:10E7500036D84FF0010C4609B60006F1604606F5C2
:10E76000614600F01F030CFA03F03368C6F880001E
:10E7700000EA0308BFF35F8FEFF30583DBB299462E
:10E780006BB39E4540F0AF8022F0010CDCF808A08E
:10E79000514509D191E003EB430305EB8303D3F823
:10E7A00008A051452CD09C469CF90630002BF2DA8B
:10E7B000514566D0B8F1000F1FD0C6F88001306017
:10E7C0004B4B9B6843F82E20BFF35F8F0023C4E8B8
:10E7D0008F3F87F31088BDE8F88F5A46F0E722F0A4
:10E7E000010CDCF808A05145DED19CF906A0634677
:10E7F000BAF1000F09DA5A464EE0C6F88000DFE7AA
:10E8000093F906A0BAF1000F3CDB0AEB4A0905EBCD
:10E81000890999F807C0D9F8081083F807C09960EA
:10E8200099F906104FEA4A0C0029997143DBB9F8AF
:10E8300004B05FEA4B5B05D50BF5FF1B0BF5FF5BE7
:10E840000BF11F0B6FF007090CEB0A014FEA6B5B32
:10E85000890001EB4B0108312944A9EB0309494424
:10E86000C1F34A016FEAC1416FEAD1419980224B5D
:10E87000D444197805EB8C0C83F800A08CF80610B2
:10E8800098E76346B9F1000F1DD1FF218CF80610FF
:10E890004BF60151ACF80410DFF85C904AF6AA215F
:10E8A00099F800A083F806A05B1B5B415943090D52
:10E8B00089F800107EE71149D8E79CF906A0634665
:10E8C000BAF1000FA1DA0E49DFF83CC0C91A0839C5
:10E8D000C1F30A356FEA05556FEA15554CEA510147
:10E8E000D9809D8066E700F021FF00BF1D35002024
:10E8F00000ED00E0602500208F42002001BDFFFFF9
:10E90000B22500201101001000F8FFFFF0B5EFF371
:10E910000585EDB2EFF3108C72B62C49D1E8CF2FFC
:10E920000123002AFAD1C1E8423F002AF6D1BFF301
:10E930005F8F274E40F0010EB4684AF6AA2354F8C0
:10E940002570244A0446A41A644163431B0D77458D
:10E950005BB223D092F906409C4224D092F9124037
:10E960009C422BD092F91E409C4229D092F92A4019
:10E970009C4227D092F936409C4225D092F94240E1
:10E980009C4208BF05240FD0134A00241578137049
:10E990008571C1E88F4F8CF31088F0BDB2680F4CC1
:10E9A00042F82540F0E7002404EB440402EB840223
:10E9B000FF2494714BF601549480E5E70124F3E7BA
:10E9C0000224F1E70324EFE70424EDE71D350020DE
:10E9D00000ED00E0602500208F42002011010010B2
:10E9E00010B5074C82B0014605230022009405486B
:10E9F000FFF7B0FC0028A8BFC0F1330002B010BD83
:10EA00006C25021097420020014B0B4403607047B5
:10EA10001435002070B5104C104DAC420ED2FF26BC
:10EA2000236863B1FFF7D6FC01462046FFF7ECFFF1
:10EA3000A680BFF35F8F0834AC42F1D370BDFFF7FF
:10EA4000C9FC01462046FFF7DFFF2671BFF35F8F49
:10EA50000834AC42E4D370BDA42B0020B42B0020BA
:10EA600010B50446FFF7B6FC01462046FFF7CCFF81
:10EA7000FF232371BFF35F8F10BD00BF10B50446A5
:10EA80000120FFF7B3FC034B03442360BFF35F8F08
:10EA900010BD00BF14350020024B0B440360BFF3D0
:10EAA0005F8F70471435002040BF00200021704761
:10EAB0002DE9F04F87B0EFF30583DBB2103B9A08E6
:10EAC00018BF012203F003009A4B00EB820253F8B7
:10EAD00022404FF00101024614BF974D974D01FAB5
:10EAE00002F2049005F541538000029004F1080AF7
:10EAF00001925A60B4F90860019B002EEB6372DA50
:10EB0000A3881B0400F11C812369EFF3108272B605
:10EB1000D3E8CF0F01210028FAD1C3E8401F002815
:10EB2000F6D1BFF35F8F4FF6FF76A08800212369EF
:10EB300000B2A680C3E88F1F82F31088884229DBC9
:10EB4000A04606466769B8F9083006EB460E07EBA3
:10EB5000CE02002BD446D2E90240A8BFAB4605DA6C
:10EB60000FE037F939309446002B09DB03EB4309FA
:10EB700007EBC902D2E90251AC4270EB0101F0DAB5
:10EB80005D46ACF8006037F93E6027F83E30002E55
:10EB9000D9DA4446B4F90830002BC0F2D18062695A
:10EBA00003EB430302EBC302029BA96AE8189668D1
:10EBB0000369A6EB010C5B1A9C45D76805D30123BA
:10EBC00004992A6A8B40134200D10661A379002B75
:10EBD0004CD1284600F0DAFBB042B9418ADA40BF96
:10EBE00007B0BDE8F08FD4F8148006EB460B08EBB5
:10EBF000CB07BB682846D7F80C90039300F0C6FB00
:10EC0000039B984271EB09012BDBD7E90431022BFE
:10EC100069D07A88B4F9080092B242EA0040984775
:10EC200002460B4652EA030163D0002B80F2A78014
:10EC30000399881A69EB030938F93B30C7E90209DF
:10EC4000002B0EDB676903EB430207EBC202D2E93C
:10EC500002C160454FEA430279EB010E039280F254
:10EC60009980A38818047FF54FAF93E74FF0000E0B
:10EC700084F806E0B4F90830D446591CA9D00395AD
:10EC800002E05A1CAC462CD0626903EB430102EB54
:10EC9000C105B5F80280184618F4004F32F931303A
:10ECA000EFD02569ACF80030EFF3108872B6D5E8E4
:10ECB000CFBF5FF00109BBF1000FF8D1C5E84B9F52
:10ECC000BBF1000FF3D1BFF35F8FB4F80290256959
:10ECD00022F831906080C5E88FEF88F310885A1CC5
:10ECE000D2D1039D75E708460B6905919847002826
:10ECF00038D138F83B3023812369EFF3108272B6A4
:10ED0000D3E8CF0F01210028FAD1C3E8401F002823
:10ED1000F6D1BFF35F8F6388002128F83B30236969
:10ED20006680C3E88F1F82F31088A38818047FF5DC
:10ED3000EBAE2FE71042002000800B4000000B409C
:10ED4000284600F023FB029CAB6A2C44216900F1A9
:10ED50000040C91AC31A8B4208D2206140BF07B0D5
:10ED6000BDE8F08F0599D1E900235BE70123049A00
:10ED7000296A93400B427FF432AF2061EEE72846C8
:10ED80000593039200F002FB039A059B801843EB66
:10ED9000010951E7224622F8083F8646059460465D
:10EDA0001446039A06E003EB430207EBC202D2E9E2
:10EDB00002015A0086451A4479EB010107EBC20CA7
:10EDC00004DB37F932306446002BECDA2246059C2E
:10EDD00028F83B301680A38818047FF595AED9E655
:10EDE0002DE9F84F324C25690DB1BDE8F88FDFF8F9
:10EDF000D8800321404600F0B7FA0326C4F80C80FF
:10EE0000FFF7E8FA4FF0504C2A4B26700344236179
:10EE1000DCF800300F216370636961801D834FF05F
:10EE20000405A3F878504FF00505A3F890504FF073
:10EE30000605A3F8A8504FF007050E214FF6FF7204
:10EE4000A3F8C05008274FF00A0E4FF00C0C4FF0FB
:10EE500001090D204FF0020B4FF0090A4FF00B058E
:10EE6000A3F868111449A280A3F808E1A3F838C1F7
:10EE7000A3F85001A160A3F848B01A80A3F8F0A04D
:10EE8000A3F82051A3F83090A3F86060A3F8D870DD
:10EE90000A4B30460A49C8F82070DC60FFF72CFBAB
:10EEA00049463046FFF7E6FA064B1F64BDE8F88F87
:10EEB000C025002014350020FFFF10001042002064
:10EEC000B1EA001000200B4000000B4000487047E2
:10EED000C0250020F8B59DF82050044617461E4670
:10EEE00035B900F05BFA874266EB010100295CDB73
:10EEF0002169EFF3108372B6D1E8CF0F0122002809
:10EF0000FAD1C1E8402F0028F6D1BFF35F8FB4F9E2
:10EF10000220656902EB4201002A4FEAC10C206918
:10EF200005EBC10139DB35F80CE0A4F802E04FF045
:10EF3000000EC0E88FEF83F310884888069B0130ED
:10EF4000C0F30E00012838BF01200B61079B4880E9
:10EF50004B61C1E9027640EA02402369EFF3108178
:10EF600072B6D3E8CF7F0126002FFAD1C3E8476FEE
:10EF7000002FF6D1BFF35F8FA38825F80C30A28055
:10EF80002369C3E88FEF81F310880122E3682178B9
:10EF900003F501538A405A60F8BD0022C0E88F2F64
:10EFA00083F310884FF0FF30F8BD2846F8BD00BF4E
:10EFB0000146F0B50069EFF3108772B6D0E8CF5F75
:10EFC0000124002DFAD1C0E8454F002DF6D1BFF342
:10EFD0005F8FB1F902E04C690EEB4E0CBEF1000FF1
:10EFE0004FEACC05086904EBCC0C3CDB665B4E8039
:10EFF0000026C0E88F6F87F31088BCF80200CCE9C8
:10F0000002230130C0F30E00012838BF0120059B08
:10F01000ACF80200CCF81030069B40EA0E40CCF869
:10F0200014300B69EFF3108272B6D3E8CFCF01270B
:10F03000BCF1000FF9D1C3E84C7FBCF1000FF4D153
:10F04000BFF35F8F8B886353A1F804E00B69C3E8BB
:10F050008F6F82F310880122CB68097803F5015382
:10F060008A405A60F0BD0023C0E88F3F87F31088C4
:10F070004FF0FF30F0BD00BF03464089B0EB214F99
:10F0800037DD58690A1402EB420210B500EBC200EA
:10F090001C69EFF3108C72B6D4E8CFEF0122BEF1F9
:10F0A000000FF9D1C4E84E2FBEF1000FF4D1BFF329
:10F0B0005F8F428889B292B28A4207D000221B69D0
:10F0C000C3E88F2F8CF31088002010BD42F400425B
:10F0D00042800121002218699971C0E88F2F8CF3BA
:10F0E00010881C78DA68084602F50153A14059607F
:10F0F00010BD0020704700BF40787047F0B583B066
:10F1000004460E4600F04AF94FF0FF326FF000431C
:10F11000241846EB0106A24273EB06013CBF1446DD
:10F120001E46A51F46F1FF37AC4276EB07033CBFF6
:10F1300000252F4600F032F9281A67EB010C012850
:10F140007CF1000C06DA2046314603B0BDE8F04001
:10F1500000F05CB900F022F9854267EB010100295B
:10F160000ADB00210A4B2A4600930A483B460191DC
:10F17000FFF71EFF0130E6D0074A536A9F4204D8CA
:10F18000916AA942DFD29F42DDD120BFF5E700BFDF
:10F19000A9EA0010C025002000000B40F0B583B0A4
:10F1A000064600F0FBF84FF47A7304464FF0FF3048
:10F1B0006FF00042E6FB0341A04272EB01033ABF4D
:10F1C000044615460D46A61F45F1FF37B44275EBC0
:10F1D00007033CBF0026374600F0E0F8301A67EB23
:10F1E0000101012871F1000106DA2046294603B029
:10F1F000BDE8F04000F00AB900F0D0F8864267EBB5
:10F20000010100290ADB00210A4B324600930A481B
:10F210003B460191FFF7CCFE0130E6D0074A536A26
:10F220009F4204D8916AB142DFD29F42DDD120BF14
:10F23000F5E700BFA9EA0010C025002000000B4040
:10F240002DE9F04305460C4683B0EFF30586F6B290
:10F250003EB1324B5A6AA24220D2002003B0BDE830
:10F26000F0832F4FD7F80C9097F80080484600F0B5
:10F270008DF808F1040859F828301B1A281A64EB95
:10F280000101984271F100011CDB244B5A6AA24231
:10F290000FD220BF214B5A6AA242DED314BF0120F5
:10F2A00000209B6AAB4228BF40F0010003B0BDE8DC
:10F2B000F0839B6AAB4201D2A242EAD0012003B0A4
:10F2C000BDE8F08300F06AF8854264EB0101002993
:10F2D00017DB144B3846CDE900362A462346FFF7A4
:10F2E00067FE011E0DDD0D4B5A6AA24204D39B6AD4
:10F2F000AB4202D2A24200D120BF0948FFF7BCFEB8
:10F30000A7E7064B586AA042A7D3001B18BF0120ED
:10F310009B6AAB4228BF40F001009FE700000B4012
:10F32000C0250020A9EA00100A4B10B4D0E9004122
:10F330005A6A91420AD814BF012000209B6AA34256
:10F3400028BF40F001005DF8044B704700205DF8D5
:10F35000044B704700000B4001460248C1E90023FE
:10F36000704700BF29F3001010B4054B054C064A46
:10F37000A04214BF1846581C5DF8044BFEF7BEBFF0
:10F380007C37002000800B40882502100346416A2C
:10F390000A46986A596A8A42FAD17047034B596AF9
:10F3A0000A46986A596A9142FAD1704700000B40A8
:10F3B00030B4154A536A9C46946A536A6345FAD13D
:10F3C000021959414FF0000528BF01250E4B5B6A19
:10F3D000B5B15A1C08BF1A4608D04FF0FF310A4693
:10F3E0000948436A8B42FCD38B4207D1064902E0AD
:10F3F000486A984202D1886A9042F9D330BC70477B
:10F400009942EDD8F0E700BF00000B40074A536A6D
:10F410009942FCD8994207D1044B02E05A6A9142C2
:10F4200002D19A6A9042F9D8704700BF00000B40A1
:10F4300000EB400C4FEA8C0C0CF1804C0CF5803C3E
:10F44000F0B51646DCF80420051FB2F5803F38BF42
:10F450004FF48032EDB238BFCCF80420012D2AD908
:10F460004FF40067254C0CF54052176054F82020EB
:10F47000B2B9DCF80020012D82EA461202F0E00267
:10F480000CF5805632602AD94FF4006144F82030E0
:10F490004FF480330CF500521160CCF80430F0BD0D
:10F4A0006769B7FBF2FE0EF1010E0EEB4E0EBEF1D8
:10F4B000030EFCD2DDE70129D2D103240CF5405222
:10F4C0001460DCF80820D207FBD5DCF800200B4CD8
:10F4D00082EA461202F0E0020CF580563260012208
:10F4E000DCF800504D4005F00305356002FA01F1EB
:10F4F000DCF808200A42FBD0C6E700BF80370020B6
:10F50000014B53F8200070478037002070B4039DF2
:10F5100004682D0345EA03451B4B002CB3FBF1F3B4
:10F52000B2FBF3F61FDB194A194B904214BF4FF49C
:10F5300080424FF40042174C1A6003F580531A6062
:10F54000A36832EA0303FBD1212200F540530433C0
:10F55000016086601A600268002AFCDA0822C56031
:10F560001A6070BC7047036803F03F038B42DAD126
:10F570008368C3F30B03B342D5D1C36803F4EE230E
:10F58000AB42D0D1EDE700BF001BB70000800540C3
:10F59000002002400000024030B44FF080441C4B79
:10F5A0001C60E0B11B4CA3F54053DC611A4C40F0E9
:10F5B000010044401C62596298624FF080454FF050
:10F5C000E061134B1548164C1D60846019604AB900
:10F5D00030BC4FF00042A3F580531A607047114BC6
:10F5E000D861EAE74FF47A7303FB02F2B2F1807F4D
:10F5F0002ABF6FF07F4313461A464FF080410A4CF2
:10F6000008482360094B426030BC1960704700BF56
:10F6100000B00D40D3C007B02D3FF84F00A001400F
:10F62000F3FFFF0100800D40BC41002000A00D4011
:10F63000012300EB4000800000F1804000F58410C1
:10F6400041600360704700BF002370B5DB8A044649
:10F650000D461646002242E800F2520254BF102125
:10F66000042144F252209847864633462A462046D3
:10F67000F446BDE870400A21604700BF0023DB8AE2
:10F68000002242E800F2520201D41021184704215E
:10F69000184700BF08B51346021E0DDB4BB941F0F9
:10F6A00020010023DB7C022B09D04FF48170FFF78F
:10F6B000CBFF41F03001F4E78B06F6D5F1E74FF4CC
:10F6C0009170FFF7C1FF00BF034AD2F82838002B22
:10F6D000FBD0BFF35F8F704700000E400021044B4A
:10F6E000044ABFF35F8F43F8041B9342F9D170477C
:10F6F0000C080E402C080E4010B44FF48D704FF4DF
:10F700002A64064A064B07491460D06019605368A2
:10F71000002BFCDA5DF8044B704700BF008004400A
:10F7200000A0044000B0FA00704700BF08B50148CF
:10F73000FEF7B0FDAC25021038B5054C054DAC42C6
:10F7400004D254F8043B9847AC42FAD338BD00BF0A
:10F75000200602106406021038B5054C054DAC4277
:10F7600004D254F8043B9847AC42FAD338BD00BFEA
:10F770004C0602106406021010B40748074C084BF0
:10F78000084A094904601A608B6832EA0303FBD116
:10F790005DF8044B704700BF002002407F3BEFEF55
:10F7A00000300240F6FFF30300000240044BDB6C24
:10F7B000B3F5004F03D14FF48022024BDA64704757
:10F7C00000001150002011504FF0E022044BD2F8FD
:10F7D000881D0B43C2F8883D10EE3004704700BF0F
:10F7E000030330006FF06041044B054A19609368D1
:10F7F000DB4333F06043FAD1704700BF0030024072
:10F800000000024010B545F25320FFF737FFBDE876
:10F81000104003460420184710B545F25320FFF767
:10F820002DFFBDE81040034601201847FEF7F6BD46
:10F8300038B51349134C144D641AA408442C2246BD
:10F8400028BF4422284692000FF0F6FE432C14D81D
:10F850000E4AC4F144000ED005EB8403410803EBCB
:10F86000C101C3E9002208338B42FAD1C30704D592
:10F8700020F00100044445F82420054B9D6038BD6C
:10F880000000001010010010000000201101001005
:10F8900000ED00E0002370B52B4C82B0C4F884303A
:10F8A000FFF72AFF0122294BDA63636C012BFCD19D
:10F8B0000321264A244B11639C6B012CFCD10226A8
:10F8C000052521460523224A22480096FFF71EFE01
:10F8D00021462B46204A21480095FFF717FE0022BB
:10F8E000042031461E4BFFF7A3FD21462846002287
:10F8F0001C4BFFF79DFD0022082011461A4BFFF715
:10F9000097FD002209201146174BFFF791FD0022B9
:10F9100006201146134BFFF78BFD0022114B0720E9
:10F920001146FFF785FD0420FFF7EAFD00240F4B89
:10F93000A3FB0035AD0CE0B229460134FFF778FE99
:10F94000062CF8D102B070BD00000140003001402B
:10F95000002F685900000540008C86470080054054
:10F96000001BB70080D1F008006CDC0283DE1B4373
:10F9700086B003B451FC0804CDE9020151FC09042E
:10F98000CDE9040151EC0A04CDE9060103BCF047BE
:10F99000BDE800504EEC00C4BDE800504EEC01C480
:10F9A000BDE800504EEC02C400BD000000B5FFF7FA
:10F9B000DFFF02E010FE30F4F8D441EC100443EC19
:10F9C000112400EE010410EE010480EE200451EC3D
:10F9D0001004704700B5FFF7CBFF02E010FE30F4D3
:10F9E000F8D441EC100443EC112400EE010410EEB5
:10F9F000210480EE200451EC3004704700B5FFF77D
:10FA0000B7FF02E010FE30F4F8D410B541EC10045A
:10FA100043EC112451EC040453EC0524A0FB024CEC
:10FA20005FF0000EE0FB03CEE1FB02CE4CEC204485
:10FA30000024E1FB03E444EC30E480EE200451ECCC
:10FA4000500410BD00B5FFF793FF02E010FE30F444
:10FA5000F8D441EC100443EC112451EC2104A0FB38
:10FA600001126FEA820252FB100052FB12F252FBAB
:10FA70001000A0EBD07C53EC04245CFB13F153EC9E
:10FA80001524A1FB022001FB030053EC4424A2EB4C
:10FA9000000050FB1CF24FEA111312EB017043EB14
:10FAA000E27140EA515020EA915020F0070053ECF7
:10FAB0007524A0FB023C53EC752400FB03CC01FB36
:10FAC00002CC53EC0424ACEB824C40EA5C70A0F115
:10FAD000010041EC400480EE200451EC70047047BA
:10FAE00000B5FFF745FF02E010FE30F4F8D441EC1A
:10FAF000100420EE010453EC4124A2FB0201A1FBFF
:10FB000003014FEAC101A1F1004162FB1122A2FBF6
:10FB10000201A1FB0301000F40EB011151FB12F0A8
:10FB2000A2EB6002A2FB03014FEA5101A1FB0130ED
:10FB30005CEC6404A0EB030353FB12F301EB2371B1
:10FB40004FEA031323F0FF0343F08003A3FB03C238
:10FB500001FB01FCE1FB032CE1FB032CACEB000CF3
:10FB600043EA1C63A3F10B0341EC503480EE200404
:10FB700051EC9004704700BF00B5FFF7F9FE02E0BA
:10FB800010FE30F4F8D440EC700400EE010410EEE6
:10FB9000210480EE200451EC3004704700B5FFF7DB
:10FBA000E7FE02E010FE30F4F8D440EC600400EE12
:10FBB000010410EE210480EE200451EC3004704763
:10FBC00000B5FFF7D5FE02E010FE30F4F8D441ECAA
:10FBD000800400EE010410EE010480EE400410EEFB
:10FBE0001304704700B5FFF7C3FE02E010FE30F4C7
:10FBF000F8D441EC800400EE010410EE010480EE24
:10FC0000400410EE3304704700B5FFF7B1FE02E088
:10FC100010FE30F4F8D441EC100443EC112400EE53
:10FC2000010410EE3004C0F30070704700B5FFF718
:10FC30009FFE02E010FE30F4F8D441EC100443ECD7
:10FC4000112400EE010410EE3004C0F38070704700
:10FC500000B5FFF78DFE02E010FE30F4F8D443EC5F
:10FC6000102441EC110400EE010410EE30F48CBFBE
:10FC700001200020704700BF00B5FFF779FE02E0C9
:10FC800010FE30F4F8D443EC102441EC110400EEE3
:10FC9000010410EE30F42CBF01200020704700BF9B
:10FCA00000B5FFF765FE02E010FE30F4F8D441EC39
:10FCB000100443EC112400EE010410EE30F42CBFCC
:10FCC00001200020704700BF00B5FFF751FE02E0A1
:10FCD00010FE30F4F8D441EC100443EC112400EE93
:10FCE000010410EE30F48CBF01200020704700BFEB
:10FCF000000000000000000000000000DB60BE28E3
:10FD00004A059193F4D5097F70374D7D66A5D836A5
:10FD100010E4104FEA58947F58F1AEF78E1BC96D6E
:10FD2000B8749390BA4B920187647482C77A873F04
:10FD3000CF694A2C7D8D20BA21D1AE4B091C673A80
:10FD400090DF17AD8E75644E7DCED460E21721270B
:10FD50000E4A7EEFFF25FEC7036681F762C4CBFB28
:10FD6000479B82D6B39F4DDB6DC2F2C9D98FD1D3E9
:10FD70008BFA97A7B1EE495D5E7CF9FA7DCE41CF53
:10FD8000BAA494E2ECD7FE9A4257E34711CC80150F
:10FD9000174B02F01F054FF00107AF405FEA6218F2
:10FDA000A7FB00450026E7FB015603EB8803D3F8C9
:10FDB0001090A9FB06A7D3F80C90A9FB05A8E9FBB6
:10FDC0006678D3F8089009FB0688E9FB0578A9FB5B
:10FDD00004A6D3F8049009FB0588E9FB0478D3F85E
:10FDE000009009FB0488BF1948F100087047000023
:10FDF000F4FC001050EA013208BF41F0004141F428
:10FE000000210B00020070470BB9002000210022E6
:10FE100040F20003C3F6F0731CF0020F1CBF104643
:10FE2000194670470022002300245FF0004504E1DA
:10FE30004DF804CD5FF0000C0CF1040C02F104024B
:10FE4000FFF7A6FF98EAE879B9F1807F02D2BCF10A
:10FE5000400FF1D197EAE87741F2A616C0F6463690
:10FE6000A9FB06A04DF21156C4F67E06A7FB06A11B
:10FE7000E9FB66010626E7FB060109FB0611DCF13A
:10FE8000200A57D421FA0CF320FA0CF201FA0AF9ED
:10FE900042EA0902A2FB0394A2FB0395E3FB63453C
:10FEA000A4FB0596A4FB0597E5FB6567F60856EAF3
:10FEB00047764FF0AA39A6FB0967D4EB070675EB26
:10FEC00045075FEA2739360B56EB075659F17F672E
:10FED00017F14057C0B4A0FB0592A1FB0493E1FBCE
:10FEE0006523A2FB0596A3FB0497E3FB65674FF030
:10FEF000AA39A2FB09A40025E3FB0945641955F1C1
:10FF000000054FF08839A6FB0923B4EB131465F103
:10FF10000005B0EB940061EBA501B0EB857061F1D9
:10FF20000001CCF58064A4F10E0400F082F9BDE874
:10FF3000C0100CE0CCF58064A4F10E0400F079F957
:10FF40005DF804CB002640F20007C3F6F0775FEAC5
:10FF5000D87868F3000C5FEA6C090FD45FEA69098E
:10FF600006D31CF0040C57EA4C713000BDE8F08752
:10FF70009CEA9C0C51EACC71BDE8F0871CF00404AB
:10FF800097EA4477C0B4A6E03CB500F004F830BC72
:10FF900003C40CC530BD11F0004C5FEA5C0C5CF092
:10FFA000004C06E05FEA517C1CF0040C01E05FF0BD
:10FFB000020CC1F30A53A3F2FF32B2F5806F3FF493
:10FFC00019AF12F1200FFFF61FAF012363F31F518A
:10FFD0002DE9F04702F10C02FFF7DAFE5FEA9874B0
:10FFE00044F10004A8EB84780CEB440C4CEAD87C78
:10FFF00097EAE87798EAE878B8F5800FFFF418AF49
:020000041001E9
:1000000041F2A619C0F64639A8FB09A04DF21159D4
:10001000C4F67E09A7FB09A1E8FB69015FF00609A8
:10002000E7FB090108FB0911B1F1007FFFF4FAAE0B
:10003000CA0E7C4B03EB02133CCB801A994110D4BF
:100040005FEA6C0636D476101CD200F06CF800F033
:10005000AFF800F0ECF89CEA9C0C51EACC71BDE8DA
:10006000F0875FEA6C0649D4761017D200F058F892
:1000700000F0ACF800F0D8F89CEA9C0C51EACC7186
:10008000BDE8F08700F04FF800F0AFF800F0CCF8D2
:100090001CF0040C51EA4C71BDE8F08700F040F808
:1000A00000F0B2F800F0C3F81CF0040C51EA4C71F7
:1000B000BDE8F08700F037F8FCB400F096F800F0E7
:1000C000B3F81CF0040491EA4471FCBC03B400F0E2
:1000D0006FF800F0ACF89CEA5C0494EA9C0491EAA6
:1000E000C4711CF0020F1DBF02460B4603BC0CBCC2
:1000F0001CF0804491EA4401BDE8F08700F010F85C
:10010000FCB400F081F800F092F81CF0040491EACD
:100110004471FCBC03B400F059F800F085F8DAE74C
:10012000404261EB4101A1FB0167A0FB01237F0875
:100130004FEA3606F21847F10003A3FB0076E2FB14
:1001400001760027E3FB01674FF05538A6FB0896C0
:100150004FF00009E7FB086916EB090659F10007A3
:10016000861B71EB07074FEA033040EA1250A0FBF1
:100170000009E9FB0809A9FB01084FF03330A8FB8F
:10018000000858FB11FA4AF6AA20C2F6AA2060FB22
:100190001A99B2EB491273EBD9635AFB11FA4FF07B
:1001A000C3606AFB108816EB481657EBD867704798
:1001B000A2FB04804FF00001E3FB0401A6FB0583D2
:1001C000E7FB0534181A64EB01017047A2FB0480B9
:1001D0004FF00001E3FB0401A6FB05836442E7FB4B
:1001E0000534181844EB01017047A2FB05804FF05D
:1001F0000001E3FB0501A6FB04836D42E7FB043528
:10020000181845EB01017047A2FB05804FF0000173
:10021000E3FB0501A6FB0483E7FB0435181A65EB35
:100220000101704780020110404261EB410140F240
:10023000F334B1FA81F20C2A0CD2153211FA02F31E
:10024000C2F12002D04021FA02F12244584141EB90
:100250000251704769B1C2F12B0230FA02F3C2F1C8
:100260002002914090401943A4EB020201EB02519D
:10027000704701004FF00000A4F12004D9D170476D
:100280000B5C7325A974F50329B5FA010015FC7FF1
:10029000EB2FAA0054D9440CC8D221061F60DA7F84
:1002A0003663E842CFD3D9133C5EEA09F0889D7FDC
:1002B0002FC46D04D9860A1C1F17FE0DD09E3B7FEC
:1002C000A79B50EC3EF5EB23BCE7E611C7EFBD7EE4
:1002D000D21C9C03B212F12B46F5DC1549771E7E29
:1002E000CA057A3DF493F23314C0CB199CAC5F7D00
:1002F000A0A0EF7A1D32193C1D22C61D2F2F7D7C38
:10030000B50FFB1270EF5044530CC1213522787B9E
:100310005C8D6B4745A0F14B18DC6A2516AD687AF9
:10032000C14069576DD9EA53391636293C2D2F79CA
:10033000DFEA4ED38942B35BD639E02C2526E0773D
:100340006950EA31D9071164C0D3C430706258765D
:10035000CB5667F3B3A2FD6B1C7E6834227AC77458
:100360000EED7A2F3175E073CCE7FA3727111C7345
:10037000C08EC4FC0E79147C0EA7A33B8ECD4171B8
:1003800013B7043B8F7B5483D489D23EEBD8856F5F
:100390009A365B13D96F0B8CD4EA9442A3EF516D5C
:1003A0005F52CA4A26D33994706E0A464005236BC1
:1003B0008340C441340B0E9C3DB0484907EFF168BF
:1003C000BF086DA3FD6179A485F2B14C9D847A6666
:1003D0003616F8C8D247E5AB1E22A24F2F6236640C
:1003E000ADC9C8D0E1ADFEB32470C35286AFA461DD
:1003F000730E73646A35FEBB28F0C555A3A3025F74
:10040000C6A58CB055B912C40892BA58A394415CE1
:1004100090005354372DB0CB19F46E5BD88E93599E
:10042000367C8DA16E3CAAD325022E5EFC32AF56DF
:10043000D0C7A248F619FFDB3253F3607EED92532A
:10044000949AAD7AE1AD22E4CADF8E63C72B735074
:10045000FF15EF19BD85FBEBBB18FA65C7615C4D55
:10046000BD960F7E494B4CF4F7816F68E617024A40
:10047000EB09EF1DFDBD4DFCC4D2B26A13E4B446D6
:10048000D2F1000CBCF1200A4ADA63F31F51042FA9
:100490003CD2DAF1000A21FA0CF320FA0CF201FA4C
:1004A0000AF942EA0902C90251EA5051C002A2FB0C
:1004B0000394A2FB0395E3FB6345A0FB0592A1FB1C
:1004C0000493E1FB6523A2FB0596A3FB0498E3FBE1
:1004D00065684FF0AA39A2FB09A40025E3FB094592
:1004E000641955F100054FF03339A6FB0923B4EB2D
:1004F000C30465F10005B0EB440061EB4501A1EBDD
:10050000D471CCF58064A4F1180441E1DAF1000A59
:1005100011FA0AF430FA0CF031FA0CF1204371E0D0
:10052000042F03D291EAC771BDE8F08F63F31F5126
:100530008AF3060A31FA0AF0002110E149085FEA5D
:1005400030000022002300264FF0804786E041F370
:100550000A540020002114F1010F43D1C3F6F071B9
:1005600040E0C3F30A5400200021DCBB17F0040F65
:1005700038D017F0020F0CBF0637063F32E01000EC
:10058000190051F400217047012A43EB030C1CF5BC
:10059000001FF4D8012841EB010C1CF5001FF0D816
:1005A0002DE9F04FCF0F21F000411B0006D50A378F
:1005B00023F000438B420AD8063F02E08B4206D864
:1005C000063714001D0002000B002000290043F331
:1005D0000A5414F1010FBAD0C1F30A54002CC0D050
:1005E000FFF734FA4FEA11520123B2F57D723FF55D
:1005F00047AF63F31F51012303FA02F3A0FB030487
:1006000001FB034180B40A0CB2F5807F96D302FB54
:1006100002F348F65C14624341F227259B0B03FB6F
:100620001522B2F54C12520E5C4B03EB02133CCB7D
:100630005B085FEA3202A4FB00C60027E4FB016707
:1006400016EBC57647EB5507A5FB00C05FF0000829
:10065000E5FB0108B0EBC47068EB54018C0144EA7F
:100660009064FD0B94FBF5F404FB04F503EB842389
:1006700084FB05894FEA094A4AEA184A5AFB15FAE7
:100680004FF0663C5AFB15FB5AFB1CFA44F6251C3E
:10069000C0F2120C5BFB1CFB4FF0553CABEB2B3B51
:1006A000AAEB0B0A12EB4A1243EBEA63A8FB0C5AC3
:1006B0004FF0000BC9FB0CAB1AEB0B0A4BEBEB7BBF
:1006C000B2EB0A0263EB0B03E402A4FB005848BF41
:1006D000A8EB00084FEAE879C4FB0189A4FB065A9D
:1006E00048BFAAEB060A4FEAEA7BC4FB07AB16EB4E
:1006F000080647EB0907B0EB0A0061EB0B014FF06E
:10070000FF34BD0BB4FBF5F4C50A55EA415554FB63
:1007100005F54FEAD60646EA4776A5FB06B84FEA46
:10072000D70A48BFA8EB060805FB0A8812EB05723A
:1007300043EB2513A0EB080080FB04895FEA98389F
:1007400048EA894868FB170012EB680243EBE8733C
:1007500004FB00F412EBE43043EBE47180BC490885
:100760005FEA30004FEA877680EAE67081EAE67158
:1007700046F21A12C1F2B4024EF65153C6F2874342
:100780004FEA9706E6FB020106FB03114FF47D7466
:10079000FFF74FFD91EAC771BDE8F08F80020110AD
:1007A0000022002950DA404261EB4101C9B1B1FA9F
:1007B00081F30B3B17D4D3F1200C30FA0CFC98409A
:1007C000994051EA0C011A44524202F2324201EBC2
:1007D000025141F0004140F2FE739A4238BF704727
:1007E00021E011467EE003F1210310FA03FCA3F19E
:1007F000010301FA03FCC3F1200320FA03F021FAFC
:1008000003F140EA0C00A3EB020202F2324214D0E0
:1008100050F1000041EB025141F0004140F2FE7303
:100820009A4238BF70474FF00001A8BFC7F6F07179
:100830004FF00000704700217047EBD350F10000EB
:1008400020F00100E6E70022B9B1B1FA81F30B3BD9
:1008500016D4D3F1200C30FA0CFC9840994051EAA0
:100860000C011A44524202F2324201EB025140F2B0
:10087000FE739A4238BF704720E0114600F066B818
:1008800003F1210310FA03FCA3F1010301FA03FCB5
:10089000C3F1200320FA03F021FA03F140EA0C002F
:1008A000A3EB020202F2324212D050F1000041EBFF
:1008B000025140F2FE739A4238BF70474FF0000178
:1008C000A8BFC7F6F0714FF00000704700217047D5
:1008D000EDD350F1000020F00100E8E7002880F29D
:1008E00035804042B0FA80F30B3B11D4984001EBC5
:1008F0000302524202F2124200EB025141F0004167
:100900004FF0000040F2FE739A4238BF704713E088
:10091000C3F1000330FA03FCC3F120029040A3EBC3
:10092000010202F212420CEB025141F0004140F28E
:10093000FE739A4238BF70474FF00041A8BFCFF610
:10094000F0714FF0000070470021704760B3B0FABB
:1009500080F30B3B0FD4984001EB0302524202F2AA
:10096000124200EB02514FF0000040F2FE739A4237
:1009700038BF704710E05B4230FA03FCC3F120023D
:100980009040A3EB010202F212420CEB025140F242
:10099000FE739A4238BF70474FF00001A8BFC7F6F8
:1009A000F0714FF0000070470021704738B50446E1
:1009B00009480FF0E1FD20460DF0C2F80546064853
:1009C0000FF002FE2DB1054B2C449C4201D8284665
:1009D00038BD0348FDF75EFCA42B00200000082072
:1009E000B825021038B505460C460A480FF0C4FD7C
:1009F000284621460DF07CFB054606480FF0E4FD35
:100A00002DB1054B2C449C4201D8284638BD0348E3
:100A1000FDF740FCA42B002000000820B8250210A0
:100A200010B5044605480FF0A7FD20460DF090F8DC
:100A3000BDE8104001480FF0C7BD00BFA42B002047
:100A40009A4238BF88547047704700BF2DE9F04F75
:100A500083B09946DDE90DAB0F9B884611469A0796
:100A6000074616D1DA453AD20C460D46ABEB0A06DC
:100A70000E4422464B46414620200134B847B4423A
:100A8000F7D12946BAF1000F08D1204603B0BDE8DE
:100A9000F08F0C46BAF1000F10D00E4655460C9B55
:100AA0002E449A440191721B4B46013D41461AF86F
:100AB000010D3446B847002DF5D101990F9B9B07D6
:100AC000E3D5651AAB45E0D922464B464146202086
:100AD0000135B8475D4504F10104F5D3D5E70C466F
:100AE000BAF1000FD9D1D0E72DE9F04F0F9FDDF813
:100AF000248017F0020F0A9C9DF82CA00E9DDDE9C2
:100B00000C9644D1F5BBB44241D207F0010B04F17D
:100B1000FF3C4FF0300EC44404E00134A6420CF810
:100B200001EF01D9202CF8D1BBF1000F00F0888033
:100B3000A5422CD904F1FF3C4FF0300EC44404E030
:100B40000134AC420CF801EF21D0202CF8D117F081
:100B5000100F0ED017F4806F54D1A64263D0A54277
:100B600061D0B9F1100F50D0B9F1020F56D0202C3E
:100B700029D12024CDE90B57CDE90984BDE8F04FF8
:100B8000FFF764BF17F0010B34D1B442BFD317F0A5
:100B9000100F1ED017F4806FE3D1002CDDD1B9F116
:100BA000100F63D0B9F1020F77D0302488F80040DD
:100BB0000124BAF1000F11D17E0748D52B2608F881
:100BC00004600134D6E7264601344FF0300C08F8B3
:100BD00006C0202CCDD0BAF1000FEDD02D2608F89C
:100BE00004600134CDE90B57CDE90984BDE8F04F2D
:100BF000FFF72CBFBAF1000F30D0B44205F1FF353A
:100C000085D395E7B9F1100FB3D1BE063BD5202CA3
:100C1000AFD0582608F804600134A8E7202CA8D0EB
:100C20002646013407E0661EB9D0B9F1100F36D060
:100C3000B9F1020FC9D14FF0620C08F806C096E76F
:100C400017F0100FC5D017F4806F86D089E73E07E4
:100C500090D5202608F8046001348BE717F00C0FBC
:100C600000D0013DB442FFF452AF61E7BC0612D49C
:100C7000782488F80040302488F801400224BAF132
:100C8000000F99D0AAE7202C3FF473AF782608F81C
:100C9000046001346BE75824EBE76224E9E717F0BE
:100CA000200FA4F1020C04D04FF0580E08F80CE00D
:100CB0008BE74FF0780E08F80CE086E700B9704734
:100CC00001F04CBC10B1D1E900311847704700BFAA
:100CD0002DE9F04F97B09DED207BDDE9225B0746C3
:100CE000884651EC170B249C99460C920B46024601
:100CF0008DED047B0794FEF78BFF002840F0F48114
:100D0000DDE904014FF0FF326FF48013FEF7A4FF1A
:100D1000002840F01B81DDE904014FF0FF32AC4BAD
:100D2000FEF7D6FF002840F0EE80DDE90401A4A321
:100D3000D3E90023FEF7CCFF002840F0D380DDE9A3
:100D40000401A1A3D3E90023FEF786FF002840F0A9
:100D5000C980DDE9040100220023FEF77DFF0028A1
:100D600040F0E88023460D9013F4806F08BF0625FD
:100D700030212B460EAAA5F1200605E0013BB34227
:100D800002F8011B00F09381092BF7D81E46ED1ADB
:100D9000DDE90401FEF718FF8E4B044603EBC603A2
:100DA00093ED007B8DED087BFEF7EAFE02460B46D5
:100DB000DDE90401FEF712FEDDE90823FEF722FE5D
:100DC00002460B46CDE90A23FEF710FF8246FEF7E6
:100DD000E9FE02460B46DDE90A01FEF7FFFD024689
:100DE0000B46CDE90A2300227B4BFEF771FF00285A
:100DF00000F0FE800AF1010A5046FEF7D3FE0246DB
:100E00000B46DDE90801FEF73BFF10B14FF0000A89
:100E10000134002E00F0FD80681E0EABDFF8CCC15F
:100E200018440FE0ACFB0A21C90801EB8102AAEBD0
:100E300042023032BAF1090F00F8012F40F21C8152
:100E40008A461D46202D05F1010306F1FF36E9D142
:100E50002025691E0EAB6148194410E080FB046236
:100E6000C3EBA20303EB8302A4EB420404F13002C0
:100E700001351C4601F8012F002B00F0EB80202DDE
:100E80004FEAE473EAD1079B03F00303012B18D167
:100E9000BBF1000F15D00D9B002B00F00A810BF168
:100EA000FF3BBBF1200F0CD96B1E0EA930220B4467
:100EB00005E001355D4503F8012F80F0D180202D3C
:100EC000F7D1079B0EACCDE902B341464B463846FD
:100ED0000C9A01950094FFF7B9FD8246504617B071
:100EE000BDE8F08F079B9DED047BCDE923B3414620
:100EF0004B4638460C9A8DED207B229517B0BDE805
:100F0000F04F00F045B9610723464CBF042303238B
:100F10004146219338464B46079A48BF304CCDE9AD
:100F200022B258BF2F4C0C9A209417B0BDE8F04F56
:100F3000FFF78CBDDDE9042300200021FEF74EFD04
:100F40000123CDE904010D9323460DE723469C07B9
:100F500040F0AA80BBF1040F40F2A6800C9B1D4616
:100F60001C1F04EB0B0A2A464B4641462020013544
:100F7000B847AA45F7D155461B4C261F14F8010D5A
:100F80002A464B464146B847B44205F10105F5D122
:100F9000079B0AF1040A9807A0D50C9CAAEB04034E
:100FA0009B459BD952464B46414620200AF1010AF7
:100FB000B847AAEB04035B45F4D38FE7AFF3008097
:100FC0000000000065CDCD410000000065CDCDC121
:100FD000FFFFEF7F004402100000E03F6766666697
:100FE000102602101826021024260210CDCCCCCCDC
:100FF0000022DDE90A01634BFEF72EFE00287FF494
:1010000008AFBAF1000F6AD10AF1010A002E7FF48D
:1010100003AF2046FEF7B4FD02460B46DDE90401AE
:10102000FEF7DCFC02460B46CDE904230022554BBB
:10103000FEF712FE00287FF40CAFDDE90401002268
:10104000504BFEF745FE00287FF403AF013424F037
:101050000104FEE6079B03F00303012B00F08280EE
:10106000202D3FF42EAF0D9B7BB32D220DEB0503FE
:1010700083F83820013524E7202B3FF4E9AE0EAA8F
:1010800015441E44302204E0202B05F8012F3FF4C4
:10109000DFAE9E4203F10103F6D12E220DEB0603D3
:1010A00083F83820751CD4E6DDF830A063E72025EE
:1010B0006EE6079B13F00C0F50D00BF1FF3BAB45D6
:1010C0003FF6F2AE202D3FF4FCAE079B5A0701D548
:1010D0002B22CBE71B077FF5F4AE2022C6E71AF0E0
:1010E000010F3FF496AE8FE7A60734D1BBF1030F93
:1010F00031D90C9B1D46DC1E04EB0B0A2A464B46DD
:10110000414620200135B8475545F7D155461E4C7C
:10111000E61E14F8010D2A464B464146B847A64242
:1011200005F10105F5D1079B0AF1030A9D077FF53B
:10113000D5AE0C9CAAEB04039B457FF6CFAE52467E
:101140004B46414620200AF1010AB847AAEB0403A6
:101150009B45F4D8C2E6DDF830A0D7E7AB453FF6B3
:10116000A3AEAEE6BBF1000F3FF47AAF0D9B002BB0
:101170009FD00BF1FF3B5D45FFF496AE202D7FF431
:1011800074AF9EE60000E03F1F2602100000000042
:101190002DE9F04F9FB02A9EDDE92845074693468A
:1011A0000891099322462B46204629460E96DDE9F2
:1011B0002BA6FEF72DFD002840F0BE8020462946D4
:1011C0004FF0FF32784BFEF783FD002840F0B480EB
:1011D000204629464FF0FF326FF48013FEF73CFDA6
:1011E000002840F0A9802046294600220023FEF76F
:1011F00033FD002840F0D581CDE90A45DDE90A2319
:101200009046994606F4006216F480630F92139399
:1012100040F0A18058EA090340F0CA80002A40F05B
:10122000E38106230E9316F00202109240F0D4815F
:101230005346042B38BF04230C920422043B129221
:101240000F932046294600220023FEF705FD0028C3
:1012500040F0F3819DED0A7B0F9B5A4603930E9B52
:101260008DED007B029326F4006304933846099BBE
:101270000899FFF72DFD024616F0200F099B0899EB
:101280000CBF6520452002F10108B8470C9A129B5B
:1012900016AC5D1E82EAE273A3EBE273D10F002667
:1012A00022469946DFF804C101E0202E10D0CE4638
:1012B000ACFB0930C00800EB8003A9EB43033033DB
:1012C000BEF1090F814606F1010602F8013BECD898
:1012D0000523002006930A2305950094099D089C88
:1012E0004246CDE90330CDE901612B46214638461F
:1012F000FFF7FAFB109A8046D2B1A0EB0B06B2457D
:1013000016D90BEB06022B46214620200136B847A2
:10131000B245F6D80BF1FF335344CBF10102A3EBF6
:1013200008034244924538BF002308F1010898445D
:1013300040461FB0BDE8F08F5A463846CDE92845F3
:10134000CDE92BA60E9C099B08992A941FB0BDE8F5
:10135000F04FFFF7BDBC58EA09032BD1002A3FF438
:1013600062AF00230C930E9B0C9A934200F3B98159
:101370004FF000082046294600220023FEF76CFCAF
:10138000002840F013819DED0A7B26F4006646F4A8
:1013900080668DED287B5A463846CDE92A8A099B1E
:1013A00008992C96D2E700BFFFFFEF7FCDCCCCCCC5
:1013B00006230E93C9F30A50A0F2FF30FEF7E0FBBC
:1013C000C1A3D3E90023FEF71DFBC1A3D3E900238A
:1013D000FEF7F0FAC9F31309CDE90C0149F07F518A
:1013E00040460022B24B41F44011FEF7F7FAA4A3A5
:1013F000D3E90023FEF706FB02460B46DDE90C01AC
:10140000FEF7D8FAFEF7E0FB0C90FEF7B9FB9EA3BF
:10141000D3E9002380468946FEF7F4FA0022A54B63
:10142000FEF7C8FAFEF7D0FB034649464046129342
:1014300097A3D3E90023FEF7E5FA80461298894680
:10144000FEF79EFB94A3D3E90023FEF7DBFA0246E6
:101450000B4640464946FEF7C1FA02460B46804617
:101460008946FEF7CFFA42464B46CDE91001404689
:101470004946FEF79FFA0022CDE91401DDE910018B
:101480008D4BFEF7E3FA00228C4BFEF793FA0246EF
:101490000B46DDE91001FEF7D9FA0022884BFEF772
:1014A00089FA02460B46DDE91001FEF7CFFA424603
:1014B0004B468046894600204FF08041FEF78EFA69
:1014C00002460B4640464946FEF774FA02460B4672
:1014D000DDE91401FEF7BAFA00227A4BFEF76AFA48
:1014E000129B002203F2FF3C4FEA0C53FEF78AFAEC
:1014F00080468946DDE90A0142464B46FEF7ACFBD1
:1015000050B10C9B4046013B49460C9300226B4B6B
:10151000FEF79CFA804689460C9A43466332C62AF7
:1015200006F00202109249460F9A2CD8002A5ED08B
:10153000042212920B433FF416AFDDE90A0158A3CF
:10154000D3E90023FEF7B0FB48B1DDE90A0156A359
:10155000D3E90023FEF780FB00287FF404AF0E9B45
:10156000002B50D0139A002A7DD0013B0E93129B82
:101570009A4505D9109B002B00F0AE8002231093F2
:1015800000230F9344E022BBBAF1050F4FD906F0B8
:101590000203002B49D105231293AAF105030F93EF
:1015A0003AE005F100430A940B9327E626F400661F
:1015B00046F4806638462C96DDE90A67344607F122
:1015C00000455A46CDE92A8ACDE92845099B089964
:1015D000BCE605221292ADE700230222CDE90F32CC
:1015E00004220C9312922CE64FF00508C2E6BAF1E1
:1015F000040F1FD9109B002B78D104231293AAF15A
:1016000004030F9304E0129B9A4531D80E9B0F936D
:101610000C9B002B3FF415AEDDE90A0142464B4618
:10162000FEF714FACDE90A010BE602231093052315
:101630001293F1E704231293EAE7DDE90A45A04695
:101640000F9B05F1004903930E9B5A46029326F423
:10165000006304933846CDE90089099B0899FFF798
:1016600037FB024608E6129B9A4544D80F92CFE713
:10167000109B8BB30E9B0F9302231093C8E700BF00
:1016800061436F63A787D23F71A379094F930A40E3
:101690001655B5BBB16B0240EF39FAFE422EE63F5C
:1016A0002D431CEBE2361A3F0000000080842E41DF
:1016B0000000F83F0000E03F00002C400000244004
:1016C000000018400000F03FFB799F501344D33FC7
:1016D000B3C8608B288AC63F129BAAEB03030F9303
:1016E00096E7A3EB020808F1FF3843E604231293C0
:1016F000022310938CE7109B002BEDD002230F9256
:10170000109385E72DE9F04F9BB0249C954D0A94EA
:10171000954CB1F1000A18BF834625601878934CA8
:10172000914608BFA3460993002800F093824FF02A
:1017300000080AE042464B46514608F10108D847E6
:10174000099B1878002800F0CE80099B252803F11A
:1017500001030993EED11C460023224612F8010B27
:10176000A0F1200110290AD8DFE801F04009093C66
:101770000909090909090938093409093000A0F1E2
:1017800030010929099440F28A802A2800F0F0806B
:1017900000252E2800F096800026A0F1680112296D
:1017A0002DD8DFE811F049012C0043012C0038014D
:1017B0002C002C002C002C002C002C002C002700CE
:1017C0002C002C002C002C002C002700144643F089
:1017D0000103C2E7144643F00203BEE7144643F098
:1017E0000403BAE7144643F01003B6E7144643F087
:1017F0000803B2E70999487843F4807301326728F7
:1018000009927ED8242840F2C180A0F12502422A04
:1018100000F2BC80DFE812F05001BA00BA00BA0052
:10182000BA00BA00BA00BA00BA00BA00BA00BA00E8
:10183000BA00BA00BA00BA00BA00BA00BA00BA00D8
:10184000BA00BA00BA00BA00BA00BA00BA00BA00C8
:10185000BA00BA00BA00BA00190137011901BA007A
:10186000BA00BA00BA00BA00BA00BA00BA00BA00A8
:10187000BA00BA00BA00BA00BA00BA00BA00BC0195
:10188000BA00BA00BA00BA00BA00BA00BA00BA0088
:10189000BA00BC015801BC0119013701190100252A
:1018A00000E0013205EB850500EB45051078303D81
:1018B000A0F130010929F4D92E28099202F1010280
:1018C0007FF46AAF099943F4806348781146A0F128
:1018D0003006092E40F221812A2800F02F8109923A
:1018E0000026013259E74446C14501D809F1FF38C5
:1018F0004B46424651460020D84720461BB0BDE823
:10190000F08FA0F16902D2B20F2A3FD8012149F22B
:1019100041079140394040F0F3800A2A3DD0072A20
:1019200034D10A9D55F8042B002A00F0138143F0AE
:10193000210012AB1F460B9303E0202900F0148115
:101940001A4602F00F042346092C94BF3033373374
:101950000F2A07F8013B01F101014FEA1213ECD8FD
:1019600002E100BF05170110A03C0020490A011048
:101970000A99099851F8045B4078002DCDE90921B6
:10198000BCBF43F002036D42013202E742464B46C0
:10199000514608F10108D847D2E60A99002E51F8BD
:1019A000047B18BF3246387808BF4FF0FF3200285A
:1019B00000F07B83BC18A4463A4604E012F8014FBD
:1019C000002C00F03F819445F8D16446E41B5A0591
:1019D00040F12281B44228BF344613F0020300F0E4
:1019E00088820223CDE90A5142461D46464408E05A
:1019F0004B465146D84717F8010F08F1010810B1BE
:101A000042464645F4D12B460B990A9D002B40F0E7
:101A100041810A9194E6099948786C287FF4ECAEEC
:101A20000A46887843F440730332E8E6099943F4A0
:101A3000007348780132E2E609994878682800F096
:101A4000038143F080030132D9E6672800F0D98092
:101A5000472800F0DC80452800F0DB80CDE9035307
:101A60000A9B0296073323F007031C464246F4E81C
:101A700002674B4651465846CDE900670A94FFF786
:101A800087FB80465CE6462808BF43F02003CDE98B
:101A900003530A9B0296073323F007031C46424672
:101AA000F4E802674B4651465846CDE900670A9470
:101AB000FFF70EF9804643E642464B465146252045
:101AC00008F10108D8473BE60A9A990702F1040495
:101AD00008F1010640F1C68010784B464246514657
:101AE000D847012D88BFA84440F2BD8132464B46FD
:101AF000514620200136D8474645F7D10A941FE6C3
:101B00006F2800F0818040F24882782800F09081B0
:101B10000A2723F01003BC4641E0002606EB8606A8
:101B200000EB4600A0F1300611F8010FA0F13002E1
:101B3000092AF3D90A46099101322EE6DDE9092185
:101B400051F8046B9078023209920A91013226EA28
:101B5000E67622E623F0100013F4806240F02100C4
:101B60003FF4E7AE12AB0B930B9B06900093082358
:101B70001020059300234246CDE9023001914B46E7
:101B8000514658460496FEF7AFFF0A958046D7E5C2
:101B9000582862D0622840F08F800227BC4613F498
:101BA000806000F0DD8023F00D0313F4007240F03C
:101BB00081810A990F1D13F4807140F037825C0611
:101BC0000A9A40F13B811278002A40F04E8123F0BE
:101BD0001003002800F04981114612AA0B92CDE9AA
:101BE0000553CDE903C601910B9B424600930023A8
:101BF0005146029358464B46FEF776FF0A978046B9
:101C00009EE543F4006329E70827BC46C7E743F491
:101C1000006343F0200321E713F0020300F08E81FC
:101C200002230A951E460D4642464B465146D8476A
:101C300017F8010F08F101080028F5D129463346AD
:101C40000A9DE3E6D41BC2E60A46887843F0C00347
:101C50000332D4E50446804646E6102743F02003CD
:101C6000BC469CE7012D40F2F880464608F1FF375C
:101C70002F4432464B46514620200136D847BE42BB
:101C8000F7D10A9B3246187851464B46D847A844AC
:101C90000A9455E54646A5427FF6BBAEA844A8EB9C
:101CA00004080C4632464B46514620200136D847A0
:101CB0004645F7D12146ACE613F4806200F0BB80C4
:101CC0004FF4806223F0110C1CF400770A9B4AD178
:101CD0001CF4807003F1040440F034811CF0400FC8
:101CE00040F0A3801CF0800F00F0D381B3F9001006
:101CF00081EAE177A7EBE177BFB2CB0F002900F0D3
:101D000056813A4612A90F46DFF8D8E30B910A93A1
:101D10000C9501E020280FD01546AEFB0213DB081E
:101D200003EB8301A2EB41013031092D1A4600F18A
:101D3000010007F8011BEDD80A9B0C9DCDE9055C5D
:101D4000CDE9010304960B9B424600930A235146BA
:101D5000039358464B46FEF7C7FE0A948046EFE4CD
:101D600023F00C0321E7073323F007031946084645
:101D70005B6850F8081BDF0F0A9051EA030062D13C
:101D8000002A40F09F811346114612AACDE90C7536
:101D900000201546CDE90E68DFF848E30B9201E01C
:101DA00020282DD05A1842F10002AEFB027828F00C
:101DB000030707EB9807D21B1E469B1A61F1000729
:101DC0000C464FF0CC3101FB03F10EFB0711A3FBD6
:101DD0000E731944052307F00108A8FB03389B186C
:101DE0000A2E03F130034FEA570774F1000405F897
:101DF000013B00F1010047EAC1734FEA5101CFD224
:101E0000DDE90C75DDE90E680B9B424600930A2361
:101E1000CDE9055CCDE90107049603934B46514695
:101E20005846FEF761FE80468AE419780F4664E75B
:101E30001027BC46B3E623F0100C45E71C064CBF48
:101E400012881268C0E60A46191E01DB13469CE799
:101E50005242134661EB410197E713465146187809
:101E600042464B46D847B04648E613F0200F14BF11
:101E70004120612012ACA6460B940A93A0F10A04FB
:101E80000C9502E0202912D02A46B2FBFCF50CFB8F
:101E90001520C3B2092803F130008ABF1B19C3B251
:101EA000DBB262450EF8013B01F10101EAD20A9B67
:101EB0000C9D94E60A9A073222F00702516852F804
:101EC000084B8E460A9254EA010276D123F01003A1
:101ED000002872D00022114612AA0B92CDE90553B8
:101EE0000B9B424600930023CDE903C60191029368
:101EF00094E7A54298BF01347FF674AD4FF4806338
:101F0000CDE90A7505EB08021F460D46141B424633
:101F10004B465146202008F10108D847A045F6D18C
:101F20003B460A9F294638780B9D6C1C00283FF4DD
:101F300070AD002B3FF475AE002353E5A542DFD80A
:101F400001346EE61968CB0F002900F0A88081EA01
:101F5000E172A2EBE17212A90846DFF888E10B9169
:101F60000A930C9501E0202F0FD01546AEFB02130B
:101F7000DB0803EB8301A2EB41013031092D1A4646
:101F800007F1010700F8011BEDD80A9B0C9DCDE974
:101F9000055CCDE901730496D5E6692823F0100CA1
:101FA00040F08C8013F480623FF48EAE88E6002A05
:101FB0003FF4A8AE12AA0B92C0E613F0200F14BF94
:101FC00041226122002012A90A3ACDE90E68CDE92A
:101FD0000C35CDF844B006468846754693460B91BD
:101FE000CDF840C003E0202E17D004460D46294608
:101FF0003A46002320460EF00FFBD2B2092A02F126
:10200000300388BF02EB0B03BC42DBB275F1000565
:1020100008F8013B06F10106E5D23146DDE90C3551
:10202000DDE910CBDDF83C800E9E57E70A99096880
:1020300051B923F0100338B112A90B91CDE9055322
:10204000CDE903C60192CFE513F0200F14BF412064
:10205000612012ACA6460B940A93A0F10A040C95D9
:1020600002E0202A12D02946B1FBFCF50CFB15102A
:10207000C3B2092803F130008ABF1B19C3B2DBB217
:1020800061450EF8013B02F10102EAD20A9B0C9D68
:10209000D4E7196881EAE177A7EBE1772DE6002A1A
:1020A0003FF459AF12AA0B9271E713F480640DD07C
:1020B00013F0020412D004464646ECE50A276346B4
:1020C000BC466CE512AB00200B939DE613F00203B7
:1020D0007FF4E0AD002D7FF413AF9AE4002D7FF480
:1020E0000DAF96E4CDCCCCCC0EB410B585B007AC1A
:1020F00054F8043B01464FF0FF3200940448039427
:10210000FFF700FB05B0BDE8104003B0704700BF0B
:10211000410A011084460CB410B584B006AC54F8E2
:10212000043B0A460094614604480394FFF7EAFA28
:1021300004B0BDE8104002B0704700BF410A011072
:1021400030B594468E4605461C4683B029467246F5
:10215000634600940248FFF7D5FA03B030BD00BFD4
:10216000410A011070B594461E4605460C4684B0DF
:102170004FF0FF32634602A900960348CDE90254AE
:10218000FFF7C0FA04B070BDC50C011010B5094BC3
:1021900084B01C684CB1034600914FF0FF3203A994
:1021A0000548A047012004B010BD00F019FA2046F0
:1021B00004B010BDA03C0020BD0C011000BEFDE726
:1021C000704700BF074A0346106838B10649034408
:1021D0008B428CBF4FF0FF301360704703490846B5
:1021E0001160F3E7743800200000082098420020B6
:1021F000002070474FF0FF30704700BF034608468D
:10220000114623B9034BD3E9002300F053B94FF033
:10221000FF30704798430210431E012B09D810B5B8
:102220001446084601230022214600F0CDF820463E
:1022300010BD4FF0FF3070474FF0FF30704700BFC8
:102240004FF0FF30704700BF4FF0FF30704700BFC6
:1022500002288CBF00200120704700BF08B5FFF79F
:10226000ADFF00BF38B5064C064DFDF765FAAC4230
:1022700004D254F8043B9847AC42FAD338BD00BFAF
:102280006406021080060210D0E8AF3FDA070ED4D1
:102290009B070AD4022350E8002F002A02D1C0E88D
:1022A000E13F0029F0D10120704720BFECE700207A
:1022B000704700BF0123C0E8AF3F40BF704700BF79
:1022C00003680846114618472DE9F0411546427D3E
:1022D00007468846002A46D0002D1DDD0B780A2BC4
:1022E00023D0012D4FF0000C18D04646012416F8DB
:1022F000012F21460A2A04F1010422D0A542F6D179
:1023000065450BDC08EB050313F8013CA3F10D0355
:10231000B3FA83F35B093B75BDE8F0813B68A5EB3D
:102320000C0108EB0C009847ECE7037D002BD8D19B
:10233000036802210F489847012DE3D04FF0010CAC
:10234000D3E716F8013C0D2BD8D08C4508EB0C00D8
:10235000A1EB0C0101DA3B689847022105483B6874
:102360009847A446CAE7294640463B68BDE8F04185
:10237000184700BF50440210F8B50B685A1C802A59
:102380000B440A60187100D0F8BD0D4B0D461C6857
:102390009CB10C4E0F1D01E0246974B12368002B21
:1023A000FAD033680BB1A342F6D1204639462A68E9
:1023B000FFF78AFF2469002CF0D100232B60F8BDC1
:1023C000603800206C3800202DE9F04782B00D46BF
:1023D00091461C460646FCF7E1FF4FF0FF3C6FF0CC
:1023E00000472E4A821841F10003944577EB030120
:1023F0003CBF62463B462A480EF0EAF86B1C80461A
:1024000040D00CB3274F284B1C68B4B1B9F1000F72
:102410001CD1DFF89C9001E0246974B12368002B83
:10242000FAD0D9F800300BB19C42F5D120462A46AB
:102430003146B8472469002CF0D1B8F1000F26D1FD
:10244000284602B0BDE8F087184FDCE74FF00A0AD3
:10245000DFF85C9002E02469002CEED02368002BAA
:10246000F9D0D9F800300BB1A342F4D12A46314655
:102470002046B847012220460DF107018DF807A03C
:10248000B847E8E730460DF04DF90546B9E704488E
:102490000EF09AF8284602B0BDE8F08740420F00DF
:1024A000AC2B0020C922011060380020C12201108D
:1024B0006C3800202DE9F04F984607460E4683B051
:1024C000DFF860B0DFF86090DFF860A00192DBF821
:1024D000004014B911E024697CB1D9F800500DB165
:1024E000A542F8D1A268002AF5D031463846904777
:1024F0000028F0DD03B0BDE8F08FDAF82420904525
:102500000BD8DAF82810019B994204D36FF0010030
:1025100003B0BDE8F08F9045F8D101200021FCF711
:1025200047FFD4E7603800206C38002000000B40E3
:10253000084A136823B90AE003F110021B6933B19A
:102540008342F9D129B9186910601961704701B146
:10255000106070476038002000F05EBAF0B583B0BC
:1025600006468DF80700FCF719FF4FF0FF356FF0B6
:102570000044174A821841F10003954274EB0301AD
:102580003CBF23462A4613480EF022F8124B07465A
:102590001C689CB1114D01E024697CB12368002BBB
:1025A000FAD02B680BB19C42F6D1204601220DF1E6
:1025B0000701FFF789FE2469002CEFD117B93046D7
:1025C00003B0F0BD03480DF0FFFF304603B0F0BD8F
:1025D00040420F00AC2B0020603800206C380020F7
:1025E00038B504460DF09EF8012305461A462046EC
:1025F0002946FFF7E9FE084B1C682CB163682BB134
:1026000098472469002CF9D1284638BD2469002C4C
:10261000F4D1284638BD00BF603800202DE9F041D4
:10262000A2B004460D46FCF7B9FE4FF0FF376FF03D
:102630000046264ADFF8A480821841F10003974241
:1026400076EB03013CBF3A46334621480DF0C0FF0C
:1026500000272B462246064601A91E480197FFF790
:1026600081FD019B0546D8F80040C3B1002C2BD05A
:10267000194F01E0246974B12368002BFAD03B683C
:102680000BB1A342F6D12046019A02A9FFF71CFE26
:102690002469002CF0D10023D8F8004001932CB11C
:1026A000636843B198472469002CF9D12EB92846B4
:1026B00022B0BDE8F0812469F1E705480DF084FF00
:1026C000284622B0BDE8F0810194EFE740420F00B8
:1026D000AC2B0020792301106C38002060380020DA
:1026E000024A034B10601960704700BF703700202A
:1026F00074370020184B70B51A68002A28D0EFF301
:10270000108172B6D2E8CF4F0120002CFAD1C2E876
:10271000440F002CF6D1BFF35F8F00220F4C1868D6
:1027200059602270C0E88F2F81F3108800240025A3
:102730000B4E3078FBF7B4FE20B90024002520466C
:10274000294670BD3078FBF7BBFE2046294670BD98
:102750004FF47A740025EBE7E44100209542002015
:1027600094420020014B1878FBF7AABE9442002047
:1027700038B5044600200D4601F062FBA8B30020E6
:1027800001F074FB88B3FCF709FE4FF0FF3E6FF0D9
:10279000004C174A821841F1000396457CEB030177
:1027A0003CBF7246634613480DF012FFE8B10020AB
:1027B00001F046FB58B900214FF0FF3000F07AFDE0
:1027C0006FF002040B480DF0FFFE204638BD0020DC
:1027D00001F04CFB0028EED021462A46002001F0F3
:1027E0004FFB04460028EDD1EAE76FF00204ECE766
:1027F00040420F006C42002008B5FCF7CFFD4FF0BF
:10280000FF3E6FF0004C0F4A821841F100039645DD
:102810007CEB03013CBF724663460B480DF0D8FECB
:1028200070B14FF0FF30002100F044FD002001F0B6
:102830006FFB0028F5D1BDE8084003480DF0C4BE89
:1028400008BD00BF40420F006C4200202DE9F84354
:1028500080460F46FCF7A2FD4FF0FF356FF00044B5
:10286000334A821841F10003954274EB03013CBFE7
:102870002A4623462F480DF0ABFE08B9BDE8F88381
:10288000002001F0DDFA002847D0002F40DD0025B0
:10289000DFF8A890284E13E02246002001F07EFBCE
:1028A000002104464FF0FF3000F004FD002001F04D
:1028B0002FFBFCF773FDC9E900012544AF4227DD7A
:1028C000002001F08BFB7C1B8442A8BF044608EB70
:1028D0000501002CE0D121464FF0FF3000F0EAFC6A
:1028E000204601F015FB204601F0AAFA80B12046EF
:1028F00001F074FB0028E1D1FCF750FDD9F800305D
:10290000D9F804209B1942F1000283428A41D5D2B2
:102910000848BDE8F8430DF057BE00200021074BE2
:10292000C3E90001BDE8F84302480DF04DBE00BF09
:1029300040420F006C42002020A10700B02E002072
:1029400030B5002185B02E480DF05AFEF0B92D4B60
:102950001A68CAB1EFF3108172B6D2E8CF5F0124D2
:10296000002DFAD1C2E8454F002DF6D1BFF35F8F9D
:10297000254C1D6822785960D3B201222270C5E827
:102980008F0F81F31088CBB105B030BD00214FF01F
:10299000FF3000F08FFC002001F068FA0446184870
:1029A0000DF012FE002CEFD0184B1B68002BEBD063
:1029B000174A106805B0BDE830401847FCF786FAA2
:1029C0000446FCF7EBFC4FF0FF3C6FF0004510F5C0
:1029D0007A7241F10003944575EB030138BF2B4631
:1029E0004FF000014FF0010520460A4C38BF624607
:1029F000CDE901150094FCF76DFA05B030BD00BFBC
:102A00006C420020E44100209542002070370020F5
:102A100074370020F52601104FF0504330B585B0D3
:102A20001C68FCF753FAFCF767FBA04202D00020B9
:102A300005B030BD00212A4B08461B7801F08AFC06
:102A400028480368002B47D00120FBF7C9FF034645
:102A5000254C2649C0B22370FBF74EFD207801219A
:102A6000FBF708FD0E20FBF737FD40BB204B01258F
:102A7000C3E90000FCF72AFA0446FCF78FFC4FF08C
:102A8000FF3E6FF0004C10F57A7241F1000396455D
:102A90007CEB03014FF000012046164C3CBF724610
:102AA0006346CDE901150094FCF714FA0028BEDB5B
:102AB00001211148FFF73CFD012005B030BD012088
:102AC000FBF794FC01460A48FBF7E6FF00220E20C4
:102AD0000A49FBF73FFDEBE7FBF7C2FFB4E700BF96
:102AE000A05902106C42002094420020412901109C
:102AF000E4410020F5260110D825002065270110AB
:102B0000002001F09DB900BF00487047CC4402107E
:102B1000004870477844021038B5184B04461A78BC
:102B20000AB344B940F209424FF44173144D6A802C
:102B300013482B8038BD052C1DD8124B104D53F86F
:102B4000241028460023013903E0132B20F8022F1C
:102B50000ED011F8012F0133DBB2002AF5D15B0052
:102B600043F44073E4E71121184600F025F8D8E754
:102B70004FF44A73DCE7002038BD00BF74420020E8
:102B8000AC3700206044021000B545F247308BB0EE
:102B9000FCF774FD01220346092101A89847DDE9ED
:102BA0000332044912BA1BBAC1E900230BB05DF825
:102BB00004FB00BF3C420020012901F1FF3300F07B
:102BC000B3805D490A784FEA121C9F2A8CBF0CF132
:102BD000370C0CF1300C012B80F800C000F0A780FE
:102BE00002F00F02092A8CBF37323032022B4270BA
:102BF00000F09D804A784FEA121C9F2A8CBF0CF18E
:102C0000370C0CF1300C032B80F802C000F08F80E1
:102C100002F00F02092A8CBF37323032042BC27007
:102C200000F085808A784FEA121C9F2A8CBF0CF135
:102C3000370C0CF1300C052B80F804C077D002F073
:102C40000F02092A8CBF37323032062B42716ED008
:102C5000CA784FEA121C9F2A8CBF0CF1370C0CF17A
:102C6000300C072B80F806C061D002F00F02092A51
:102C70008CBF37323032082BC27158D00A794FEAF4
:102C8000121C9F2A8CBF0CF1370C0CF1300C092B55
:102C900080F808C04BD002F00F02092A8CBF3732EF
:102CA00030320A2B427242D04A794FEA121C9F2AD4
:102CB0008CBF0CF1370C0CF1300C0B2B80F80AC0D8
:102CC00035D002F00F02092A8CBF373230320C2B7C
:102CD000C2722CD08A794FEA121C9F2A8CBF0CF149
:102CE000370C0CF1300C0D2B80F80CC01FD002F00B
:102CF0000F02092A8CBF373230320E2B427316D0A6
:102D0000CA7911099F2A8CBF373130310F2B81735B
:102D10000DD002F00F02092A94BF30323732102B47
:102D2000C27318BF103002D00023037070471844DC
:102D300000230370704700BF3C420020704700BF73
:102D40000022014B1A707047904200204B79FF2BF4
:102D50000BD1887948B9CB79012B07D1082A05D93D
:102D6000034B8A7809201A7070470020704700BF13
:102D70009042002001207047012901D001207047B6
:102D800008B5104B91881B78994201D0002008BDEE
:102D90005378012B08D0022BF8D100216422084679
:102DA000FCF7FAFB012008BD518811F480721ABFAC
:102DB000C1F3C012480A4FF0FF3001F00301FCF7E5
:102DC00069FC00BF9042002000487047884502100F
:102DD000012907D15378012B02D19388072B03D007
:102DE00000207047012070471146A623014A00F0D9
:102DF000F7BE00BFE04402100346012201481A70EA
:102E0000704700BFAC45021008B50B68B3F5966F6C
:102E100000D008BD00224FF0FF301146FCF73AFC0D
:102E200070B500F027F90C234026194CFF22A36748
:102E30000E201849FBF78EFB3246002116480CF095
:102E4000EFF80125002380211348144A418445707E
:102E50000683068782604360136042F8043C80F872
:102E6000213080F83B3043620D4B4FF00056C36079
:102E7000C362803B83620DF07BFB4FF480320949D3
:102E8000094B25642846E664C4F89010DA6470BDE6
:102E900000001150CD06002078380020840010502A
:102EA0000001105010D001000020115001210E200F
:102EB000FBF7E0BA00220248114600F0FBB800BF61
:102EC00098380020044B197021B14FF40032034BA5
:102ED000C3F89020704700BF8B42002000201150A3
:102EE0000B785B0602D14B78052B00D070474B88DE
:102EF000014ADBB21360704700001150CB782DE916
:102F0000F04103F0030EBEF1010FC3F3010057D0EF
:102F1000002791F802C0314C0CF07F0256008988DE
:102F200006EBDC1304EB43134FEADC15D876C1F350
:102F30000A0185F0010083F802C019835870DF7020
:102F4000D3006DBB2648043304EB821C03EB00085E
:102F5000CCF808801F5062B3224BD2001344CCF847
:102F60000430214A3F31136821F03F01BEF1020FC6
:102F700008BF49001D4819442E4404EB4614814201
:102F80001160E36027D883F0A04383F48013626864
:102F900043EA8E6343F0004313600120BDE8F081F3
:102FA0000F4804EB821C0344CCF8283040F8327000
:102FB0004AB900230E4A04EB4514E2606360ECE773
:102FC0000020BDE8F081D20002F1A04202F580129B
:102FD000CCF82420C5E7FCF7A9FB00BF7838002017
:102FE0008000105004001050D4410020FF0F1050FA
:102FF000000110500DF0BCBA8C4608B511460748C8
:103000001A460CF07F034FEADC1C0CEB430C00EB80
:103010004C1000F04FF8012008BD00BF78380020A8
:1030200011F07F0205D100290CBF02200120064BC0
:103030009866C909054B01EB420003EB40104FF4C1
:10304000006200210DF0ACBA002011507838002049
:1030500011F07F0300D17047002205485B0003EBAD
:10306000D11300EB43106FF40061C2700DF098BAF9
:10307000783800204FF0805209480A4908B50A4BB9
:1030800002600A609968C94311F08051FAD14FF487
:10309000805206480BF0C4FF0922054B5A6708BD51
:1030A00000200240003002400000024000001050AA
:1030B0000000115000234FF0010C10B580F81AC029
:1030C0008282C382016104460DF05EFA20B14FF4A2
:1030D0000032074BC3F8902020460DF065FA10B17E
:1030E0000123237710BD2046BDE810400DF030BA13
:1030F000002011502DE9F0414FF000081C4D04460E
:1031000042462B781B4F1C4E0DE0336813EB4213E5
:1031100024D0DB682046984708F101082B785FFA35
:1031200088F2934206D39342A2EB0303EDD807EB58
:103130004313EEE75422002110480BF071FF4FF0CB
:10314000FF330E482022041D4360C4E90133E360CD
:10315000FF21BDE8F04114300BF062BF4FF0E023D7
:10316000D3F8F03DDB0700D500BEBDE8F08100BF1D
:103170008A420020CC4502107033002040350020E8
:10318000704700BF704700BF0020704700207047A5
:10319000704700BF704700BF704700BF704700BF57
:1031A000024B5878003818BF012070474035002086
:1031B000024B1878C0F38000704700BF40350020F4
:1031C0002DE9F047DFF8E49099F80030FF2B55D156
:1031D0000D4600293DD000215422064629480BF017
:1031E0001FFF0022284C294B20461A70FBF738FCA1
:1031F000274B28481C60284CFBF740FC204601F078
:103200008FFB264A264B146023B12648FFF7F4FDB6
:10321000254B18604FF0000A224C53462278DFF805
:103220009080214F0DE03A6812EB431311D05B6898
:103230007BB198470AF1010A22785FFA8AF3934238
:1032400011D89342EFD39B1A08EB43135B68002B12
:10325000EFD14FF0E023D3F8F03DDB0700D500BEFF
:103260000020BDE8F0872946304689F80060FFF766
:10327000D7FD0028EDD03046FFF718FE0120BDE84D
:10328000F08700BF40350020383500208C420020F8
:103290009435002004260020F025002098350020D9
:1032A000F92D01108A420020703300200C260020E6
:1032B000CC4502102DE9F04FDFF8B0928BB099F8B1
:1032C0000030FF2B00F0ED80A24CA34DDFF898A258
:1032D000DFF89CB226687369EFF3108272B6D3E808
:1032E000CF0F01210028FAD1C3E8401F0028F6D1F2
:1032F000BFF35F8FB261304607A901F05BF900238D
:103300007269C2E88F3FB36983F31088002800F028
:10331000C8809DF81D30013B072B00F26B83DFE86E
:1033200003F0A5AF939B8C350A04089B002BD1D0EA
:1033300009989847CEE79DF8201001F07F0605EB2D
:10334000460000EBD11090F8343023F0010380F8F0
:10335000343090F8343023F0040380F83430002EF9
:1033600000F0A280027D9AF800309A4280F09180AD
:103370007A4B1B6813EB421300F08C809E699DF81A
:103380002120099B9DF81C00B047A3E79BF8003063
:10339000002B7FD09BF80030013BDBB28BF8003074
:1033A0009BF8003003F0FF00002B93D16A4F9DF88B
:1033B0001C803B7843F001033B7097F8343060F396
:1033C000000387F8343097F8343060F3820387F8CD
:1033D000343097F8353060F3000387F8353097F8CC
:1033E000353060F3820387F8353000F05BFC9DF8E0
:1033F000203003F06002602A66D0402A76D003F0C5
:103400001F03012B00F0B680022B7BD0002B5BD179
:10341000202A00F0DB81002A56D19DF82130092BAB
:1034200052D8DFE813F0A20194015100B30151001A
:1034300087015D0151005201E5002B78D9077FF526
:1034400049AFFFF7ABFE45E7EB78DA077FF542AF10
:103450000898FFF797FE3DE72B78D8077FF53AAF3E
:103460002878C0F3C000FFF797FE33E79DF81C00F3
:10347000FFF740FE00F00CFC9DF82030AB7029E710
:103480009DF81C00FFF736FE00F002FCFFF782FEFD
:1034900020E711D04FF0E023D3F8F03DDC0700D552
:1034A00000BE0BB0BDE8F08F099B9DF821209DF870
:1034B0001C0000F00BFC0DE7294B5FE7FFF728FB32
:1034C0000246002840F079814FF0E023D3F8F03D28
:1034D000DE0700D500BE9DF81C000021FFF7A0FD0F
:1034E00080219DF81C00FFF79BFDF3E61D4800F0CE
:1034F000D9FB0121404608AAFFF76AFC00287FF4A7
:10350000E9AEE8E79DF8241011F0700FDCD101F06E
:103510007F0607EB4600144B00EBD1101B78007DB3
:103520007600019698424FEAD11600964FD340F0AC
:103530005F810B4E002A00F05F81706900F0B2FBE2
:1035400001214046736908AA984700287FF4C2AE5B
:10355000C1E700BF983500204035002070330020BF
:10356000CC450210D12D01108A4200200C260020EB
:103570008C4200209DF824300F2BACD8AA4A3B4443
:103580001B79127893422DD3A5D1A84E706900F013
:1035900089FB01214046736908AA984700287FF4F7
:1035A00099AE9DF8203013F0600694D19DF821303B
:1035B0000A3B012B8FD800F075FB9DF821300A2BB8
:1035C00000F0F181404608A900F0F0FA82E6984B3D
:1035D0001B6803EB4016002A00F00E81002E3FF41A
:1035E0007AAFAAE7924A166816EB4316CED172E775
:1035F0007B789DF822609E4200F04C817B78002B06
:1036000040F0BD817E70002E00F04281701EC0B27D
:10361000FFF77EFA0346002800F05E814278022A16
:1036200040F05A81C17903F10906C1F34012120139
:10363000C1F3801142EA41123146387820F030005F
:1036400002433A705A88CDF808809A180092009B7D
:103650008B4240F2A3814B780B2B00F0AE814FF0F0
:10366000010C042B40F038810023009A1E46521AA8
:1036700092B201926C4ACDF80CC012781DE06C4AEF
:10368000126812EB461800F02781019A0593029800
:10369000D8F8103004919847059B082802460499F1
:1036A00003F1010303D90198904280F0F8805E4A4B
:1036B000DEB21278B242C0F00F81B242A6EB020233
:1036C000DDD85A4800EB4218DFE77B7840468DF89A
:1036D0001A300DF11A02012308A900F081FAF9E568
:1036E000BDF82200030A013B020AC0B20E2B3FF6CE
:1036F000F2AE01A151F823F009390110A9370110E8
:1037000045390110D7340110D73401102739011081
:10371000A9370110D7340110D7340110D734011064
:10372000D7340110D7340110D7340110D734011029
:10373000FB38011008A800F0BBFA40469DF82210A3
:10374000FFF7B8FB3B7843F002033B70C2E5BDF8DE
:103750002230012B7FF4BFAE3B78404623F00803B4
:1037600008A93B7000F022FAB4E540463B789A087D
:1037700002F00202C3F340131343ADF81A300DF107
:103780001A02022308A900F02BFAA3E5BDF82230A3
:10379000012B7FF4A0AE3B78404643F0080308A914
:1037A0003B7000F003FA95E5022A3FF487AEFFF77D
:1037B000EDFC024600283FF48EAE4046538808A92F
:1037C00000F00EFA00287FF485AD84E69DF82430E1
:1037D0000F2B3FF680AE144A3B441B79127893427C
:1037E0001DD2134A166816EB43167FF4A6AE72E696
:1037F000002A7FF470AE00269DF8212002F0FD0320
:10380000012B17D0002A7FF45FAE019B009A3B4446
:10381000134493F834304046C3F34003ADE77FF4DC
:103820005AAE024E89E600BF8A420020CC45021003
:1038300070330020BDF82230B3B9012A99F8000096
:1038400000F08880FFF7ECFB019B009A3B44134497
:1038500093F8342042F0020283F8342093F83420A5
:1038600042F0010283F83420002E3FF433AD70693A
:1038700000F018FA7369012108AA40469847002011
:1038800000F010FA97F83530DF073FF523AD99E6E1
:10389000FFF780FC404608A900F088F91AE5DDF83A
:1038A0000CC0BCF1010F00F09D80BCF1000F00F0D6
:1038B0008A80002391F8028004E00671D8B2844522
:1038C00040F2818008EB030057FA80F090F804E0A2
:1038D0000133BEF1FF0FF0D04FF0E023D3F8F03DFD
:1038E000DA0700D500BE4FF0E023D3F8F03DDB0748
:1038F00000D500BE00237B70EDE5FFF765FA0246B8
:1039000000287FF45AAFE6E5FFF7FEF802460028EC
:103910003FF4DAAD4046122308A900F061F900280F
:103920007FF4D8ACD7E5FFF72FFC024600283FF420
:10393000D2AD4046137808A900F052F900287FF470
:10394000C9ACC8E5BDF82410FFF7E6F80246002828
:10395000EFD1C0E50293FFF77BFB019A009B3A444D
:103960001A4492F83410029B63F3410182F8341038
:1039700092F8341063F3000182F8341074E70021E8
:103980004046FFF79FFA4046FFF734FBBB784046BE
:103990000093FFF7AFFB009BBB7033E6DDF80880B8
:1039A000FFF7F6FB76E74046012308A90DF11A025E
:1039B0008DF81A6000F014F98CE40B7891F803C0CC
:1039C00019444B784DE633460F480392019100F0BD
:1039D00069FD0E4B01991B78039AB3421144BFF461
:1039E00036AE79E7D8F81000094B984208BF4FF07F
:1039F000020C5EE74FF0E023D3F8F03DDB077FF5E4
:103A000069AC00BE66E400BF543500208A42002045
:103A1000DD4001102DE9F84F0A9F002A40D00C46E6
:103A20001E4615464FF0000ADFF87C90DFF87C80D8
:103A300018E0204698F8021099F800B000F002FD56
:103A4000E0B121465846FFF759FAF0B1A2780AF1E1
:103A5000010AD10916BF0B9B3A701A702278AA4549
:103A600014441DD06278052A0FD1E17801F00301DA
:103A7000B1420AD1A27812F0700FDAD04FF0E023F1
:103A8000D3F8F03DDA0700D500BE4FF0E023D3F8BD
:103A9000F03DDB0702D40020BDE8F88F00BEFAE756
:103AA0000120BDE8F88F00BF0C2600204035002023
:103AB00038B58B7813F0700F08D04FF0E023D3F8AF
:103AC000F03DDB0700D500BE002038BD074A084B9B
:103AD0000C46084691781D7800F0B4FC0028ECD024
:103AE00021462846BDE83840FFF708BA4035002097
:103AF0000C2600200B46064A06481168DA093432C3
:103B000003F07F0302EB4303184400F055BC00BFF1
:103B100094350020403500200B46064A06481168BF
:103B2000DA09343203F07F0302EB4303184400F058
:103B30006DBC00BF943500204035002010B51948F9
:103B400001F07F0C00EB4C0000EBD11090F834C07A
:103B50001CF0010F08D04FF0E023D3F8F03DDA0756
:103B600000D500BE002010BD00F1300494F804C060
:103B70000D484CF0010C007884F804C0FFF73CFAC3
:103B80000028F0D14FF0E021227960F30002227189
:103B9000227960F382022271D1F8F03DDB07E1D592
:103BA00000BEDFE7403500200C26002030B50B4C6E
:103BB0008C46A6460546086849680023AEE803001F
:103BC0009CF800102846C943C4E90233BDE83040E0
:103BD0001A4601F08001FFF7B1BF00BF0035002099
:103BE0002DE9F041284F4FF00008BE468C460646AE
:103BF00008684968BA60AEE80300A7F80E80154669
:103C0000BCF80620934228BF1346BB819AB11C46DC
:103C100033B3DDB197F90030402C28BF4024002B8E
:103C200029DB414623463046184AFFF787FF68B133
:103C30000120BDE8F0819CF800101346C9433046CE
:103C400001F08001FFF77AFF0028F1D14FF0E02367
:103C5000D3F8F03DDB0700D500BE0020BDE8F081C1
:103C60001A46397801F0800123463046FFF766FF97
:103C70000028DDD1EAE72246294604480BF0DCFCA7
:103C80008021024AF0E700BF00350020C034002048
:103C90000022034BC3E90022C3E902221A617047E4
:103CA00000350020014B1861704700BF003500202F
:103CB00030B40246044C0025234600685168C4E92C
:103CC000025530BC03C370470035002070B53D4C31
:103CD000C90922780646B1EBD21F1D4682B017D023
:103CE00053B14FF0E023D3F8F03DDB0702D40020BE
:103CF00002B070BD00BEFAE72146FFF7F1F8236974
:103D00001BB12246032130469847012002B070BD06
:103D100094F90030002B06DBA0680028E7D02A4683
:103D200029490BF089FCE089A168E388284480B226
:103D300029448342E081A16016D03F2D14D9A28985
:103D400094F90040131A9BB2402B28BF4023002C4B
:103D500027DB90424FF0000131D01B4A3046FFF77D
:103D6000EDFE0028D1D1BCE7236923B10221304602
:103D7000144A984760B121780023C94330461A4657
:103D800001F08001FFF7DAFE0028AAD00120BDE78C
:103D900001463046FFF744F980213046FFF740F9ED
:103DA000B3E7904208D01A46074801930BF044FC51
:103DB0008021054A019BD1E780210022CEE70A46F7
:103DC000CCE700BF00350020C03400202DE9F041D1
:103DD0000446FFF7E5F908B9BDE8F081FFF7E8F917
:103DE00005460028F8D1C82304FB03F3124EF71848
:103DF000F9780029F0D010331E44304600F0C8FB9B
:103E00003F28E9D92846F978FFF774FE0028E3D067
:103E1000304600F0BDFB3F28F97808D9074A28460C
:103E200002EBC4124023BDE8F041FFF787BE2846ED
:103E3000BDE8F041FFF770BEF83300207433002076
:103E400010B50446FFF7ACF908B9002010BDFFF724
:103E5000AFF90028F9D1C822034B02FB04331879CB
:103E600000F0010010BD00BFF8330020C82208B5E3
:103E7000024B02FB003000F071FB08BD083400204B
:103E80002DE9F8434FF6FF73C8249A4228BF1A461B
:103E900000FB04F4DFF8748004F110054544064685
:103EA00092B2284600F0D0FB0746FFF779F910B927
:103EB0003846BDE8F883FFF77BF981460028F7D143
:103EC000A04498F80330002BF2D0284600F060FBA5
:103ED0003F28EDD9484698F80310FFF70BFE00285D
:103EE000E6D0284600F054FB3F2898F8031007D985
:103EF000054A4846402302EBC612FFF71FFED7E7EC
:103F00004846FFF709FED3E774330020F83300205A
:103F10002DE9F0410446FFF743F910B90020BDE850
:103F2000F081FFF745F905460028F7D1C82604FBC4
:103F300006F6DFF8648006F124074744384600F0AF
:103F40000DFB0028EAD0B044284698F80210FFF78D
:103F5000D1FD0028E2D00F4E384606EBC41631469C
:103F6000402200F071FB98F80210044668B1034645
:103F700032462846FFF7E2FD50B94FF0E023D3F870
:103F8000F03DDB07CAD500BEC8E7FFF7C5FDC5E7B2
:103F90002046C4E7B4330020F833002038B54FF68C
:103FA000FF75C823AA4228BF2A460B4C92B203FBD6
:103FB00000440546204600F005FC034620461C460A
:103FC00000F0CCFA3F2801D8204638BD2846FFF73C
:103FD0009FFF204638BD00BF1C340020C82208B512
:103FE000024B02FB003000F0D3FA08BD1C34002065
:103FF000F0B5002483B0C822002117480BF010F858
:10400000FF234FF4E1310822144804701248009451
:10401000074643718160827300F138010123402219
:10402000103000F06BFA0123402207F17801009371
:1040300007F1B80607F1240000F060FA07F1C005A7
:104040003046FAF70DFD2846FAF70AFDC7E907469C
:10405000C7E90C5403B0F0BDF8330020F43300205E
:104060000A4A116B136A61B13BB10023C2E90C33F8
:10407000D36100231362012070470120C2E90C3391
:104080007047002BF7D0D161F3E700BFF833002071
:10409000002210B50E4C0F48237802600271DA0737
:1040A00007D59B070BD5BDE8104001210A4800F059
:1040B00053BC103000F034FC23789B07F3D406483F
:1040C00000F02EFCBDE810400121034800F044BC84
:1040D000F4330020F83300201C340020F0B54B7975
:1040E00083B0022B02D18B79022B03D00025284606
:1040F00003B0F0BD274FBB783BB14FF0E023D3F8BE
:10410000F03DDB07F2D500BEF0E78B7806463B704A
:104110000B78CC186178242908BF092507D036E030
:1041200023781C4461782B4424299DB207D1AA42EC
:10413000F6D20020FFF74AFE284603B0F0BD0B463A
:10414000052916D0042BF4D163790A2BF1D1124B37
:104150002778019301330093022330461A46E11970
:10416000FFF758FC0028C8D00E3517FA85F5ADB218
:10417000DFE721463046FFF79BFC0028BDD0A3783F
:104180007B7023785A191C44637895B2DAE70B46A2
:104190000925D5E7F8330020FA330020137803F01F
:1041A0006003202B08D170B5264C938894F800C08A
:1041B0009C4503D0002070BD002070475378203B01
:1041C000032BF7D8DFE803F027230D0201292ED0B7
:1041D00003291ED11C4BE3B100205188AFF30080AE
:1041E00017E0012923D0032913D15588174805F07A
:1041F000010686F00101257100F0AEFB144B43B1BE
:1042000031460020C5F34002AFF3008001E00129F0
:1042100011D0012070BD01290DD00329F9D10D4B1A
:10422000002BF6D000200C49FEF7EEFDF1E7114619
:10423000FFF7BCFCEDE711460723074AFFF7D0FC68
:10424000E7E700BFF8330020000000001C34002026
:1042500000000000092E0110003400202DE9F84371
:10426000354E0C46F27807468A421D463DD0B3785B
:104270008B4212D04FF0E023D3F8F03DDB0732D46D
:104280000020BDE8F8832D4B23B12D4800F076F9CE
:1042900000284DD00020FFF799FDB378A34201D04C
:1042A0000120EEE7274B13B10020AFF30080002080
:1042B000FFF72EFE0028F3D1234800F04FF9002825
:1042C000EED1002DECD015F03F05E9D13846B1789C
:1042D000FFF710FC0028E3D02B462A463846B17879
:1042E000FFF72CFCDCE700BECAE79AB2174906F1DB
:1042F000100000F067FA164B002BC4D07379FF2B27
:10430000C1D0002DBFD0DFF8448008EB050902E0E2
:10431000C845B8D0737918F8012B9A42F8D10848EB
:1043200000F02CF90028F3D17179AFF30080EFE7AA
:10433000AFF30080AEE700BFF833002000000000BC
:1043400008340020000000001C34002074330020DA
:104350000000000010B582B0C9B101280CD80B785C
:1043600053B1144C012B235402D0012002B010BDD4
:10437000FEF726FF0028F8D14FF0E023D3F8F03DF8
:10438000DB0702D4002002B010BD00BEFAE7012412
:10439000084601A9ADF80440FEF712FF38B94FF006
:1043A000E023D3F8F03DDA07EDD500BEEBE7014B93
:1043B0001C70E8E734350020F8B5037813F00104E9
:1043C0001AD1037805465A07C3F3800701D5204662
:1043D000F8BD0E464FF0FF3130460CF001F92B7856
:1043E00013F001040BD12B785B0709D42B7801243F
:1043F00043F004032B7003E000242046F8BD3C4644
:1044000030460CF0E1F82046F8BD00BF70B50C4610
:1044100005464FF0FF3120460CF0E2F82B78C3F34D
:1044200080065B0708D52B7813F0010311BF002627
:104430002A7863F382022A7020460CF0C5F83046D1
:1044400070BD00BFC378828803F003000228C2F366
:104450000A0215D003280AD001281CD1022940F2F3
:10446000FF3308BF4FF4806393420DD37047022996
:1044700014BF40234FF48063934205D3012070475B
:1044800002290AD0402AF9D94FF0E023D3F8F03DB1
:10449000DB0700D500BE00207047B2F5007FEDD0ED
:1044A000F2E700BF0A44914226D291F801C0BCF164
:1044B000050F05D091F800C061448A42F5D87047D5
:1044C00000B591F802C00CF07F0E00EB4E0E4FEAE3
:1044D000DC1C0EF80C3091F800C061448A4209D906
:1044E00091F801C0BCF1050FEBD091F800C0614418
:1044F0008A42F5D85DF804FB704700BF2DE9F04112
:10450000B2F5004F9DF8188024D80446C0681746BD
:104510000E461D4618B14FF0FF310CF061F82069CE
:1045200018B14FF0FF310CF05BF80022C5F30E0319
:10453000E06843EAC83362812660A780E380228175
:1045400008B10CF041F8206908B10CF03DF80120E9
:10455000BDE8F0810020BDE8F08100BF03894289F9
:104560009BB292B28088934236BFC2EB40029B1A44
:104570009B189BB2984228BF18467047028943890E
:1045800090B29BB2C01AB0FA80F04009704700BFE9
:10459000038942899BB2808892B2934236BFC2EBB4
:1045A00040029B1A9B189BB2984286BFC01A80B2E9
:1045B0000020704738B5044600690D4618B14FF029
:1045C000FF310CF00DF82189638989B29BB2A28872
:1045D000994236BFC3EB4200C81A401880B250B3AC
:1045E000824209D291422CBF891A89188BB29A4211
:1045F000638103D89B1A9BB29A42FBD9E288216857
:10460000C2F30E0202FB031128460BF015F8618974
:10461000012589B24B1C9BB29942A2880ED9002376
:1046200002FA05F15B1A9BB22069638108B10BF0B5
:10463000CBFF284638BD054663899BB2B3EB420FDA
:104640004FEA4201F0DBEDE72DE9F047064600694D
:104650008846914618B14FF0FF310BF0C1FF338906
:1046600074899BB2A4B2B588A34236BFC4EB450798
:104670001F1BFF18BFB2002F4AD0BD4240D3B9451F
:1046800028BFB946A5421FFA89F703D8641BA4B214
:10469000A542FBD9B6F806A02B1B31689BB2CAF322
:1046A0000E029F42924602FB041123D913FB02F330
:1046B0001FFA83F94A4640467D1B0AF0BDFF621986
:1046C00012FB0AF2316808EB090092B20AF0B4FF5B
:1046D0007289B58892B2D3199BB29A421AD96A00EC
:1046E0009B1A9BB23069738108B10BF06DFF38469D
:1046F000BDE8F087404607FB02F20AF09DFFE7E7BE
:10470000AB422CBF5B1B5B199CB22F467481B6E792
:1047100073899BB2B3EB450F4FEA4502E2DBDFE75B
:10472000F8B50446C0680E4618B14FF0FF310BF0E3
:1047300057FF2589238961899BB289B2A2888B4260
:1047400036BFC1EB42015B1A5B189BB29A42ADB215
:1047500008D8E779FF0905D1E06808B10BF034FF0C
:104760003846F8BD954228BF2B4618D39B1A9BB2FA
:104770009342FBD2E2882068C2F30E0202FB0300E0
:1047800031460AF059FF6B1C9BB29D42A28812D998
:10479000002351005B1A9BB201272381DCE7E288EA
:1047A0002068C2F30E0205FB020031460AF044FF06
:1047B0000135A288ABB2B3EB420F4FEA4201EBDB0B
:1047C000E8E700BF2DE9F04F174683B0002A75D007
:1047D0000646C068894618B14FF0FF310BF000FF64
:1047E000F379B6F808807289DB09B5881FFA88F872
:1047F00092B23CD1904536BFC2EB4502A8EB020213
:10480000424492B2AA425ED2AA1A92B2BA4228BFD7
:104810003A46B6F806B097B27B1B08EB070ACBF313
:104820000E0B9BB21FFA8AFAA845444603D3641BB9
:10483000A4B2AC42FBD22D1B3068ADB2BD420BFB23
:10484000040057D349460BFB07F20AF0F5FEB28885
:10485000D0454FEA420302D8BAEB420F03DBAAEB82
:1048600003031FFA83FA3D46A6F808A02CE0B6F829
:1048700006B0AF42CBF30E0B2FD2904536BFC2EB42
:104880004501A8EB0201414489B2680039447B1B11
:1048900081429BB20DDB02EB050A1FFA8AFAAAEBF2
:1048A00007081FFA88F8424537D9A8EB00001FFA1D
:1048B00080F807EB080A1FFA8AFAB5E7154628467A
:1048C00003B0BDE8F08F0025F0680028F7D00BF0AA
:1048D0007BFE284603B0BDE8F08F002DF4D07F1B8F
:1048E00002EB050A0BFB079990462F4600231FFA9F
:1048F0008AFA99E715FB0BF5ADB22A4649460193B2
:104900000AF09AFE019B3068E21812FB0BF209EBE9
:10491000050192B20AF090FE99E7404584DCC4E7B5
:1049200010B50446C06818B14FF0FF310BF058FEC7
:10493000206918B14FF0FF310BF052FE0023E06800
:104940006381238108B10BF03FFE206908B10BF0B1
:104950003BFE012010BD00BF38B50446C0680D46BF
:1049600018B14FF0FF310BF03BFE206918B14FF04A
:10497000FF310BF035FEE379E06865F3C713E371AF
:1049800008B10BF021FE206908B10BF01DFE0120DB
:1049900038BD00BF0022014B5A60704768330020C9
:1049A0002DE9F04F4FF0000C012783B09DF8304007
:1049B00090460268002BC2F86CC000945160054616
:1049C000DDE90D46D766019340F3968003F1FF3988
:1049D0001CB139463046A0472A6800272979890248
:1049E000B94512BF0020009B83F0010018F8013B7D
:1049F00008BF40020B4303431361BCB14FF0000BEF
:104A000003E02A68516BCB0620D400213046A04732
:104A10004BEA00035FFA83FB0028F2D06FF0010736
:104A20003846009B2B7103B0BDE8F08F536BD9065D
:104A3000FCD5D2F880A0BAF1000F41D1B94551D0D0
:104A4000019B0137BB42EBD00021C9E7D2F880A01F
:104A5000BAF1000F1BD1BBF1000F0ED1B94538D010
:104A6000019B0137BB42DBD001213046A0472A68B9
:104A7000EAE72A68516B8B050DD400213046A04728
:104A80004BEA00035FFA83FB0028F2D0C6E74FF041
:104A9000010B536DF1E7126EBBF1000FE0D0BAF1DC
:104AA000000F2BD01AF0010F28D11AF0080F08BF01
:104AB0004FF0FF373846009B2B7103B0BDE8F08FF5
:104AC0000121536D536B9805FCD5136E0029B7D0A7
:104AD000E5E7009B002BD0D0019B09F10107BB4209
:104AE000C2D19DE7009B2BB1019B09F10107BB429D
:104AF000AAD195E71946E5E7674691E74FF0FF37FA
:104B00008EE700BF2DE9F84F0126DDE90B754FF068
:104B1000000A934602680446C2F86CA05160D6664B
:104B20001E1E9DF828902DDD06F1FF38002F51D074
:104B300001212846B84722681346516F1029FCD03E
:104B4000BAF1000F32D00021D04504BF89F0010036
:104B500041EA402141F4807111613FB919E02846D2
:104B6000B847002838D123689A6F12BBD3F8802049
:104B7000596B11F04001F2D0002128465B6DB84717
:104B80006FEA000A504684F80490BDE8F88F936FEE
:104B9000BBB9D2F88030536B5B06F8D54FF0FF3AC3
:104BA000536D504684F80490BDE8F88F217989024E
:104BB000CAE71B690AF1010AB2450BF8013BB7D1FC
:104BC000E0E713690AF1010A56450BF8013BD9D019
:104BD0002268B1E7BA46AFE76FF0010AD2E700BF3B
:104BE000F8B5044605200F46FAF78AFC00EB570C8F
:104BF000BCFBF7FC204D0CEB4C02A5FB02651F49EA
:104C0000AE088F4200EB4003ACEB95052ED801F1C6
:104C1000D64101F5A10101F62C01A1FB03139B0D67
:104C2000013300214F2A98BF01222468B0FBFCF019
:104C3000E166216804F5805781F0040101F0060166
:104C4000396088BF0C49E56184BFA1FB021292095B
:104C50002662C4F8A0202246012152F87C5F6B40F6
:104C60009BB202F580521360E166F8BD0449A1FBD6
:104C70000313DB0D0133D4E7CDCCCCCC3F420F0086
:104C8000893BE6550E4A30B4904214BF10222022D0
:104C90000C4D0D4B0D4C2A601A60A36832EA0303D9
:104CA000FBD140F26515032402680371D3661560D9
:104CB000D3639363C2F8884030BCFFF791BF00BF55
:104CC0001026002000200240003002400000024078
:104CD0002DE9F04389B00DF11008044616461F4631
:104CE000DDE9122340460D469DF84090FAF734FB6B
:104CF0003B46CDE90108324629462046CDF80090D2
:104D0000FFF74EFE09B0BDE8F08300BF2DE9F04388
:104D100089B00DF11008044616461F46DDE912233E
:104D200040460D469DF84090FAF716FB3B46CDE90C
:104D30000108324629462046CDF80090FFF7E2FEF2
:104D400009B0BDE8F08300BF2DE9F0470E460546E7
:104D5000F9F7B8FA012296F804A096F9054005F192
:104D60002F4CDFF8B4800CF5600C02FA0AF24FEA1F
:104D70001C5C002C58F82C7002F1FF32CAF12003A1
:104D800031DB9C42A64627D802FA04F33B4223D1EA
:104D9000F3795B0732D402FA0EF2174235D131684B
:104DA000BAF1000F10D0764601EB4A0A31F8023B07
:104DB00006F11209B3F5005F38BF7344514506F19F
:104DC000010645F82930F1D13A4348F82C20F9F78B
:104DD0008BFA2046BDE8F0874FF0FF34F9F784FAEC
:104DE0002046BDE8F0871C1E02DA0EE0013C0CD321
:104DF00002FA04F33B42A646F8D1C9E76FF00A0471
:104E0000F9F772FA2046BDE8F0876FF00804F9F769
:104E10006BFA2046BDE8F0875C3600202DE9F041B2
:104E20001F2A9DF8184038D84EF29F064EF2800592
:104E30004FF4003801EB410C002C18BF354600EB55
:104E4000CC0404F5435400EBCC0C052BDCF8DC70EF
:104E50004FEA410EDCF8CC60C4F80C800CD9540148
:104E6000053B44F0A0540532052BCCF8DC4002F0A1
:104E70001F02CCF8D850F2D8714400EBC1010020D9
:104E8000520142EA8363C1F8DC30C1F8D850C1F85E
:104E9000DC70C1F8CC60BDE8F0816FF00400FAE787
:104EA000F0B5012504688D4024EA05040460B3B31D
:104EB000D3E901561F68DC6801EB410300EBC30333
:104EC000C3F8C8704FEA410CC3F8D060C3F8CC50A7
:104ED000C3F8DC400CEB01034FF0013500EBC30CD1
:104EE0004FF0004600EBC30E01230EF5865E0C1D4D
:104EF00001F108078D40CEF8106003FA04F4CEF8F3
:104F0000106002F01F028560BB4000F50050046095
:104F10000EF1100E03600020CCF8D820F0BD4FF445
:104F200080374FF440264FF4F83501EB410400EB95
:104F3000C404C4F8C8704FEA410CC4F8D060C4F887
:104F4000CC50C4F8DC30C5E703BD00BF10B5044643
:104F5000FAF702FC2346BDE8104018474FF05041D5
:104F60002DE9F04F096882469046994683B019B9F9
:104F70003F4B5B78002B71D01920F9F791FA8346EB
:104F8000002870D13B4EFAF709FAB8EB000569EB3F
:104F90000104002C50DBFAF701FA4FF0FF326FF0FA
:104FA0000043281844EB0101824273EB01043CBF2B
:104FB000104619464FF05042136D9B074AD4736A4E
:104FC0009942F9D8B46A84422CD3FAF7E7F9B8EBDE
:104FD000000569EB0104002C2EDBFAF7DFF94FF036
:104FE000FF326FF000432D1844EB0104AA4273EB2B
:104FF00004013CBF15461C464FF0504704E02846CC
:105000002146FAF71DF9B8B93B6D13F00103F6D04C
:10501000BA6D9245B7D1BBF1000F11D1184603B05C
:10502000BDE8F08F9942C7D0FAF7B8F9B8EB0005A0
:1050300069EB0104002CD0DA0023BBF1000FEDD0A6
:10504000012119200193F9F715FA019B184603B0C5
:10505000BDE8F08FC2F854A040BFB6E70123184660
:1050600003B0BDE8F08F00211920F9F703FA89E7B2
:10507000A837002000000B40F0B5054687B0192086
:1050800017460E46F9F70CFA002104461920F9F7E5
:10509000F1F90021039704960027002601224FF022
:1050A00050438C461648CDE9006705950292427040
:1050B000A9B11A6D9507FCD5596540BF1A6DD00787
:1050C00003D420BF1A6DD207FBD59A6D8A420BD04C
:1050D0004FF0000C0DEB8C021168E9E79A6D1A6D28
:1050E000D607FBD440BFE4E70CF1010CBCF1060F7E
:1050F000F0D12146192007B0BDE8F040F9F7BAB960
:10510000A83700200C4B0D4A93420ED39C4603F265
:10511000F4710B4A9268CCF8F4070A48CCF8F837D7
:10512000CCF8FC070848FFF7A7BF4FF0FF3340F269
:10513000F3719C46EDE700BF00080820000008203E
:1051400000ED00E04D4F0110494F011010B5F9F787
:10515000B9F80D4B04461A688AB12046F9F7C4F82D
:105160004FF05043192009491C68F9F7C5F901218E
:105170001920F9F77FF90222054B1A5510BD184680
:10518000F9F76EFCE9E700BFC0410020F5100020F0
:10519000A8370020154BD0B5D3E90067F9F792F88E
:1051A000134B04461A68E2B12046F9F79DF83246DF
:1051B0003B460F480BF004FA00B9D0BD0D4C2068F7
:1051C0000130206040BF32463B46FFF7C7FE18B9AA
:1051D00023680133236040BF0548BDE8D0400BF091
:1051E000F3B91846F9F73CFCDEE700BF984302101C
:1051F000C04100202026002008B5094B0948D3E90A
:1052000000230BF0DDF900B908BD074A136801332C
:10521000136040BF0348BDE808400BF0D5B900BF9C
:1052200098430210C04100202026002007F086BECF
:105230001EB400F08DF81EBC0BF0EAF9F0B51D4667
:10524000037883B00C46472B19D00020254E3368D5
:10525000019030469B68984778B1019B02271B68F4
:10526000019323682046314601AA1C690123A04707
:1052700020BB0746384603B0F0BD0127F1E743786D
:105280004E2BE2D18378552BDFD1C378432BDCD171
:105290000379462B1BD0432BD7D143792B2BD4D169
:1052A00083792B2BD1D1C379012BCED84FF00003BA
:1052B00050F8206C019306D05830C8E7019B38465F
:1052C0002B6003B0F0BD304656F8786CBFE74379E9
:1052D0004F2BBAD18379522BB7D1C0790028B4D1E2
:1052E000014EB4E7704602104446021010B5044661
:1052F00000F07AF8224612F82039472B04D0836850
:1053000023BB8260012010BD63784E2BF7D1A378B8
:10531000552BF4D1E378432BF1D12379432BEED1F4
:1053200063792B2BEBD1A3792B2BE8D1E379012BDC
:10533000E5D854F8043C0133012B44F8043CE1D196
:10534000836844F8083C8260012010BD00F064FBD3
:1053500008B500F049F8836883B393F82020472A02
:1053600004D00022826003F1200008BD93F82120C0
:105370004E2AF6D193F82220552AF2D193F8232011
:10538000432AEED193F82420432AEAD193F825202A
:105390002B2AE6D193F826202B2AE2D193F8272056
:1053A000012ADED8DA69013ADA61002ADBD199698B
:1053B0000022816003F120009A6108BD00F02CFBFF
:1053C000704700BF704700BF00487047C4260210F6
:1053D00010B504460421FFF729FF204610BD00BF89
:1053E00000487047B42F002000487047B42F0020B9
:1053F000502870B51DD0844600F00F000C2855D8F9
:10540000DFE800F0074426071E545454542A2207AC
:105410001E00104650F8046B4EB10CF07004102CB6
:1054200008BF11461CF0800F0E4418BF36681E607E
:1054300070BDD01C20F0030050F8046B1E6070BDDE
:10544000104650F8086BE7E7104630F9026BE3E7C7
:10545000104630F8026BDFE700261046344610F89D
:10546000015B05F07F0E15F0800F0EFA04FE04F1CB
:10547000070446EA0E06F2D11F2CCDD86D06CBD517
:105480004FF0FF3505FA04F42643C6E70026104620
:10549000344610F8015B05F07F0E2D060EFA04FE6F
:1054A00004F1070446EA0E06F3D4B5E708F0ECFA77
:1054B000FF2808B5034612D003F070030846302BCE
:1054C00013D005D8202B09D1BDE808400BF044B813
:1054D000402B06D1BDE808400BF08AB803D8002065
:1054E00008BD502BFBD008F0CFFABDE808400BF008
:1054F00073B800BFF8B50C460646154608B10BF068
:1055000077F8286014F8017BFF2F28D168602046C7
:1055100010F8012BFF2A32D00024102322462B75CD
:1055200010F8011B01F07F03090603FA02F302F1F0
:10553000070244EA0304F3D403190024EB6010F8D3
:10554000013B22466B7510F8011B01F07F0393406D
:1055500007321C430B06F6D404442C61F8BD3146D7
:105560003846FFF7A5FF224601462B1D3846FFF7B8
:105570003FFF0446204610F8012BFF2ACCD1002320
:105580002A75DAE72DE9F04F002399B088461746CF
:1055900003930E9300F00303012B00F0AB80022B6A
:1055A0000AD1394640460BF02FF8002840F097808A
:1055B000082019B0BDE8F08F002B40F01E8210F0DB
:1055C0000804EED112AB01250493049B0C2238464B
:1055D000CDF848800093002319460AF0D1FF3846E1
:1055E0000AF0E6FF06900028DBD044EA0503049A9F
:1055F0000699384605930DF14409039B8DF85C30FC
:105600000023CDE91533FFF775FF159B05469DF87F
:105610005C003946169C09930390FFF749FF00236D
:10562000089014900F2219463846CDF800900AF0E1
:10563000AFFF119BA54223F0010303F1FF3B33D2DF
:105640009DF85D60DDF848A000213046FFF730FF8F
:105650002A4601460FAB3046FFF7CAFE0546002139
:105660003046FFF725FF2A46014610AB3046FFF7CC
:10567000BFFE054600213046FFF71AFF2A460146C5
:105680004B463046FFF7B4FE05460020024615F8AB
:10569000011B01F07F039340073218430B06F6D439
:1056A0000F9B53445B451ED9059BDC0729D500257C
:1056B0000E9B2E461C46002338460D22CDF8009046
:1056C00019460AF065FF069B0620C8F82440C8F872
:1056D0002850C8E90B36119BC8F8203069E709202B
:1056E00019B0BDE8F08F109A13445B4560D8A5420D
:1056F000AAD3D9E710F008040AD012AB049302250C
:1057000063E7059B180700F17681404607F047FDE7
:1057100012AB0D6A0D22384604930093039B194681
:105720000AF036FF129B9D42E9D13846CDF84880F9
:10573000DDE90332009219460C220AF021FFD8F865
:105740003060002EE1D00DF14409D8E90A530693E8
:10575000002DC0F20881032400233846CDF80090C4
:105760001A461946CDF844800AF00AFF00230122A8
:105770003846CDF80090194611950AF001FF002334
:105780000F2238461946CDF800900AF001FF119A11
:105790000023384602F00102CDF80090194632434A
:1057A00011920F220AF0ECFE022C70D0072000E7C5
:1057B000119E002E3FF4F5AE139A1644002800F017
:1057C000FB8001380444002E3FF4EBAE059B13F040
:1057D000080200F0FC808A4BC8F80030894BC8F8FA
:1057E0000430B8F100034FF0010BDDF824A018BF1E
:1057F0000123002A18BF00230A9300230793039B69
:1058000003F00703CDE90B670D9300252A4614F832
:10581000011B01F07F03080603FA02F302F10702FD
:1058200045EA0305F3D41F2A05D84B0603D50BFA26
:1058300002F35B421D4300262046324610F8011B4E
:1058400001F07F030F0603FA02F302F1070246EAB2
:105850000306F3D41F2A33D8490631D50BFA02F3D5
:105860005B421E43002D67D0059B022B0DD0002DFF
:105870002CDC6FF040435B1B0AEB83075AF82310C4
:105880000A9B002B5CD199B12EB13444BDE7404650
:10589000FFF72CFD8AE7079BDDE90B67002B3FF440
:1058A00080AE059BDD073FF57CAE0025022453E763
:1058B000059BDA07DDE90B6719D50E9B1C46FAE656
:1058C00085B1059B022BDFD0002DD2DD039BFF2B82
:1058D00070D00D9A042A00F29080DFE802F00D8E5D
:1058E0002A0D270001230793002ECED1D3E7002DE8
:1058F0003FF431AF00F09CF8AAEB850208994B46C3
:105900000398FFF775FD119949B1B8F1000FBBD0AD
:105910000EAB00224046FFF791FC0028B4D0059B57
:10592000D907DDE90B677FF516AFC6E7AAEBC5021D
:10593000E4E7AAEB4502E1E701233444079364E777
:105940000E9B119321B94CE057F8041F002937D062
:1059500039444B4600224046FFF770FC0028F3D044
:10596000002E92D197E7099B3846049A1593039B22
:1059700006998DF85C30FFF7BDFD39469DF85C0057
:10598000159CFFF795FD6FF04042521B54F82230F2
:1059900004EB820433B12246002352F8041F013382
:1059A0000029FAD1C8F83440C8E90A300423C8F8FD
:1059B0003030D0E65246A1E7002E7FF472AFF0E51A
:1059C000059BDB07DDE90B677FF5C2AE75E798F84D
:1059D0000730012B0CBF58F8203C08F158030E93F8
:1059E000FFE61C46059BDB07DDE90B673FF563AE71
:1059F000AEE607F04FFC00F00FF808F045F800BFE6
:105A0000474E5543464F520008B5804708F03CF8D2
:105A100007F040FC08F038F808B5024BD3E8AF0FA8
:105A2000FFF7F2FF2826002008B58047FFF7F4FFB4
:105A300008B5024BD3E8AF0FFFF7F6FF242600208E
:105A4000014BD3E8AF0F704728260020014BD3E865
:105A5000AF0F704724260020012838BF012010B561
:105A600004462046FAF7A2FF00B110BD07F036FD4C
:105A700008B18047F5E7042007F0D4FA024B034A47
:105A80000349036007F0C8FC28470210955D011028
:105A900014470210034B10B50446036000F0D0F920
:105AA000204610BDC8460210054B10B504460360E1
:105AB00000F0C6F90C212046FFF7B8FB204610BDC8
:105AC000C846021070B582B004460D46069E964246
:105AD00009D0A068294604680696246AA44602B044
:105AE000BDE87040604719460192009300F064F8E9
:105AF000DDE900320028ECD0062002B070BD00BF06
:105B00002DE9F04F81B00D4619461C460746164652
:105B1000DDE90A8BDDE90CA900F04EF880B9D0452B
:105B200027D0B8682346324629460468CDE90CA937
:105B3000CDE90A8BE469A44601B0BDE8F04F6047A7
:105B4000002DC9F8008089F804600CDBA844C24528
:105B500014BF4FF001084FF0060889F806800020B6
:105B600001B0BDE8F08F0235F9D1012389F8063084
:105B7000F5E75946384600F01FF80028D1D089F8DB
:105B80000560ECE72DE9F04107460C4615461E4638
:105B900000F090F948B9B868214633462A460468AF
:105BA000A469A446BDE8F0416047BDE8F08100BFAC
:105BB000704700BF00207047814211D0406808B58F
:105BC00003782A2B0AD049680B782A2B08BF0131A9
:105BD00009F0B6FBB0FA80F0400908BD002008BD0E
:105BE000012070473A4B1A7870B582B0002A3ED136
:105BF00001241C7007F064FC78B3446800224FF065
:105C0000FF30344D2378114601902A2B01AB08BF99
:105C10000134204607F032F92B6830220121DB687D
:105C200006462D4809F02EF82A68019BD16883B1F9
:105C3000204608F041FE2B68022201212748DB683C
:105C400009F020F8019B13B93046FAF7E9FE07F096
:105C5000FFFB304608F030FEEDE71E4B2D222146BB
:105C60001F481B68DB6809F00DF807F00DFF194BA2
:105C70001D2201211B481B68DB6809F003F807F0AF
:105C800003FF01290C4619D107F004FB03689B6848
:105C900098472B6821460B220446DB68124808F01F
:105CA000F1FF2B682046D96808F006FE2B680A2011
:105CB000D96808F081FD07F02BFBD6E707F0EAFA78
:105CC00007F026FBD1E707F023FBFFF7B1FA00BF8F
:105CD00089420020482A0020F82602102C270210B2
:105CE00030270210D82602106027021008B50420C1
:105CF00007F098F9024B034A0349036007F08CFB55
:105D000028470210955D01101447021008B50420C1
:105D100007F088F9024B034A0349036007F07CFB54
:105D200064470210CD5D01105047021010B50446C3
:105D3000082007F077F92146044607F05FFC054A82
:105D40002046054907F068FB204607F083F9FFF776
:105D50006FFA00BFEDD401101C50021010B50446BC
:105D6000082007F05FF92146044607F087FC054A42
:105D70002046054907F050FB204607F06BF9FFF776
:105D800057FA00BF2DD501103C5002100048704753
:105D90006C270210034B10B504460360FFF710FB9D
:105DA000204610BD28470210054B10B5044603607D
:105DB000FFF706FB04212046FFF738FA204610BD06
:105DC00028470210004870477C270210034B10B58B
:105DD00004460360FFF7DEFF204610BD6447021053
:105DE000054B10B504460360FFF7D4FF042120469D
:105DF000FFF71CFA204610BD64470210036870B517
:105E0000002484B09E6910231546039402936B46C8
:105E10001268CDE90044B0479DF8043003F0060352
:105E2000062B04D1009B01202B6004B070BD2046DE
:105E300004B070BD009890420CBF0620012070474E
:105E4000034B10B504460360FFF7B2FE204610BDB9
:105E5000A8470210054B10B504460360FFF7A8FEE3
:105E600008212046FFF7E2F9204610BDA84702109E
:105E70002DE9F041069F1D4604469046DDE90836AF
:105E80009F420CD029462046FFF796FE20B1012301
:105E9000376086F80480B3710020BDE8F08107996F
:105EA000FFF78AFE0028EDD0002086F80580BDE8C7
:105EB000F08100BF38B515461C46FFF77DFE00B9DE
:105EC00038BD082206232560E260237138BD00BF7B
:105ED0002DE9F041064617461D460C46FFF76CFEBD
:105EE00048B9032D07D823683A46314620465B69F6
:105EF000BDE8F0411847BDE8F08100BF5029844655
:105F000070B53BD834295BD829290AD9A1F12A00D8
:105F1000082831D8DFE800F0171615301517172EAE
:105F200016000A2924D9A1F10B000124C0B2844033
:105F30002B482040F0B92B48044204D12A48204085
:105F4000A8B1CAB1C3B1DCE90540844214DADCF877
:105F5000105004EB840E0026013405EB8E00C0E9DE
:105F60000166CCF8144005F82E10C0E9032370BD7B
:105F70000429E6D9002AE6D1002070BDA1F1520023
:105F80000C28F7D801A454F820F000BF475F011097
:105F9000475F0110755F0110455F0110455F0110FB
:105FA000435F0110755F0110755F0110475F0110BD
:105FB000755F0110755F0110755F0110435F01107F
:105FC000A1F135000124C0B28440084820400028D7
:105FD000D0D1074820400028B3D14F29B3D070BD9D
:105FE000FE1F005F00C07F00010080000711C70195
:105FF000F82E000A70B5D0E905439C421ADA04EB8A
:106000008403066984460134002506EB83004FEAC9
:10601000830EC0E90155CCF8144059B1AA42CCBF57
:106020000023012333B9C0E9013306F80E30C0E97B
:10603000031270BD002070BDC268014670B51378B0
:106040006E2B23D0303BDAB2092A28D80026002054
:106050006FF0004E134C07E0CB685A1CCA605B78A7
:10606000303BDAB2092A0DD8AEEB030200EB800C0C
:10607000A4FB0252B0EBD20F03EB4C00ECDD4FF06F
:10608000FF3070BD002EFCD0404270BD531CC36079
:106090005378303BDAB2092A01D80126D7E700202D
:1060A00070BD00BFCDCCCCCC10B5044651B1682931
:1060B00022D02046FFF7C0FFE3681A785F2A0ED08F
:1060C000002010BDC3681A78002AF9D05A1CC2609B
:1060D0001B78682B10D0762BEBD00020F1E7013332
:1060E0002046E360FFF7A8FFE3681A785F2AE7D14C
:1060F00001330120E36010BD2046FFF79DFFF3E769
:1061000030B4C4680A462178522904D04F2902D0FD
:10611000104630BC70475229C56A08D0033520218B
:106120000134C5620023C46030BCFFF7E7BE02350E
:106130001F21F5E7C3681A785F2A01D00120704754
:106140005A1C10B5C26004465A785F2A05D0FFF782
:1061500073FF002810DB012010BD0233C360FFF77E
:106160006BFF002808DB0928F5DDE3681A785F2A51
:1061700002D10133E360EEE7002010BD002971D0A9
:1061800038B505460C46A268012A34DCD5F81C0156
:10619000B0F5806F2FDC23780132422BA2602BD820
:1061A000232B19D8013BDAB2222A24D8222B22D859
:1061B000DFE803F03636365121211E1E36363636DC
:1061C0003636363636363636363636213636363684
:1061D0003636363636363600A3F124010122C9B2EE
:1061E0008A4021491140D9B992072AD1342B02D1D2
:1061F0002469002CC7D138BD453BDBB2192BFAD836
:10620000012202FA03F3194A1A404AB9184A134202
:1062100002D113F0180FEED0E468002CB3D1EAE7F6
:10622000E168431C2846C5F81C31FFF7A7FF216928
:106230002846FFF7A3FFD5F81C31013BC5F81C31F8
:1062400038BDE1680B78052BEBD1D5F83831013337
:10625000C5F83831E5E7D5F84431E1680133C5F8D0
:106260004431DEE7704700BFEC7DFE7FC16F000266
:1062700006100400034658B1002004E0DA682AB191
:106280001B6901301BB11A78302AF7D0704770476C
:10629000704700BF20B907E039B10069013930B15A
:1062A0000378302BF8D000207047C06870477047E3
:1062B000F0B54B1C1446526883B0A5680E461344D3
:1062C0000746AB4211D8E5686DB96368324620686D
:1062D0003946184409F0B0F9D4E9003233449D54EA
:1062E00063683344636003B0F0BDE268002AFAD10A
:1062F00055B16D00AB42FCD829462068FAF772FB15
:1063000038B12060A560DEE7022B4FF00205F0D81F
:10631000F2E701902068FAF783FB019B0122C4E9B0
:106320000033C4E90232DEE703784B2B16D00DD8D8
:10633000442B15D14378A3F1770003F0DF034F2BF3
:1063400018BF012894BF012000207047562B05D0AC
:10635000A3F17200B0FA80F0400970470120704745
:106360000020704770B50D46D0F800110446FF2993
:1063700006D04B1CC4F80031655484F8045170BD3C
:106380000026D0E9423280F8FF609847D4F82821EF
:10639000012331461A44C4F80031C4F82821655459
:1063A00084F8045170BD00BFD0F810318BB15A6829
:1063B000CB681069002B0BDB20B906E03BB100690C
:1063C000013B10B10278302AF8D000207047C06835
:1063D00070470123C0F81831F7E700BF2DE9F047F7
:1063E000044608460D4609F09DF978B3013DD4F8FE
:1063F00000114FF000094FF001082F1808E0554632
:10640000591CAF42C4F80011E65484F804611DD051
:10641000FF296E7805F1010A0B46F0D1204684F879
:10642000FF90D4E942329847D4F82831BA45C4F8ED
:10643000008103F1010226704FF0010384F804612A
:10644000C4F8282102D015F8026FD9E7BDE8F0871B
:10645000002956D038B505460C462378342B1ED873
:10646000342B25D8DFE803F02C242424242E2C29D7
:1064700029242424242424242424242424242424D7
:106480002C242424242424242424242424242424C4
:106490002C242424242424242424242C2900433B95
:1064A000DBB21C2B04D8184A22FA03F3DB0707D40B
:1064B000E1682846FFF7CCFF18B92469002CCCD13D
:1064C000002038BDD5F81031BBB15A68E3681069B7
:1064D000002B0BDB28B9F3E73BB10069013B002837
:1064E000EED00278302AF7D0EAE7C0680028E7D07B
:1064F0000378302BE5D00020E3E70123C5F81831FD
:10650000DEE70020704700BFE30C0010C26838B51A
:106510001378542B24D1531C0446C36052785F2A4D
:1065200020D06E2A1CD0FFF787FD411C18D4E368E9
:106530001A785F2A14D10133D4E90520E36082423E
:106540000EDA236902EB820C0025013203EB8C008A
:10655000C0E901556261052203F82C20C16038BDF5
:10656000002038BD0021E6E72DE9F04788B00A4653
:1065700004461E4901A8FBF7B7FD01A809F0D2F8AF
:1065800080B301AED4F800114FF000094FF00108BC
:1065900006EB000A08E02E46591CB245C4F800116B
:1065A000E75484F804711DD03546FF290B4615F8D1
:1065B000017BF0D1204684F8FF900236D4E94232C4
:1065C0009847D4F828315545277003F1010284F823
:1065D00004714FF00103C4F80081C4F8282101D0F0
:1065E0002F78D9E708B0BDE8F08700BFB8220210C5
:1065F00070B50446FFF720FD051E25DDE6686368DB
:106600009B1B9D4227DCA26873195207E36002D5E9
:10661000725D242A1AD0092D0FDD08221C4930464C
:1066200008F052FC48B9337A5F2B18BF2E2B01D0EB
:10663000242B02D1737A4E2B0FD02A4631462046A6
:10664000FFF7D8FCA06270BD002070BD0133092D9A
:10665000E360E2DCF1E70020F4E7E26AD4E9053127
:1066600016328B42A2EB0502E262F4DA226903EBF6
:106670008300013307498500636102EB800000233A
:10668000C0E9013353551523C0E90313DAE700BF0E
:1066900098270210A4270210C3682DE9F0411A7848
:1066A000532A1FD15A1C0446C2605878F0B9A36817
:1066B00003F00802C3F3C00383F00103DE075ED5D5
:1066C000CB075CD5E3681B78433B012B8CBF0025CF
:1066D00001255B4B03F1C4011A78824251D01C336F
:1066E0008B42F9D100252846BDE8F0819A1CE26072
:1066F0005878A0F1300C5FFA8CF3092B0BD85F2887
:1067000015D10023226A9A42ECD9E26952F823504B
:106710002846BDE8F081A0F15F02B2FA82F2520988
:10672000002AECD1A0F14103192B08D9BFE70022C0
:1067300005E0E56008785F28A0F1300C1DD05FFA15
:106740008CFC02EBC203BCF1090F00EB830309D8F8
:10675000303B9A421A46C5D8E16808784D1C00289B
:10676000C0D0E6E702EBC203A0F1410100EB8303D6
:106770001929A3F13703ECD9B4E70133C2E7D508EF
:10678000A7E75E69D4E90520AEB18242D3F818804C
:1067900054DA276902EB820C4FF0000E013207EB4E
:1067A0008C01C1E901EE4FF0180E626107F82CE090
:1067B000C1E90368A162002D3BD0D3E90371E36A0C
:1067C00082420B44E36237DA02EB8200531C2269F7
:1067D00000264FF0180C02EB8005C5E901666361E5
:1067E00002F820C0C5E90371E3681A78422A7FF4F1
:1067F0007AAFA66A01332046E360FFF7F9FE2A4626
:1068000003464E212046FFF779FBE36805461A78D8
:10681000422AEFD0A66200283FF464AFD4E90832E0
:106820009342BFF65FAFE1695A1C41F82300226230
:1068300059E7D3E90171C2E70025D5E70021B9E79F
:10684000D8470210F8B5C3681A78572A27D10446EA
:106850000E4607E0E368E56945F8220021621A78F0
:10686000572A1CD15A1C5525E2605A78502A02D169
:1068700002335625E36037682046FFF7B9FE294604
:1068800003463A462046FFF739FB306030B1D4E981
:1068900008239A4202F10101DCDB0020F8BD01204F
:1068A000F8BD00BFC2682DE9F043044685B010462C
:1068B000FFF73AFD00BB1378552B68D8402B40F208
:1068C0009580413B142B00F29180DFE813F0990191
:1068D0008F00850112018F009301C0008F008F008F
:1068E0008F008F008F00C6018F00B200A4008F00C0
:1068F00096008F00E600CE00002201A9204601F09C
:106900002DFA054600283AD0E36820461B78462B2E
:106910003AD0FFF7C7FF2860002830D003781F3B2C
:10692000012B05D8019AC368C2602A6801922B60C6
:10693000019D25B3D4E90832934220DAE1695A1C5B
:10694000284641F82350226205B0BDE8F0830123B8
:10695000256B2046236300F04DFF2563024600238C
:1069600045212046FFF7CAFA0546019038B1E36891
:106970001A7822B15A1CE2601B788B4228D000257D
:10698000284605B0BDE8F08300F00EFCC3E7A3F194
:1069900061015FFA81FCBCF1190F27D80123BB4DBF
:1069A00003FA0CF31D40002D40F0D582BCF1140F0A
:1069B0001CD101322046E260FFF71AFE2B46024648
:1069C00029212046FFF79AFA05460190002DD6D0DE
:1069D000D4E908329342D2DAE1695A1C41F82350D3
:1069E000019D2262284605B0BDE8F08301212046C2
:1069F00005B0BDE8F04301F00BBB01322046E26078
:106A0000FFF750FF0023024624212046FFF776FAC5
:106A100005460190DAE701322046E260FFF742FFC7
:106A20000023024623212046FFF768FA054601901D
:106A3000CCE701322046E260FFF734FF0023024634
:106A400025212046FFF75AFA05460190BEE701329C
:106A50002046E260FFF726FF00230246272120465A
:106A6000FFF74CFA05460190B0E701322046E2609C
:106A7000FFF7BEFDE368019005461A78492A00F049
:106A80008B822046FFF70EFF2B460246222120462E
:106A9000FFF734FA0546019098E72046FFF736FDE8
:106AA000E668019005463378492B8FD1636B002B44
:106AB00040F08D8200283FF462AFD4E908218A4279
:106AC000BFF65DAFE16941F82200013222623278FF
:106AD000493A012A05D801362046E66001F0E4F97A
:106AE00003462A4604212046FFF708FA054601908E
:106AF0006CE7531CE3605378002B3FF440AF931CCA
:106B0000E3605378463B302B3FF639AF01A151F893
:106B100023F000BF1B6D01107F6901107F69011018
:106B20007F6901107F6901107F6901107F69011081
:106B30007F6901107F6901107F6901107F69011071
:106B40007F6901107F6901107F6901104F69011091
:106B50007F6901107F6901107F6901107F69011051
:106B60007F6901107F6901107F6901107F69011041
:106B70007F6901107F6901107F6901107F69011031
:106B8000B56E01107F690110896E0110596E0110F8
:106B9000296E0110F96D01107F690110C96D011096
:106BA0000F6F01107F6901107F6901107F6901106B
:106BB0007F690110E16E01107F6901103F6F0110C4
:106BC0007F6901107F690110996D01104F690110F3
:106BD000EB6C0110916C011001322046E260FFF76E
:106BE00061FE0023024626212046FFF787F905466D
:106BF0000190EBE6204600F0D7FA05460190E5E665
:106C0000511CE16053785F2B00F0C481303B092BAD
:106C100000F2CF810D462E460135E5602B78303BE2
:106C2000092BF8D9B21A2046FFF7E4F907460028E5
:106C30003FF4A5AE73785F2B7FF4A1AE29460131F6
:106C40002046E160FFF72EFE3A4603462B21204600
:106C5000FFF754F905460190B8E601322046E2609C
:106C6000FFF720FE054600283FF489AE2046FFF7D7
:106C700019FE034600283FF482AE2A462C21204606
:106C8000FFF73CF905460190A0E600BFFF7BEC034F
:106C900093785F2B00F0F481D4E905329342BFF67C
:106CA0006EAE226903EB83010020013302EB810504
:106CB000C5E9010063614423204602F82130FFF753
:106CC000BBF9E860E3681A785F2A7FF458AE0133B5
:106CD0002046E360FFF7E6FD2A4603462E212046C4
:106CE000FFF70CF90546019070E6D4E905329342AE
:106CF00080F2D981226903EB83010020013302EB8A
:106D00008105C5E901006361282302F82130E36AA7
:106D1000B94A0733EA60E36232E62046FFF78CF9AE
:106D2000E36802461E78622E00F09081782E03D030
:106D30005F2E7FF424AE00260FFA82FE0133D4E9E1
:106D40000510814280F2AA81142027694FF0000CBF
:106D50004FF05F0901FB00F0DFF8CC8201313D18F4
:106D6000C5E901CC616107F8009001A8A5F810E021
:106D7000A249C5F80C80AE74E360FBF7B5F901A831
:106D800008F0D0FCEB68E26A5B681344002E18BF81
:106D900001330344E362F3E5D4E90532934280F220
:106DA0008281226903EB83010020013302EB81051C
:106DB000C5E901006361282302F82130E36A904AA3
:106DC0000833EA60E362DBE5D4E90532934280F2FE
:106DD0006A81226903EB83010020013302EB810504
:106DE000C5E901006361282302F82130E36A854A7E
:106DF0000433EA60E362C3E5D4E90532934280F2EA
:106E00005281226903EB83010020013302EB8105EB
:106E1000C5E901006361282302F82130E36A7A4A58
:106E20000933EA60E362ABE5D4E90532934280F2CC
:106E30003A81226903EB83010020013302EB8105D3
:106E4000C5E901006361282302F82130E36A6F4A33
:106E50000A33EA60E36293E5D4E90532934280F2B3
:106E60002281226903EB83010020013302EB8105BB
:106E7000C5E901006361282302F82130E36A644A0E
:106E80000933EA60E3627BE5D4E905329342BFF659
:106E900076AD226903EB83050133A900636102EB40
:106EA00085050023C5E9013353540E23594AC5E92A
:106EB000032365E5D4E905329342BFF660AD22694C
:106EC00003EB83050133A900636102EB8505002311
:106ED000C5E90133535404234F4AC5E903234FE561
:106EE000D4E90532934280F2DE80226903EB83010C
:106EF0000020013302EB8105C5E90100636128230D
:106F000002F82130454AE36AEA60113342E7D4E9E6
:106F10000532934280F2C780226903EB830100208F
:106F2000013302EB8105C5E901006361282302F802
:106F30002130E36A3A4A0833EA60E36220E52046FA
:106F4000FFF7B0FC002302464D212046FEF7D6FF96
:106F5000054601903AE501EB8103324901EB8301DB
:106F6000D4E90535AB4280F2A180266903EB8307A3
:106F70004FF0280C013306EB87050132C5E901000B
:106F8000636106F827C0E36AE9604968E2600B4480
:106F9000E362F5E4002752E601332046E36000F0A7
:106FA00083FF2A46034604212046FEF7A7FF054635
:106FB00067E50123256B2046236300F01BFC256356
:106FC000074600283FF4DBACE5682B7833E6731CFA
:106FD0002046D4F81490E360D4F82080E76A00F0EB
:106FE00063FFE3681B78492B20D0E660C4F8149057
:106FF000C4F82080E762E9E4944F0210B82202103E
:10700000A84F0210804F0210444F02106C4F021024
:10701000584F0210C4270210BC270210D04F021094
:10702000BC4F02103C4D0210E44F0210002D3FF403
:10703000A6ACD4E908139942BFF6A1ACE2690346B5
:1070400042F8215001312A4621624BE510287FF495
:1070500096AC0133D4E90521E3608A4223DA142394
:107060002169002002FB03F30132CD18C5E90100BC
:1070700062612822CA540E4AE36AEA600F3389E645
:1070800003320123256B2046E260236300F0B2FB4C
:107090002563054600287FF415AE70E4054901A874
:1070A000E360FBF721F80023DB68FFDEC368FFDE47
:1070B000F84F0210B822021030B5044683B0002306
:1070C000E16801AD01930B78A3F12E0283B3D3B233
:1070D000242B19D8242A17D8DFE802F02A1616160E
:1070E0001616161616161616161616161616161640
:1070F0001616162A16161616161616161613162A0B
:1071000013004B78452B13D02046FFF7CBFB0246EC
:1071100000232F212046FAB1FEF7F0FE2860D8B1F7
:10712000E16800F110050B78A3F12E02002BCED1FF
:10713000019888B103690BB103B030BDC268117802
:107140002829F9D1D268117C0929F5D1E16A526860
:10715000891AE162C360EFE7002003B030BD00BFD1
:10716000C36870B51A7805464A2A1AD081B12846F4
:10717000FFF798FB044690B12846FFF79DFF0346B2
:1071800068B1224628462A21BDE87040FEF7B6BE07
:1071900028460C46FFF790FF03460028F1D1002057
:1071A00070BD0133C360E2E710B50446806810F497
:1071B00080200BD1E26BB2F5006F06D8511CE3685A
:1071C000E1631978462907D0E26310BDE3681A78B5
:1071D000462A01D0002010BD5A1CE2605A78592A74
:1071E00001D10233E36001212046FFF7B9FF0146D8
:1071F0002046FEF785FFE3681A78452A06D000206E
:10720000A3685B03E1D4E26B013ADDE70133E3609D
:10721000F6E700BFC3681A78542A49D170B55A7886
:1072200004460D466E3A0B2A09D8DFE802F014082E
:107230002208080831080808080A01232B600020EA
:1072400070BD02335A210022C36020460023BDE8EE
:107250007040FEF753BE0233C360FFF723FB0246C4
:107260000028EAD020465B210023BDE87040FEF7ED
:1072700045BE02332946C360FFF7CCFF0246002813
:10728000DBD020465D210023BDE87040FEF736BE0E
:1072900002332946C36000F00DF802460028CCD026
:1072A000E36819784529C8D101335C21E360CCE754
:1072B0000020704770B5002382B005460E4601AC31
:1072C000019302E0236003F1100431462846FFF7E2
:1072D000A1FF03460028F5D1019A32B15921284671
:1072E00002B0BDE87040FEF709BE02B070BD00BF3D
:1072F000C3682DE9F0411F780646002F37D05A1C8D
:10730000C26093F801801F78B8F1000F31D1492194
:107310000022394D8B1A48BF013302EB6303180179
:1073200005EB031E2C5894F800C0BC4507D094BF51
:107330005A1C19468A42EDD10020BDE8F0816078E0
:107340004045F4D1D6E905329342F5DA326903EBD0
:1073500083010024013302EB8100C0E90144736121
:10736000332302F82130C0F80CE0BDE8F081B846C4
:10737000CDE79A1C762FC26093F801801FD1A8F147
:107380003004E3B2092BC2D8FFF732F90246D6E93E
:1073900005318B42D0DA03EB8300356901330021DC
:1073A000870005EB8000C0E901117361002AC3D09A
:1073B0003423C0E90111EB55C0E90342BDE7632F57
:1073C000A5D1B8F1760FA2D1D0E90C34B3FA83F38A
:1073D0005B094363FFF766FA736B02463BB1002318
:1073E00036213046FEF78AFD7463BDE8F081352111
:1073F0003046FEF783FDF7E79C4802102DE9F04385
:1074000085B00F46044601A90192FFF71BFA002838
:1074100000F0C980E2681378462B00F08980A3F160
:1074200030020026092A40F28C80A3F16102192A59
:1074300029D86F2B256B00F0D2802046FFF758FF2C
:1074400025630546002800F0F1800378332B7CD1BA
:10745000C268E36A916807330B44E36213681A78E1
:107460006C2A72D15A78692A6FD19B78002B6CD123
:107470002046FFF7BDF82A46034638212046FEF78E
:107480003DFD054661E0442B00F0B380A3F14302CB
:10749000012A40F2A7814C2B78D0552B40F08380F5
:1074A000E3685A786C2A00F01681742A7BD11A7826
:1074B000552A40F0BB805A1C019DE2605A78742A1C
:1074C00040F0B4809A1CE2609B785F2B00F08581CD
:1074D0006E2B00F089812046FEF7AEFD10F1010C05
:1074E00000F1A480E26813785F2B40F09F800132A6
:1074F000E260D4E90532934280F29880226903EB7E
:1075000083010020013302EB8105C5E901006361BD
:107510004A2302F82130C5F80CC0D4E9083293425E
:1075200080F28480E26942F82350013323620CE048
:10753000531C0646E3605378A3F13002092A3FF654
:1075400074AF2046FFF754F80546019B2BB12A463D
:1075500057212046FEF7D2FC0546E3681A78422AF6
:1075600026D05EB937B12B463A4601212046FEF7B8
:10757000C5FC0546284605B0BDE8F0832A46002331
:1075800051212046FEF7BAFC0546EBE7E3682046AA
:107590000133E360FFF72CF8054620B12046FEF7E3
:1075A000C9FD0028D1D10025284605B0BDE8F083EB
:1075B000D4F8288001332046E360FFF719F82A4603
:1075C00003464E212046FEF799FCE36805461A78EB
:1075D000422AEFD0C4F82880002EC3D0CEE7E3685B
:1075E0005A786E2A7FF429AF0233E36000232363C5
:1075F00023E7E3685A78432A00F0BC80A26A3AB1D4
:10760000117809B1182903D1E16A10690144E162D6
:10761000197843290CD0442908D1597830390529E3
:1076200004D8DFE801F0552D52034F4C00258CE7BC
:107630005978492900F0BF80A1F131000428F5D81C
:10764000303902335FFA81F8E360D4E905318B42C7
:10765000ECDA03EB8301D4F810C0013300200CEB0B
:1076600081058900C5E901006361002ADED0072396
:10767000C5E901000CF8013085F80C802A6164E747
:107680004FF0020E0233E360D4E905318B42CDDACC
:1076900003EB8301D4F810C0013300200CEB81050B
:1076A0008900C5E901006361002ABFD00823C5E94C
:1076B00001000CF8013085F80CE02A6145E74FF035
:1076C000050EDFE74FF0040EDCE74FF0030ED9E7BD
:1076D0004FF0010ED6E71A78552AA7D15A1CE2605E
:1076E0005A786C2AA2D10233002203A92046E36013
:1076F0000392FFF7DFFDDDF80C908046B9F1000F33
:1077000094D12046FFF7D8FC00288FD0B8F1000FA5
:1077100066D0C8F81000E2681378452B86D1531C58
:10772000E36052785F2A0ED06E2A3FF47FAF204686
:10773000FEF782FC10F101093FF578AFE3681A7893
:107740005F2A7FF473AF0133E360D4E905329342DB
:10775000BFF66CAF226903EB83010020013302EB1B
:107760008105C5E901006361482302F82130C5E9BC
:107770000389EAE602334FF00008E3602046C14681
:10778000FEF736FF0023024654212046FEF7B6FBE3
:107790008046B9F1000F0CD0C9F81000B8F1000F05
:1077A0003FF444AFE3681A78452AE7D10133E36038
:1077B000CBE60546F2E75A1CE2609A78A2F1310165
:1077C00004293FF633AF0333303A2046E3605FFAD3
:1077D00082F8FFF767F8A26A37E74FF0000C86E6F9
:1077E000804698E7E36809E7002D3FF4BAAE2B46E0
:1077F0000025ACE6C26813784C2B00F0E580542BD2
:1078000000F0E480732B2DE9F04104461DD0662B77
:1078100042D0A3F13001092906D96F2B6ED15378DC
:107820006E2B19D10232C260002220461146FFF7AA
:10783000E5FD0546002800F0C580E3681A78492A6E
:1078400000F0AC802846BDE8F0815378722B00F040
:107850008880702B00F071812046FFF749FD0546B6
:10786000002800F0AF800378332B66D0342B00F073
:10787000C280352B40F0A680E3681A785F2A00F0BA
:107880004B812046FFF7B6FF03462A4620463821A3
:10789000BDE8F041FEF732BB5378702BDCD1931C6E
:1078A000C3609378542B00F044815F2B00F0B380C9
:1078B0006E2B00F08780FEF7BFFB411C00F1828039
:1078C000E3681A785F2A7DD16FF00042013391425C
:1078D000E36077D00230D4E90532934272DA22694C
:1078E00003EB83010026013302EB8105C5E9016644
:1078F0006361062302F82130E860A3E7692B01D019
:10790000742B65D151786C29A6D10232742BE260B8
:1079100000F05F8100251378002B53D05378002BA3
:1079200050D04521204600F0DFF92A460346322197
:107930002046BDE8F041FEF7E1BAC168E36A8A6813
:107940000E68023A1344E3623378732B33D17278B2
:10795000742A30D1B27872BB2046FEF7A3FF0346EB
:1079600093E7931C816BC36051B19378552B00F260
:107970009281422B00F25C81303B092B40F2608106
:107980002046FEF78FFF014600222046FFF736FD16
:10799000E36805461A78492A7FF454AF013320463C
:1079A000E36000F081FA2A46034604212046BDE840
:1079B000F041FEF7A3BACF68032F03D8DFE807F042
:1079C000232F784D00253DE700F076BFFEF79EBDE2
:1079D000752B7FF441AF0132C260FEF709FE054608
:1079E000204600F061FA2A46034640212046BDE8C1
:1079F000F041FEF783BAC368012B3FF442AF032B7B
:107A0000E0D0002BDED12A46204600233721BDE8F6
:107A1000F041FEF773BA03320120E2605BE732788F
:107A20006D2A00F09680702A00F093800027732B57
:107A30007AD17378502B77D1B378002B74D120464C
:107A400000F032FA0346002F3FF41FAF1A463A21E6
:107A50002046FEF753FA034617E7712B40F0868065
:107A60007278752A40F08280B278002A7ED1204652
:107A7000FFF7C0FE06462046FFF7BCFE074620463D
:107A8000FFF7B8FE034600289CD03A463D21204629
:107A9000FEF734FA324603463C212046FEF72EFA22
:107AA0002A4603463B212046BDE8F041FEF726BAB0
:107AB00071783278632900F0D380662A00F0F9806B
:107AC000642B40F0ED807378692B40F0E980B27848
:107AD000002A40F0E58011462046FFF78FFC07465C
:107AE0003378632B7BD172786C2A78D1B278002AF4
:107AF00075D14521204600F0F7F8064633463A4650
:107B00003A212046FEF7FAF92A4603463921204653
:107B1000BDE8F041FEF7F2B9013345212046E360AC
:107B200000F0E2F80346B0E62046FFF763FE0346A6
:107B300089E703320020E260CDE60232C260FFF73F
:107B400059FE002302464D212046BDE8F041FEF7D4
:107B5000D5B9717891427FF469AFE26811785F29F5
:107B60007FF465AF0132E26033785FE7642B06D1C2
:107B70007378582B03D1B378002B3FF478AF337868
:107B8000662B00F09B806E2B7FF41CAF7378772BF5
:107B900002D0612B7FF416AF5F21204600F0A4F8DD
:107BA00006462046FEF77EFEE36807461A78452A19
:107BB00000F09480702A00F08580692A7FF402AF7B
:107BC0005B786C2B7FF4FEAE2046FFF713FE034676
:107BD0005BE72046FEF766FEE26805469BE6642BFF
:107BE0004CD17278742A49D1B278002A46D1E36820
:107BF0001A78672A59D0732A02D15B78722B45D044
:107C0000002220461146FFF7F9FBE36806461A7882
:107C1000492A7FF473AF01332046E36000F044F952
:107C20003246034604212046FEF768F9064665E71A
:107C3000433B2C4ADBB222FA03F3DB077FF5A0AE0D
:107C40004FF0FF3300212046A36300F07FF9E36883
:107C500001461A78452A7FF497AE0133E36093E634
:107C6000A2F17201012904D9A2F1630101293FF6B1
:107C700024AF2046FEF716FE074631E7702B05D1EC
:107C80007378742B02D1B378002BB0D02046FFF765
:107C9000B1FD064632E7613B192B3FF671AECFE7E7
:107CA0002046FFF7A7FD07461AE75B78732BA7D19D
:107CB000ECE72046FFF71CFB074611E72046FFF7DD
:107CC00017FBD7E65A78692A7FF47CAE0233452148
:107CD0002046E36000F008F80346D6E60133E3608F
:107CE0000023D2E601020400C26800232DE9F0411E
:107CF0000E46117882B00446B142019324D001AD02
:107D0000012709E0FEF7FAF8286000F1100588B1B4
:107D1000E3681A78B24211D0D4F830802046276345
:107D2000FFF768FD024600232F212046C4F830806B
:107D3000002AE7D1002002B0BDE8F08101330198AC
:107D4000E36002B0BDE8F081511C1A46C1602F21EA
:107D500002B0BDE8F041FEF7D1B800BF2DE9F84F01
:107D600091460E46C268044609F001033546117873
:107D7000002B15BF4FF01E0A4FF01B0A4FF01D08D5
:107D80004FF01A0814BF1C27192720E0562937D0B6
:107D90004B293BD053787BB3931CE3605378782B0B
:107DA0003AD003F0DF024F2A6BD1E26A4F2B02F187
:107DB0000902E26236D00023522100222046FEF75B
:107DC0009DF82860C0B1E26800F10C0511781046FA
:107DD000FEF7AAFA002839D0531C7229E360D5D1E6
:107DE000E26A3946002320460932E2620022FEF7A9
:107DF00085F828600028E6D100252846BDE8F88FE0
:107E0000E26A414600230932E262D6E7E26A51465D
:107E100000230632E262D0E7E36A4F211133E362C6
:107E20000023CAE70123D4F830B020462363FFF7CC
:107E3000E1FCC4F830B003460028DDD0E2681178D8
:107E40004529D9D101325221E260B6E719F0010F7C
:107E5000D3D14629D1D1B542CFD01D201E211C221D
:107E600007E01B2B0BD0192B00D132700C36B5421A
:107E7000C3D0366833781A2BF3D13070F6E73170FF
:107E8000F4E7772BB8D1E36A20460633E362FFF7C5
:107E900013F903460028AFD0E26811784529ABD129
:107EA00001325321E26088E7C368F0B51A7883B0E5
:107EB0000446866A452A25D0002301AD01930BE0D4
:107EC000FEF71CF8286000F1100570B1E1680B782E
:107ED000452B0ED0512B0CD0204600F06BFD0246F6
:107EE000002330212046002AEAD10025284603B08D
:107EF000F0BD512B019D0FD001312846A662E160F3
:107F000003B0F0BD5A1C00233021C2601A4603B0F2
:107F1000BDE8F040FDF7F2BF01230131276B204699
:107F20002363E160FFF766FC2763034650B12A46EE
:107F30005E212046FDF7E2FFE16805460B78452B00
:107F4000D3D1D9E7E16805460B78F8E770B5C26888
:107F5000002405460E461378442B24D0493B0B2BB6
:107F600007D8DFE803F0430606063F0606060606C6
:107F7000312B002221462846FFF740FA0446002C08
:107F800043D0EA681378452B40D0002EE3D0D5E9E2
:107F900008318B4239DAE96941F8234001332B6219
:107FA0001378442BDAD1537803F0DF03542BE0D15C
:107FB0005CBB2846FEF776FC0446E0E72CBB28466F
:107FC000FEF7A4FA0446DAE701212846FEF764FB2F
:107FD0000246D0B10378553B012BCBD9ACB904464E
:107FE000EA68B8E7531C1A46EB60B4E76CB101329B
:107FF0002846EA60FFF758FF034630B122460421C5
:108000002846FDF77BFF0446B9E70024204670BDF3
:10801000C268F0B5137885B004460D464E3B0C2B74
:1080200008D8DFE803F065070707072B07230707D2
:1080300007078C000022164631462046FFF7DEF97E
:10804000E36802461978492931D065B1002A00F069
:10805000B280D4E908318B4280F2AD80E069591CCE
:1080600040F823202162104605B0F0BD00221146E1
:10807000FFF7C4F90246002DE8D1F4E75378742BDA
:1080800000F09F80002600212046FEF705FB0246F7
:10809000002800F090800378553B012BCCD9002EAE
:1080A00040F08980E36819784929DCD110E0002884
:1080B00000F08180D4E9081081427CDAE06940F860
:1080C00021200131216219784939012900F2D78034
:1080D000013320460192E360FFF7E6FE019A034672
:1080E00004212046FDF70AFF0246002DAED1BAE773
:1080F000531CC3605378482B00F0B480012203A9BD
:10810000FFF72CFE0746002855D000212046FDF73A
:10811000F7FF064601212046FFF718FF38600028C8
:1081200049D016B1039B0396F360E3681A78452A99
:1081300041D10133039AE360002D87D193E7531CAB
:10814000C3605178472938D0A1F15401B1FA81F1C7
:10815000490991BB00F0CAF8064666B3E3681A788D
:10816000452A28D15A1CE2605A78732A00F092807E
:10817000642A45D000212046FFF74AFF0346002825
:1081800000F08680027802F0FD02482A0CD1327895
:10819000032A76D0324602212046FDF7AFFE024682
:1081A000002D7FF453AF5EE701902046FDF7C2FF3C
:1081B000019B0028EBD1002255E700F033F9064679
:1081C000CBE7911C4369C16081698B427EDA01690A
:1081D00003EB8306013343610023B00001EB860605
:1081E000C6E901330B543F4BF36003233361E36A69
:1081F0000333E3629378532B3FF445AF00221BE730
:108200009A1CE2609B785F2B62D06E2BD3D0204605
:10821000FDF712FF471CCED4E26813785F2BCAD15A
:10822000013200212046E260FFF7F2FE014620B154
:10823000037803F0FD03482B4CD1D4E905239A427F
:1082400026DA206902EB820C4FF0000E013200EBBF
:108250008C03C3E901EE6261492200F82C20C3E9D6
:10826000031794E7C16A0232002303AF0531C260ED
:108270001A46C1622121FDF741FE06464AE7002366
:108280002EE7326911782A2984D10021D16081E753
:1082900000237CE702332046E360FDF74BFF002814
:1082A00089D0D4E905239A42F2DA216902EB8203EC
:1082B00001329800626101EB83030022C3E90122CD
:1082C0000A54094ADA600E221A6160E700268EE736
:1082D0000027A5E701902046FDF72CFF0199002813
:1082E000ABD168E7E4270210D42702102DE9F04152
:1082F0000E4600210546FFF78BFE002861D004469C
:10830000F6B1AB68DB071BD423784F2BA3F11C011C
:10831000A3F1520247D044D8052944D9022B0CD1ED
:108320002369002B4DD01A784F2AA2F11C00A2F12C
:10833000520142D03FD805283FD92046BDE8F08100
:10834000EB681B78002BF8D0452BF6D023461A7823
:10835000042A3AD029D94F2A06D0A2F11C01A2F151
:10836000520242D8052902D8DB68002BEFD1002148
:108370002846FEF7F5FE074618B336B92378022BD8
:1083800003D103782A2B08BFC660EB681A78512AFC
:1083900033D03B46224628460321BDE8F041FDF795
:1083A000ADBD012AC9D8E468AEE7022ADFD11B6956
:1083B000002BCCD1DBE70129BFD8DB682361002B80
:1083C000B1D100242046BDE8F081DA685AB11378B3
:1083D000082B03F1FF310BD8062BC8D8012902D88E
:1083E0001269002AF3D10121C2E7012ABCD9BEE7F4
:1083F000B3F1360118BF0121BAE7013301222E6B18
:108400002846EB602A63FFF7F5F92E63034630B187
:108410003A465E212846FDF771FD0746B9E7074653
:10842000B7E700BFC16AC36801F114022DE9F04348
:1084300083B0C2621A780446542A29D0472A23D12D
:108440005A1CC2605A78FAB19A1CC2605A78562AED
:1084500000F2E980402A17D9413A152A14D8DFE8FA
:1084600002F0D2131313131313130B131313131359
:10847000131313B4139D1391002501A90195FEF761
:10848000E1F9002840F02081002003B0BDE8F0832E
:108490005A1CC2605A78002AF6D09A1CC2605B78D7
:1084A000413B352BF0D801A252F823F0238701106D
:1084B00089840110FD8701108984011089840110CD
:1084C000F187011089840110318801102F87011074
:1084D0003B8701108984011089840110898401106F
:1084E0008984011089840110898401108984011014
:1084F0008984011047870110538701108984011076
:108500006387011073870110898401108984011029
:1085100089840110898401108984011089840110E3
:1085200089840110898401108984011089840110D3
:1085300089840110818701108984011089840110C8
:108540008984011089840110C18701108984011078
:1085500089840110898401108984011089840110A3
:108560008984011089840110898401108984011093
:108570008984011089840110898401108984011083
:10858000EF8601100021FFF743FD0023024613216F
:10859000204603B0BDE8F043FDF7B0BC9A78002A4E
:1085A00000F09D80DA1CC2609A78DB786E2A00F0B9
:1085B0006581472B02D0542B40F091802046FFF775
:1085C00031FF024600234B21E2E70021FFF720FDA7
:1085D0000646D4E90512914280F28780226901EBB8
:1085E00081000023013102EB8005C5E901334423FA
:1085F000616102F820302046FDF71EFDE8602B4641
:1086000032461621C4E79978472964D0A1F1540174
:10861000B1FA81F1490900295DD1FFF767FE0246F1
:1086200000231721B4E7722A7FF42EAFFDF704FD73
:1086300001287FF729AFE3681A78002A3FF424AFB6
:108640005E1CE6601B785F2B7FF41EAF0027451E83
:108650004FF04309B8463378002B3FF415AF242B75
:1086600040F0ED807378532B00F002815F2B00F017
:108670000181242B7FF408AF1A46E668D4E905137C
:108680000236994280F2F880206901EB810C023DAC
:10869000013100EB8C03C3E90188616100F82C9083
:1086A000DA60E660002F00F0E1803A464221204681
:1086B000FDF724FC074600283FF4E6AE002DCADC97
:1086C00000233A46412163E7019A002A3FF4DCAED9
:1086D0002B4658215CE7FFF7A5FE0246A0E70021E4
:1086E0002046FFF703FE02466CE7002587E7762168
:1086F000FDF7DAFC00283FF4C7AEE36820461B789C
:10870000472B00F0CD80A3F15401B1FA81F1490962
:10871000002940F0C580FFF7E9FD02460023102143
:1087200036E700F047F900230246312130E7FEF733
:10873000B9F8002302460C212AE7FEF7B3F800231C
:108740000246122124E7FEF7ADF8002302460D2170
:108750001EE70A31C162FEF7A5F8002302460A218E
:1087600016E70F31C162FEF79DF80023024609218A
:108770000EE70021FFF74CFC00230246152107E716
:108780000021FDF791FC00283FF47EAE0021204639
:10879000FDF78AFC00283FF477AEE36820461B789B
:1087A000472B00F08580A3F15401B1FA81F149090A
:1087B00000297DD1FFF79AFD024600231121E7E64B
:1087C0006821FDF771FC00283FF45EAEE3682046A7
:1087D0001B78472B60D0A3F15401B1FA81F149090C
:1087E000002959D1FFF782FD024600230F21CFE671
:1087F000FEF758F8002302460E21C9E6FEF752F8AC
:1088000005462046FDF718FC0028FFF63DAEE3685C
:108810001A785F2A7FF438AE01332046E360FEF712
:1088200041F8E66A02462B4605360B21E662AFE6C2
:108830000021FFF7EDFB002302461421A8E6711E7C
:10884000002211F8013F23B1242B02D00132AA42A9
:10885000F7D131462046FDF7CDFBE668AD1A034659
:108860001644E66000287FF41DAF0DE61F4625E79D
:108870002F2202E72E2200E7E66005E6472B13D001
:10888000A3F15401B1FA81F1490969B9FFF72EFD4D
:10889000024600234C217BE6FFF7C4FD0246A4E715
:1088A000FFF7C0FD024639E7FFF7BCFD0246F0E7DF
:1088B000FFF7B8FD024680E7C268F8B513784C2B85
:1088C0001ED1531C0446C36051785F294AD05A29EF
:1088D00019D0FDF7E7FF054690B10378E668282B2D
:1088E00047D033786E2B28D03E27452B5BD03246BD
:1088F00003E0E2601378452B25D00132002BF8D13C
:1089000000252846F8BD5F292CD05A1C2046E2607D
:108910005978472941D0A1F15401B1FA81F14909AF
:1089200000293AD1FFF7E2FCE36805461A78452AA8
:10893000E6D101332846E360F8BD721C3F27E260B0
:1089400073781646D1E7921B31462046FDF752FB5D
:108950002A46034639462046FDF7D0FAE368054625
:108960001A78E4E7931CE36092785A2ACDD0002568
:10897000DDE7C3681A7C1AB1E26A5968521AE262EA
:1089800018680B4906F0DCFC33780028AAD1452B87
:108990000BD06E2BD1D03E27A9E7FFF743FDE3684C
:1089A00005461A78C3E70022CEE70136E660A8E75D
:1089B000E827021038B5C3681A784C2A1BD0044641
:1089C00008D8493A012A1AD80133C360BDE83840B3
:1089D000FFF76ABA582A12D101330122056BC3602E
:1089E0000263FEF707FFE36825631A78452A0BD177
:1089F0000133E36038BDBDE83840FFF75DBF204676
:108A0000BDE83840FDF74EBF002038BD2DE9F04FDE
:108A1000044699B0002A00F08380D0F81871002F26
:108A200040F08180167815465F2E79D8DFE816F081
:108A300022054B014B01C00630096000790A0D0187
:108A4000840A45033F0330032A03F004A50473049A
:108A500041040F04DD03AB037903470A150AE30958
:108A6000AB09A300A300A300860086008600860051
:108A700086008600860086002A012A01860086007C
:108A80006A097E000403D007C2007800C2005A01C0
:108A90005A01FE08AB077207400778000E07A309CA
:108AA000B80B5A0B7800170B78007800DA00DA0060
:108AB00032085D0855088D0AA80ACA088F081B02EB
:108AC000B50178008301E901E50AFE0BC60B8600BB
:108AD0006B0CB905860086006F050F010F015A0562
:108AE0008106530621067E00EF0585024D02BB027A
:108AF000D668D0F82031721C934241F39887D0F8A1
:108B0000103131465B68DB68002E02F0DC801BB957
:108B100006E0002902F0D7801B690139002BF8D14B
:108B20000123C4F8183119B0BDE8F08FEA681121AB
:108B3000204619B0BDE8F04F02F090BDD0F81421E6
:108B400008ABCDE90825C0F814310022D0F8103167
:108B5000CDE90A23EA681121204602F07FFD0A9B35
:108B6000002B01F03B86089BC4F81431002FDAD0AB
:108B7000C4F81081D7E7D0F81411002902F0A284BC
:108B80000B469A683AB95A681278A2F1190002287D
:108B900004D89642CAD01B68002BF2D108AB002241
:108BA000C4F81431D4F81031CDE90815CDE90A2301
:108BB000EA68D0E70023D0F8142108A909950A93A0
:108BC000D0F81031C0F81411112108922A690B93C2
:108BD00002F044FD0A9B002B01F0C587089BC4F8F6
:108BE0001431A0E7D2681378282B41F05787D36857
:108BF0001F7C062F02F20F8027B12B691B78002BF8
:108C000002F04084D4F80011FF2902F00D824B1CC1
:108C1000C4F80031282320466354112184F804311C
:108C200002F01CFDD4F80011FF2902F0ED814B1C6D
:108C3000C4F800312923635484F804312B783F2B86
:108C400002F0DC81082F02F0CD812A696FE7D2683B
:108C5000002A01F02687112102F000FD2B78562B07
:108C600001F02287EB68002BEFD02E26D4F80011FC
:108C7000FF2902F096824B1CC4F80031665484F838
:108C80000461E2E7D268D0F820911378B9F1000FBF
:108C900003D1052B02F04C824F461046242B01F0E5
:108CA0006F879E42D4E9441C02F0AF80252B01F06F
:108CB0009C8508ABCDF820C00B91C4F8143100237B
:108CC00009950A9347E7D268112102F0C7FCD249FF
:108CD0002046FDF783FB2D692B78492B01F0488353
:108CE0002A4624E7D26812B1112102F0B7FC2B69A1
:108CF000002B3FF418AFD4F80011FD2902F2708068
:108D0000C6492046FDF76AFB2A6911212046D4F89E
:108D10002851D4F8006102F0A1FCD4F82831AB420C
:108D20007FF401AFD4F80031B3427FF4FCAE023BD4
:108D3000C4F80031F7E6BA4E4FF0000AD0F800113F
:108D40004FF0010906F10E0B09E04646591CB345E8
:108D5000C4F80011E75484F8047101F04684FF2937
:108D6000777806F101080B46EFD1204684F8FFA082
:108D7000D4E942329847D4F82831D845277003F116
:108D8000010384F80471C4F80091C4F8283101F09B
:108D90002C8416F8027F0123D8E7A24E4FF000087A
:108DA000D0F80011012706F1070B0AE05646591CBE
:108DB000B345C4F8001104F8039084F8049101F05D
:108DC0002385FF2996F8019006F1010A0B46EDD1A3
:108DD000204684F8FF80D4E942329847D4F82831FD
:108DE000DA4584F8009003F1010384F80491C4F893
:108DF0000071C4F8283102F07A8016F8029F01232E
:108E0000D5E7894E4FF0000AD0F800114FF0010964
:108E100006F1160B09E04646591CB345C4F800118B
:108E2000E75484F804713FF481AEFF29777806F1A6
:108E300001080B46EFD1204684F8FFA0D4E9423266
:108E40009847D4F82831C345277003F1010384F80B
:108E50000471C4F80091C4F828313FF467AE16F8E5
:108E6000027F0123D8E7714E4FF0000AD0F80011BD
:108E70004FF0010906F11C0B09E04646591CB345A9
:108E8000C4F80011E75484F804713FF44FAEFF2991
:108E9000777806F101080B46EFD1204684F8FFA051
:108EA000D4E942329847D4F82831C345277003F1FA
:108EB000010384F80471C4F80091C4F828313FF428
:108EC00035AE16F8027F0123D8E7DFF8688111215B
:108ED000D2684FF0000A02F0C1FB08F10A0BD4F887
:108EE00000114FF0010909E0B046591CC345C4F810
:108EF0000011E75484F804713FF4A7AE4646FF29F9
:108F00000B4616F8017BEFD1204684F8FFA008F14C
:108F10000208D4E942329847D4F82831B345277083
:108F200003F1010384F80471C4F80091C4F82831F6
:108F30003FF48BAE37780123D7E73D4F1121D2683C
:108F40004FF0000902F08AFB07F1030AD4F8001180
:108F50004FF0010809E02F46591CBA45C4F800112A
:108F6000E65484F804613FF4DEAD3D46FF290B462C
:108F700015F8016BEFD1204684F8FF900237D4E951
:108F800042329847D4F82831AA45267003F10103EC
:108F900084F80461C4F80081C4F828313FF4C3ADFB
:108FA0002E780123D8E7D268D2E90063002B01F0C4
:108FB00075833344D0F80011013E4FF0000A03F1ED
:108FC000FF3B4FF0010909E04646591CB345C4F880
:108FD0000011E75484F8047101F06083FF29777869
:108FE00006F101080B46EFD1204684F8FFA0D4E932
:108FF00042329847D4F82831C345C4F8009103F1B0
:109000000103277084F80471C4F8283101F0468305
:1090100016F8027F0123D8E708280210042802105E
:10902000632A0210572A02108F290210372A0210D1
:10903000042A0210AC2A0210D268CAB108ABD0F8D8
:1090400014110995C0F814310023089111210A93D5
:10905000D0F810310B9302F001FB089A0A9BC4F878
:109060001421002B7FF45FAD20212046FDF77AF913
:10907000D4F814312A461121204619B0BDE8F04F2A
:1090800002F0C4BEC249FDF7A9F91121EA684FE513
:10909000C049FDF7A3F9EA681121204602F0DEFA83
:1090A000BD492046FDF79AF911212A6940E5BB49DF
:1090B000FDF794F91121EA683AE5DFF800834FF0F3
:1090C000000AD0F800114FF0010908F10B0B09E07C
:1090D000B046591CC345C4F80011E75484F8047124
:1090E0003FF424AD4646FF290B4616F8017BEFD12D
:1090F000204684F8FFA008F10208D4E942329847DC
:10910000D4F82831B345277003F1010384F80471C2
:10911000C4F80091C4F828313FF408AD3778012332
:10912000D7E79F4E4FF0000AD0F800114FF0010929
:1091300006F1160B09E04646591CB345C4F8001168
:10914000E75484F804713FF4F1ACFF29777806F115
:1091500001080B46EFD1204684F8FFA0D4E9423243
:109160009847D4F82831C345277003F1010384F8E8
:109170000471C4F80091C4F828313FF4D7AC16F854
:10918000027F0123D8E7874E4FF0000AD0F8001184
:109190004FF0010906F1130B09E04646591CB3458F
:1091A000C4F80011E75484F804713FF4BFACFF2900
:1091B000777806F101080B46EFD1204684F8FFA02E
:1091C000D4E942329847D4F82831C345277003F1D7
:1091D000010384F80471C4F80091C4F828313FF405
:1091E000A5AC16F8027F0123D8E76F4E4FF0000AB6
:1091F000D0F800114FF0010906F10F0B09E04646C7
:10920000591CB345C4F80011E75484F804713FF4C5
:109210008DACFF29777806F101080B46EFD1204687
:1092200084F8FFA0D4E942329847D4F82831C345E6
:10923000277003F1010384F80471C4F80091C4F8A5
:1092400028313FF473AC16F8027F0123D8E7574E5C
:109250004FF0000AD0F800114FF0010906F11A0B87
:1092600009E04646591CB345C4F80011E75484F898
:1092700004713FF45BACFF29777806F101080B46D7
:10928000EFD1204684F8FFA0D4E942329847D4F8C1
:109290002831D845277003F1010384F80471C4F81C
:1092A0000091C4F828313FF441AC16F8027F012345
:1092B000D8E73F4E4FF0000AD0F800114FF00109F7
:1092C00006F1110B09E04646591CB345C4F80011DC
:1092D000E75484F804713FF429ACFF29777806F14C
:1092E00001080B46EFD1204684F8FFA0D4E94232B2
:1092F0009847D4F82831D845277003F1010384F842
:109300000471C4F80091C4F828313FF40FAC16F88A
:10931000027F0123D8E7274E4FF0000AD0F8001152
:109320004FF0010906F1150B09E04646591CB345FB
:10933000C4F80011E75484F804713FF4F7ABFF2937
:10934000777806F101080B46EFD1204684F8FFA09C
:10935000D4E942329847D4F82831D845277003F130
:10936000010384F80471C4F80091C4F828313FF473
:10937000DDAB16F8027F0123D8E70F4E4FF0000A4D
:10938000D0F800114FF0010906F1100B22E000BFE8
:109390009C28021078280210942802106C280210D1
:1093A0002B2902101729021007290210EB2802109E
:1093B000D7280210D3280210BF28021060280210FC
:1093C0004646591CB345C4F80011E75484F80471AB
:1093D0003FF4ACABFF29777806F101080B46EFD1DB
:1093E000204684F8FFA0D4E942329847D4F82831C7
:1093F000C345277003F1010384F80471C4F8009198
:10940000C4F828313FF492AB16F8027F0123D8E765
:10941000CD4E4FF0000AD0F800114FF0010906F1CF
:10942000120B09E04646591CB345C4F80011E75435
:1094300084F804713FF47AABFF29777806F10108CC
:109440000B46EFD1204684F8FFA0D4E9423298477A
:10945000D4F82831C345277003F1010384F804715F
:10946000C4F80091C4F828313FF460AB16F8027FCD
:109470000123D8E7D2E90353002B3FF454AB2B442C
:10948000D0F80011013D4FF0000903F1FF3A4FF011
:10949000010809E03D46591CAA45C4F80011E654EC
:1094A00084F804613FF43FABFF296E7805F10107B2
:1094B0000B46EFD1204684F8FF90D4E9423298471A
:1094C000D4F82831BA45C4F8008103F101032670AD
:1094D00084F80461C4F828313FF425AB15F8026F15
:1094E0000123D8E71121D26802F0B8F8D4F80011AE
:1094F000FF2901F025854A1C4023C4F8002120469D
:109500006354112184F804312A69FFF712BBD0F8A3
:109510000011FF2901F003854A1C5B234FF0000A6C
:10952000AB46C4F80021635484F80431DBF80C2006
:109530001121204602F092F8DBF810B0D4F80011A7
:10954000BBF1000F01F00181DFF81082012508F165
:10955000020908E0B046591CC145C4F80011E7549F
:1095600084F80471E2D04646FF290B4616F8017BC9
:10957000F0D1204684F8FFA008F10208D4E9423275
:109580009847D4F82831B145277003F1010384F8D6
:109590000471C4F80051C4F82831C7D037780123CA
:1095A000D9E76A4D1121D2684FF0000902F056F850
:1095B00005F1080AD4F800114FF0010809E03D4612
:1095C000591CAA45C4F80011E65484F804613FF41C
:1095D000AAAAFF296E7805F101070B46EFD12046B4
:1095E00084F8FF90D4E942329847D4F82831BA453C
:1095F000267003F1010384F80461C4F80081C4F803
:1096000028313FF490AA15F8026F0123D8E7504E95
:109610004FF0000AD0F800114FF0010906F1080BD5
:1096200009E04646591CB345C4F80011E75484F8D4
:10963000047101F09C80FF29777806F101080B4640
:10964000EFD1204684F8FFA0D4E942329847D4F8FD
:109650002831C345277003F1010384F80471C4F86D
:109660000091C4F8283101F0828016F8027F0123AE
:10967000D8E7384D4FF00009D0F800114FF001083D
:1096800005F1080A09E03D46591CAA45C4F8001135
:10969000E65484F804613FF446AAFF296E7805F188
:1096A00001070B46EFD1204684F8FF90D4E94232FF
:1096B0009847D4F82831BA45267003F1010384F89D
:1096C0000461C4F80081C4F828313FF42CAA15F8CD
:1096D000026F0123D8E7D0F80011FF2901F042847E
:1096E0004A1C3C23C4F80021635484F80431EE681A
:1096F0008EB10025B346A9462F46002F40F07D8647
:109700005A4611212046013701F0A8FFDBF810B0BE
:10971000BBF1000FF1D1D4F80011FF2901F0AE83A5
:109720004A1C3E23C4F80021635484F80431FFF737
:10973000FAB9094E4FF0000AD0F800114FF00109B4
:1097400006F1170B16E000BFAB2802107F2A0210AB
:10975000972A02108B2A02104728021004280210B0
:109760004646591CB345C4F80011E75484F8047107
:109770003FF4DCA9FF29777806F101080B46EFD109
:10978000204684F8FFA0D4E942329847D4F8283123
:10979000D845277003F1010384F80471C4F80091DF
:1097A000C4F828313FF4C2A916F8027F0123D8E794
:1097B0000022D5F80C80D0F81491C0F81421B8F12B
:1097C000000F3FF4ADA908ABD0F810119446104635
:1097D000474601939E460CF10106C3E90027C3E901
:1097E00002013A784F2AA2F11C08A2F1520201F0BC
:1097F000C68001F2C180B8F1050F41F2C080C4F803
:109800001431B8463B78022B01F01F84042B01F081
:1098100057842A691121204601F020FF98F8003072
:10982000042B02D1069BC4F81031019F4FF0200891
:1098300007EB061555F8086C002E01F08080103DEE
:10984000AF42F7D1C4F81491FFF76DB9C54E4FF090
:10985000000AD0F800114FF0010906F1090B09E0E8
:109860004646591CB345C4F80011E75484F8047106
:1098700000F06186FF29777806F101080B46EFD1E9
:10988000204684F8FFA0D4E942329847D4F8283122
:10989000C345277003F1010384F80471C4F80091F3
:1098A000C4F8283100F0478616F8027F0123D8E774
:1098B000AC4E4FF0000AD0F800114FF0010906F14C
:1098C000090B09E04646591CB345C4F80011E7549A
:1098D00084F804713FF4B9A9FF29777806F10108EB
:1098E0000B46EFD1204684F8FFA0D4E942329847D6
:1098F000D4F82831C345277003F1010384F80471BB
:10990000C4F80091C4F828313FF49FA916F8027FEB
:109910000123D8E7D7684FF0000A934D4FF00109B3
:10992000BE68D0F8001105F10808019606460AE065
:109930002546591CA845C6F8001106F803B086F85C
:1099400004B100F01186FF2995F801B005F101047A
:109950000B46EDD1304686F8FFA0D6E94232984753
:10996000D6F82831A04586F800B003F1010386F847
:1099700004B1C6F80091C6F8283100F0F58515F855
:1099800002BF0123D5E7D2E9032512B1112101F06D
:1099900065FED4F80011FF2901F012834A1C7B23D5
:1099A000C4F8002120462A466354112184F804316A
:1099B00001F054FED4F80011FF2900F05F864A1C24
:1099C0007D23C4F80021635484F80431FFF7ABB859
:1099D0000023D0F814A108AA09950A93D146D0F81B
:1099E00010310192CDF820A0C0F814210B93BAF1E8
:1099F000000F01F0A2854FF001085646DDF804C0C3
:109A00001746C6461AE0B368B3B9B8F1030F3FF67C
:109A100087A818AB03EB081B96E80F00ABF1400AD0
:109A20008AE80F004BF8407C0CEB081708F101089E
:109A3000C4F81471C6F808E0366826B173681B785C
:109A4000193B022BDFD92A691121204601F006FEBD
:109A50000A9BC4F81491002B7FF465A8B8F1010F9C
:109A60000FD9019B03EB081708F1FF3857F80C2CAE
:109A70001121204601F020FEB8F1010FA7F11007D7
:109A8000F2D1D4F814312A461121204602F04CFCC0
:109A9000FFF749B81121D26801F0E0FDD4F80011B8
:109AA000FF2901F07B824A1C2823C4F800212046AC
:109AB0006354112184F804312A6901F0CFFDD4F8F0
:109AC0000011FF2900F027854A1C2923C4F8002132
:109AD000635484F80431FFF726B8D268112101F0ED
:109AE000BDFD11212A69FFF723B8204E4FF0000A6F
:109AF000D0F800114FF0010906F10E0B09E04646BF
:109B0000591CB345C4F80011E75484F804713FF4BC
:109B10000DA8FF29777806F101080B46EFD1204602
:109B200084F8FFA0D4E942329847D4F82831D845C8
:109B3000277003F1010384F80471C4F80091C4F89C
:109B400028313EF4F3AF16F8027F0123D8E7084E20
:109B50004FF0000AD0F800114FF0010906F11D0B7B
:109B600012E000BFB3290210A7290210E729021052
:109B7000172A02104646591CB345C4F80011E75491
:109B800084F804713EF4D2AFFF29777806F101081A
:109B90000B46EFD1204684F8FFA0D4E94232984723
:109BA000D4F82831C345277003F1010384F8047108
:109BB000C4F80091C4F828313EF4B8AF16F8027F1B
:109BC0000123D8E7DFF8B4834FF0000AD0F8001182
:109BD0004FF0010908F10A0B09E0B046591CC345D2
:109BE000C4F80011E75484F8047100F08A844646F2
:109BF000FF290B4616F8017BEFD1204684F8FFA021
:109C000008F10208D4E942329847D4F82831B34524
:109C1000277003F1010384F80471C4F80091C4F8BB
:109C2000283100F06E8437780123D7E7CE4E4FF00D
:109C3000000AD0F800114FF0010906F11E0B09E0EF
:109C40004646591CB345C4F80011E75484F8047122
:109C50003EF46CAFFF29777806F101080B46EFD18F
:109C6000204684F8FFA0D4E942329847D4F828313E
:109C7000C345277003F1010384F80471C4F800910F
:109C8000C4F828313EF452AF16F8027F0123D8E71A
:109C90000023D0F81481D0F848711121C4F848216C
:109CA000C0F81431D26801F0D9FC94F804313C2B8F
:109CB00001F0DE80D4F80011FF2901F0C9804B1CAF
:109CC000C4F800313C2320466354112184F8043148
:109CD0002A6901F0C3FC94F804313E2B01F0B280F4
:109CE000D4F80011FF2901F09D804B1CC4F800310D
:109CF0003E23635484F80431C4F81481C4F84871D5
:109D0000FEF711BFD268D2E90053002B3EF40BAF2F
:109D10002B44D0F80011013D4FF0000903F1FF3A48
:109D20004FF0010809E03D46591CAA45C4F800114E
:109D3000E65484F804613EF4F6AEFF296E7805F12E
:109D400001070B46EFD1204684F8FF90D4E9423258
:109D50009847D4F82831BA45C4F8008103F10103CB
:109D6000267084F80461C4F828313EF4DCAE15F89E
:109D7000026F0123D8E7D2681121204619B0BDE84F
:109D8000F04F02F0BBBBD2E90353002B3EF4CBAE45
:109D90002B44D0F80011013D4FF0000903F1FF3AC8
:109DA0004FF0010809E03D46591CAA45C4F80011CE
:109DB000E65484F804613EF4B6AEFF296E7805F1EE
:109DC00001070B46EFD1204684F8FF90D4E94232D8
:109DD0009847D4F82831BA45C4F8008103F101034B
:109DE000267084F80461C4F828313EF49CAE15F85E
:109DF000026F0123D8E75D4E4FF0000AD0F8001142
:109E00004FF0010906F1110B09E04646591CB34514
:109E1000C4F80011E75484F804713EF487AEFF29BA
:109E2000777806F101080B46EFD1204684F8FFA0B1
:109E3000D4E942329847D4F82831C345277003F15A
:109E4000010384F80471C4F80091C4F828313EF489
:109E50006DAE16F8027F0123D8E7454E4FF0000A99
:109E6000D0F800114FF0010906F1150B09E0464644
:109E7000591CB345C4F80011E75484F8047100F08C
:109E80000783FF29777806F101080B46EFD12046BA
:109E900084F8FFA0D4E942329847D4F82831C3456A
:109EA000277003F1010384F80471C4F80091C4F829
:109EB000283100F0ED8216F8027F0123D8E72D4EFD
:109EC0004FF0000AD0F800114FF0010906F1190B0C
:109ED00009E04646591CB345C4F80011E75484F81C
:109EE00004713EF423AEFF29777806F101080B4692
:109EF000EFD1204684F8FFA0D4E942329847D4F845
:109F00002831C345277003F1010384F80471C4F8B4
:109F10000091C4F828313EF409AE16F8027F0123FF
:109F2000D8E7D568002D40F03A851349204619B08E
:109F3000BDE8F04FFCF752BAD0F80011FF2900F04D
:109F4000B5874A1C7E23FFF7D8BAD0F80011157BDD
:109F5000FF2900F0E9834B1CC4F80031655484F8F4
:109F60000451FEF7E0BD00BF272802107729021038
:109F70005F29021043290210082A0210F829021052
:109F8000D26808A8C249F8F7AFF808A805F0CAFBDC
:109F900000283EF4C8AD08AED4F800114FF0000917
:109FA0004FF0010806EB000A09E02E46591CB245A5
:109FB000C4F80011E75484F804713EF4B4AD35469A
:109FC000FF290B4615F8017BEFD1204684F8FF905E
:109FD0000236D4E942329847D4F8283155452770E3
:109FE00003F1010384F80471C4F80081C4F8283136
:109FF0003EF499AD2F780123D8E7A64E4FF0000A22
:10A00000D0F800114FF0010906F11A0B09E046469D
:10A01000591CB345C4F80011E75484F804713EF4A8
:10A0200085ADFF29777806F101080B46EFD1204670
:10A0300084F8FFA0D4E942329847D4F82831D845B3
:10A04000277003F1010384F80471C4F80091C4F887
:10A0500028313EF46BAD16F8027F0123D8E713696F
:10A060001A783C2A7EF45CAD1B691B783D2B7EF48C
:10A0700057AD2A46112102F0B9FC00287EF453ADF9
:10A080002A461121204602F0F7FD00287EF44BAD50
:10A090008149D5E90383D8F80C20D3E9036310681C
:10A0A000D3E9037505F04CF9002841F06F82324680
:10A0B0001121204602F010FC42461121204602F0F8
:10A0C0001DFA112120463A4602F006FC734920464B
:10A0D000FCF784F92A461121204619B0BDE8F04F5B
:10A0E00002F0FABB13691B783A2B7EF419ADD268E3
:10A0F000D3681B685978632900F0F6872A46112136
:10A10000204602F073FC00287EF40DAD2A46112192
:10A11000204602F0B1FD00287EF405ADEB681A7808
:10A12000332A01F0F981DB685D49186805F008F908
:10A130002B69DA6818B91378032B01F01982112101
:10A14000204602F0C9FBEE685649F3681F6838469E
:10A1500005F0F6F8002801F0C1815149384605F0B4
:10A16000EFF8002841F0FD812B69112120461A6982
:10A1700002F0B2FBEB681A78332A7EF4D4ACDB68C9
:10A180009A68012A7EF4CFAC5B681B783E2B7EF484
:10A19000CAAC2921204619B0BDE8F04FFCF7E2B85F
:10A1A000D2E903653378332B00F09284352B00F02D
:10A1B00003853246112102F0A1F98BE7DFF8EC802C
:10A1C0001121D2684FF0000A01F048FA08F1050B9E
:10A1D000D4F800114FF0010909E0B046591CC345FD
:10A1E000C4F80011E75484F8047100F03B8146463E
:10A1F000FF290B4616F8017BEFD1204684F8FFA01B
:10A2000008F10208D4E942329847D4F828315E4573
:10A21000277003F1010384F80471C4F80091C4F8B5
:10A22000283100F01F8137780123D7E7D0F820814B
:10A23000D568B8F1000F40F097832946FCF708F97C
:10A24000002800F0918347460378302B40F0C38507
:10A25000C368002B00F0BF85006901370028F3D1E7
:10A2600046464FF00009A046C8F8246101362A4648
:10A270001121404601F0F2F9BE423EF454AC0A4CC2
:10A28000D8F80011019504F1020B4546A04619E0EB
:10A29000B82202108B290210CC290210D0290210FA
:10A2A000C4290210C829021004280210FC27021039
:10A2B000D046591CC345C5F80011EC5485F804413B
:10A2C00000F0E380C246FF290B461AF8014BEFD19C
:10A2D000284685F8FF9008F10208D5E942329847F0
:10A2E000D5F82831D3452C7003F1010385F80441DA
:10A2F000C5F828314FF00103C5F8003100F0C580E2
:10A300009AF80040D5E7C34E1121D2684FF0000AF9
:10A3100001F0A4F906F1080BD4F800114FF001097F
:10A3200009E04646591CB345C4F80011E75484F8C7
:10A33000047100F09780FF29777806F101080B4639
:10A34000EFD1204684F8FFA0D4E942329847D4F8F0
:10A350002831C345277003F1010384F80471C4F860
:10A360000091C4F828317DD016F8027F0123D9E787
:10A37000A9492046FCF732F82A69A84908A8013201
:10A38000F7F7B2FE08A805F0CDF98246002800F0E4
:10A39000858508AED4F800114FF000094FF0010890
:10A3A000B2440AE03E46591CB245C4F8001104F814
:10A3B00003B084F804B100F071853746FF290B46DD
:10A3C00017F801BBEED1204684F8FF900236D4E99D
:10A3D00042329847D4F82831BA4584F800B003F1E6
:10A3E000010384F804B1C4F80081C4F8283100F0F6
:10A3F000558597F800B00123D5E7894D0126D4F89B
:10A400000011019705F1020A27462C4608E0444650
:10A41000591CA245C7F80011FD5487F804511DD0FE
:10A42000A046FF290B4618F8015BF0D1384687F8A3
:10A43000FF900234D7E942329847D7F82831C24515
:10A440003D7003F1010387F80451C7F80061C7F8B4
:10A45000283103D098F800500123D9E73C46019FEA
:10A46000FFF74EB911212A69204601F0F7F8D4F818
:10A470000011FF2900F027834A1C5D23C4F8002146
:10A48000635484F80431FEF74EBBA846019DEBE609
:10A49000DFF8908111212A69204601F0DFF808F1E8
:10A4A000050BD4F800114FF0000A4FF0010909E044
:10A4B000B046591CC345C4F80011E75484F8047130
:10A4C0003EF434AB4646FF290B4616F8017BEFD12C
:10A4D000204684F8FFA008F10208D4E942329847E8
:10A4E000D4F82831B345277003F1010384F80471CF
:10A4F000C4F80091C4F828313EF418AB3778012332
:10A50000D7E71121EA68204601F0A8F8D4F8001135
:10A51000FF297FF4D9AA00252046D4E9423284F8E5
:10A52000FF509847D4F82831012229461344C4F833
:10A530002831FFF7CABAD4F84831EA6833B1D4F801
:10A54000100108A9CDE90803C4F810111121204613
:10A5500001F084F8D4F84831002B3EF4E4AA089BBB
:10A56000C4F81031FEF7DFBA7D683446019E2B78BF
:10A57000613B192B40F2FE82771EEB5D202B18BF4A
:10A580003746002F3EF4CFAA013DD4F800114FF01A
:10A5900000094FF001082F4409E05546591CAF420D
:10A5A000C4F80011E65484F804613EF4BCAAFF2903
:10A5B0006E7805F1010A0B46EFD1204684F8FF9032
:10A5C000D4E942329847D4F828315745C4F800817D
:10A5D00003F10103267084F80461C4F828313EF4C5
:10A5E000A2AA15F8026F0123D8E7EA6808A80B4968
:10A5F0000132F7F779FD08A805F094F8D4F80011B6
:10A60000C8B308AE4FF000094FF0010806EB000A8E
:10A6100013E000BF732A02100C280210B8220210A7
:10A6200004280210582902102E46591CB245C4F8BD
:10A630000011E75484F804711DD03546FF290B46FC
:10A6400015F8017BF0D1204684F8FF900236D4E95A
:10A6500042329847D4F828315545277003F1010359
:10A6600084F80471C4F80081C4F8283100F02D8208
:10A670002F780123D9E7FF297FF4A1A900252046DF
:10A68000D4E9423284F8FF509847D4F828310122A7
:10A6900029461344C4F82831FFF792B9B5F91020C0
:10A6A00008A8CA49F7F720FD08A805F03BF890B3C1
:10A6B00008AFD4F800114FF0000A4FF0010907EB82
:10A6C000000B09E03746591CBB45C4F8001104F8DB
:10A6D000038084F804811ED03E46FF290B4616F8FD
:10A6E000018BEFD1204684F8FFA00237D4E9423233
:10A6F0009847D4F82831B34584F8008003F101036A
:10A7000084F80481C4F80091C4F8283103D096F885
:10A7100000800123D7E7AD7C002D3EF404AAD4F8D5
:10A720000011FF297FF417AC0026D4F80831D4F8C3
:10A730000C21204684F8FF609847D4F82821012393
:10A7400031461A44C4F8282106E4FF295D467FF407
:10A7500093AE204684F8FF50D4E942329847D4F8AB
:10A760002831012229461344C4F8283185E6984F40
:10A770001121EA68204600F071FF4FF00009D4F87B
:10A78000001107F1060A4FF0010809E02F46591C95
:10A79000BA45C4F80011E65484F804613EF4C3A934
:10A7A0003D46FF290B4615F8016BEFD1204684F892
:10A7B000FF900237D4E942329847D4F82831AA45AD
:10A7C000267003F1010384F80461C4F80081C4F821
:10A7D00028313EF4A8A92E780123D8E72A46112172
:10A7E000204600F069FFFEF7BEB908ABC268CDF89D
:10A7F00020C0C4F8143100230B9109950A93002A54
:10A800007EF4A9A9FEF7D4B90023EE68D4F820910C
:10A810000793C4F82031D4F81031069306ABC4F87E
:10A8200010311EB13378592B00F0CB8408AA0123D4
:10A830000192FF29C4F8203100F049834B1CC4F871
:10A8400000312823324620466354112184F8043114
:10A850004FF0000A00F002FFDFF88081069BC4F889
:10A86000209108F1020BD4F800114FF00109C4F84F
:10A87000103108E0B046591CC345C4F80011E75434
:10A8800084F804711DD04646FF290B4616F8017B5B
:10A89000F0D1204684F8FFA008F10208D4E9423242
:10A8A0009847D4F828315E45277003F1010384F8F6
:10A8B0000471C4F80091C4F8283102D0377801231C
:10A8C000D9E7019F2A69414938460132F7F70CFC64
:10A8D000384604F027FFD4F8001100283FF4CBAE2F
:10A8E0004FF0000907EB000A4FF0010809E02F467E
:10A8F000591CBA45C4F80011E65484F804613FF4C9
:10A90000BAAE3D46FF290B4615F8016BEFD1204644
:10A9100084F8FF900237D4E942329847D4F82831BE
:10A920005545267003F1010384F80461C4F80081E1
:10A93000C4F8283100F0C9802E780123D8E7D4F874
:10A940000011FF2901F1010300F01C85C4F800315A
:10A95000204604F80180112155F80C2C84F804815C
:10A9600000F0AAFEFEF76BBF11212A46204601F037
:10A97000B3FF1849FFF7DABA012A3EF640AFFF6885
:10A980007246002F00F04886042E03F11003B446EF
:10A990007EF420AF0123C4E945E3FEF7C4B80E49B5
:10A9A000FBF71CFD09492A4608A8F7F79DFB08A8F4
:10A9B00004F0B8FED4F80011002878D008AE4FF0AB
:10A9C00000094FF0010806EB000A12E0B82202105D
:10A9D000A42A0210042A0210102A0210602A02106F
:10A9E0002E46591CB245C4F80011E75484F804718E
:10A9F0005DD03546FF290B4615F8017BF0D1204686
:10AA000084F8FF900236D4E942329847D4F82831CE
:10AA1000AA45277003F1010384F80471C4F800818A
:10AA2000C4F8283100F0BF842F780123D9E7002B28
:10AA300000F0D080DFF860854FF0000AD0F80011F8
:10AA40004FF0010908F1050B09E0B046591CC34558
:10AA5000C4F80011E75484F8047100F0F68046460B
:10AA6000FF290B4616F8017BEFD1204684F8FFA0A2
:10AA700008F10208D4E942329847D4F82831B345A6
:10AA8000277003F1010384F80471C4F80091C4F83D
:10AA9000283100F0DA8037780123D7E70027FEF766
:10AAA000B1B8562E7EF4D1A83A26FEF7DFB8FF29BA
:10AAB00000F0A8847D234A1CC4F80021635484F864
:10AAC0000431FEF730B8002543E60121FEF777BFD9
:10AAD000F3681F683B78B3F1610203D17A78643A76
:10AAE00008BFBA78297812B9032900F0BC843A2942
:10AAF00000F02F85732B14D17A785A2A40F05684AF
:10AB0000BA78002A40F0528429462046FBF7A0FC80
:10AB1000FBF7B0FB0146204619B0BDE8F04FFBF74C
:10AB200023BD32461121204601F0E8FC3B78672B1B
:10AB300006D17A78732A03D1BA78002A3EF4D0A8D5
:10AB4000732B2DD17A78742A2AD1BA7842BB282166
:10AB50002046FBF707FC11212A46204600F07EFD27
:10AB60002921FFF717BB2A461121204600F0A4FD3A
:10AB7000FEF734B820212046FBF7F4FB7D68FBE4A8
:10AB8000D4F810310546C2680B93D4F814310990FB
:10AB9000089308ABC4F8143100230A93FDF7DBBF18
:10ABA0006E2B7FF497AA7B78782B7FF493AABB78DF
:10ABB000002BCCD0FFF78EBA2821FBF7D3FB204621
:10ABC0001121F26800F04AFD29212046FBF7CAFB5B
:10ABD000FFF780BA2946FBF7E7FB024600283DF461
:10ABE0009FAF0378302B09D1D4F82411002905DB5D
:10ABF000FBF750FB024600283DF492AFD4F8105109
:10AC0000112120462B68C4F8103100F027FDC4F84C
:10AC10001051FDF788BF072F7DF4F4AF2B69197829
:10AC200000297DF4EFAF196901297DF4EBAF3E2EC9
:10AC30007DF4E8AFDB681B78302B00F00185312B09
:10AC40007DF4E0AFD049FFF771B9EA6808A8CF49B1
:10AC50000132F7F749FA08A804F064FD824600289B
:10AC60003DF461AF08AED4F800114FF000094FF089
:10AC70000108B24409E02E46591CB245C4F800113F
:10AC8000E75484F804713DF44EAF3546FF290B4676
:10AC900015F8017BEFD1204684F8FF900236D4E905
:10ACA00042329847D4F82831AA45277003F10103AE
:10ACB00084F80471C4F80081C4F828313DF433AF3E
:10ACC0002F780123D8E7002B3DF42AAF1A785D2AAC
:10ACD00004D1DB68002B3DF423AF1A785A3A022ADC
:10ACE0003FD90123C4F818313246A84908A8F7F71C
:10ACF000FBF908A804F016FD00283DF414AF08AED7
:10AD0000D4F800114FF000094FF0010806EB000ADB
:10AD100009E02E46591CB245C4F80011E75484F8E6
:10AD200004713DF400AF3546FF290B4615F8017B51
:10AD3000EFD1204684F8FF900236D4E9423298479A
:10AD4000D4F82831AA45277003F1010384F804716F
:10AD5000C4F80081C4F828313DF4E5AE2F78012312
:10AD6000D8E78B4B53F82250284604F0DBFC002830
:10AD7000BAD0013DD4F800114FF0000A4FF001099C
:10AD80002F1809E05D46591CAF42C4F8001104F8C1
:10AD9000038084F80481A7D0FF2995F8018005F18C
:10ADA000010B0B46EED1204684F8FFA0D4E94232D5
:10ADB0009847D4F828315F45C4F8009103F10103A6
:10ADC00084F8008084F80481C4F828318CD015F808
:10ADD000028F0123D7E7002F7FF442AAFDF7A3BE1D
:10ADE000002620466654D4E942329847D4F82831E8
:10ADF000C4F800610133C4F82831FDF781BF302E5B
:10AE00004F46D4E9441C7DF454AF08ABC2680546F4
:10AE1000CDF820C0C4F8143100230B9109900A9397
:10AE2000FDF799BE00252046D4E9423284F8FF5050
:10AE30009847D4F8283129460133C4F82831012332
:10AE4000FEF754BF20212046FBF78CFAFEF748BFDF
:10AE500000262046D4E9423284F8FF609847D4F8AF
:10AE6000283131460133C4F828310123FEF728BFC9
:10AE700020212046FBF776FAFEF71CBF002520466E
:10AE8000D4E9423284F8FF509847D4F8283101229F
:10AE900029461344C4F82831FEF743BC3D492046F7
:10AEA000FBF79CFAED682A46FDF741BE0026D0F874
:10AEB0000831D0F80C2180F8FF609847D4F8283189
:10AEC000012231461344C4F82831FFF73BB84FF054
:10AED00000082046D4E9423284F8FF809847D4F82D
:10AEE000283141460133C4F828310123A7E4D4F8BE
:10AEF0001031EE68069306ABD4F82091CDF81C8093
:10AF0000C4F81031C4F820811EB13378592B00F0F9
:10AF1000588108AB0121C4F8207101938EE400260A
:10AF2000D0F80831D0F80C2180F8FF609847D4F8A9
:10AF30002831012231461344C4F82831FEF7EDBA16
:10AF40000026D4F80831D4F80C21204684F8FF609C
:10AF50009847D4F82831012231461344C4F82831E7
:10AF6000FEF7CABA0026D0F80831D0F80C2180F8D4
:10AF7000FF609847D4F82831012231461344C4F8C1
:10AF80002831FEF7AEBB00BF5C1C0210B8220210D5
:10AF9000CC4702101C280210202802100026D4F8EA
:10AFA0000831D4F80C21204684F8FF609847D4F883
:10AFB0002831012231461344C4F82831FEF774BD0C
:10AFC0000026D4F80831D4F80C21204684F8FF601C
:10AFD0009847D4F82831012231461344C4F8283167
:10AFE000FEF7DDBC5B212046FBF7BCF911212A6985
:10AFF000204600F033FB5D21FFF7CCB82D21204621
:10B00000FBF7B0F9FDF71EBE00262046D4E9423218
:10B0100084F8FF609847D4F8283131460133C4F8EA
:10B0200028310123FDF704BE00262046D4E9423230
:10B0300084F8FF609847D4F828313146EA68013334
:10B04000C4F828310123FDF7E3BDD8F8108098F843
:10B050000030492B00F0FF81019B8A4603EB0C1C5A
:10B06000674698F800304F2BA3F11C01A3F1520260
:10B0700007D004D8052904D95146FEF7C7BB012AD9
:10B08000FAD8042EBE4606F101063DF449AD07F19B
:10B09000100C4FF0000B97E80F008CE80F003F6199
:10B0A0006746CEF808B0CEF80480D8F80C80CEF809
:10B0B0000CA0C4F814C1B8F1000FD2D1FDF730BD17
:10B0C00006ABC4F81031D8F81030CDE906181A785C
:10B0D0005E2A7EF49EABDA68C8F810202A69DA602E
:10B0E0001A462B61FEF796BB1B78A3F1720101296A
:10B0F00003D9633B012B3FF601A81121204601F043
:10B10000FDF93C212046FBF72DF92B691121204642
:10B11000DA6800F0A3FAC3492046FBF75FF92B6910
:10B12000112120461A6900F099FA2921FFF732B857
:10B13000D0F83471002F40F34282D0F830C14B4632
:10B14000604604E09F4200F1080000F038825CF89D
:10B15000331001338A42F5D1002800F03082D4F850
:10B160002C71002F00F066813B4607E09F4201D022
:10B17000A94206D05B68002B00F05C8119689142FF
:10B18000F4D1114620460192FBF70EF9019A0028EE
:10B190003DF4C6AC0378302B00F0B0814F46FDF78C
:10B1A0007DBD00272046D4E9423284F8FF709847DD
:10B1B000D4F8283139460133C4F828310123FDF78A
:10B1C0005BBD3C2120460796FBF7CCF808ABD6F8D0
:10B1D0000C800193B8F1000F74D04FF0000B47467C
:10B1E0000595CDE90369D4F820315A1CC4F8202113
:10B1F000002B40F0B3803A461121204600F02EFA91
:10B20000D4F80031FF2B00F0AE80591C2022C4F886
:10B210000011E25484F804213B785D2B01D1FF68D2
:10B220003B785A3BD4F820210291022B02F1FF38DF
:10B2300054D90123C4F81831019D42467A49284661
:10B24000F6F752FF284604F06DFAA8B3019B264694
:10B25000D4F800114FF0010903EB000A54469A4656
:10B2600009E0AA46591C5445C6F8001106F80380A7
:10B2700086F804811FD05546FF290B4615F8018B2F
:10B28000EFD1304686F8FFB00AF1020AD6E9423221
:10B290009847D6F82831A54286F8008003F10103CB
:10B2A00086F80481C6F80091C6F8283103D095F8D5
:10B2B00000800123D6E734463F69002F93D1059DD6
:10B2C000DDE903693E212046FBF74CF8D4F8203134
:10B2D00036690133D4F80011FFF7ABBA534A52F87C
:10B2E0002350284604F01EFA02990028A4D0013DFC
:10B2F00026464FF00109CDF8088005EB000A5446B8
:10B3000009E05546591CAC42C6F8001106F8038006
:10B3100086F804811ED0FF2995F8018005F1010A05
:10B320000B46EED1304686F8FFB0D6E94232984758
:10B33000D6F828315445C6F8009103F1010386F888
:10B34000008086F80481C6F8283103D015F8028FF2
:10B350000123D7E7DDF8088034466DE734492046FD
:10B36000FBF73CF847E71946204684F8FFB0D4E9DC
:10B3700042329847D4F8283101210133C4F82831EA
:10B38000002343E7D4F808312046D4F80C2184F890
:10B39000FF609847D4F8283131460133C4F828318A
:10B3A0000123FFF7D3BA0121FFF784BB732B7FF48E
:10B3B000B8AB7B78502B7FF4B4ABBB78002B7FF419
:10B3C000B0AB1E4603E001362D69002D57D02B7817
:10B3D000302B54D1EB68002B51D01A784D2AF2D182
:10B3E000D9682046FBF734F8024648B1002204E051
:10B3F000C16829B10069013210B101783029F7D054
:10B400001644E1E700252046D4E9423284F8FF5093
:10B410009847D4F8283129460133C4F82831FFF77A
:10B4200049BB00BFC0290210B8220210CC4702104D
:10B430000428021043681146D4F810812046C4F84D
:10B4400010310192FAF7B0FF002800F0ED804FF0C4
:10B450000109019A9EE6D8F80C80B8F1000F7FF43C
:10B46000FBADFDF75DBBEA68117801297FF442ABC3
:10B47000296909782A2908BF1546FFF73BBB3146E1
:10B48000FFF749BB3F2E00F0D380023F2A6911210C
:10B49000204600F0E3F8042F3DF645ABDFE807F067
:10B4A0000F0C090603006849FEF740BD6749FEF727
:10B4B0003DBD6749FEF73ABD6C21FEF76BBE7521B5
:10B4C000FEF768BE08AAD0F810310A91C0F814211E
:10B4D0000B93EA68CDE90815FDF73DBB20465B21DB
:10B4E000FAF740FF2B69204611211A6900F0B6F8DF
:10B4F0005D212046FAF736FFFEF73CBED4F8241152
:10B500000029FFF67CACFAF7C5FE002800F0888021
:10B510004F460378FDF7C2BBDA68916801297EF4D3
:10B5200002AE526812783E2A7EF4FDAD28212046F4
:10B53000FAF718FFEB68FEF7F6BD2A69112100F053
:10B540008DF80A9BC4F81491002B3EF49AAAFDF7DB
:10B55000EABAEA681121204601F0BEF93246FEF748
:10B560000BBC32461121204600F0C8FFFEF7FCBD9F
:10B5700013691B782A2B02D00123C4F81831D26832
:10B580001121204601F0A8F9FEF7DDBD3149204622
:10B59000FAF724FFF36843B111212046324601F047
:10B5A0009BF920212046FAF7DDFE3A46112120467C
:10B5B00000F054F8002D7EF48DADFDF7B4BAD4F848
:10B5C00038319F42BDF6ACAAD4F83031791CD4F89A
:10B5D00010C1C4F8341143F8372003EBC703043318
:10B5E000BCF1000F29D09646D4E9507010E0D4F891
:10B5F0003C11DCF8042001EBC7010137C4F84071AD
:10B600004A6019600B46DCF800C0BCF1000F13D093
:10B61000B842ECDCFDF784BAC4F81431FDF780BA07
:10B62000B9F1000F3DF47CAAC4F81081FDF778BA97
:10B630002D21FAF797FE28E7724600211960A0E550
:10B640000549FEF773BC00BFE4290210E02902108F
:10B65000DC290210D4290210641C021030B5054602
:10B6600083B01AB353681446012B1FDCD0F81C11A9
:10B67000B1F5806F1ADC0133013100925360D0F8CC
:10B680002C31C0F81C111121C5F82CD10193FDF704
:10B69000BDF96268D5F81C310199013A013BC5F842
:10B6A0002C116260C5F81C3103B030BD0123C5F810
:10B6B000183103B030BD00BF2DE9F84F137815469F
:10B6C0000446033B502B65D8DFE813F06A016400A1
:10B6D000640064006400640064006400640064004A
:10B6E000640064006400640064006400640064003A
:10B6F00064006400640064006A009A00CA006A0082
:10B700009A00CA00E6023D0162004A015D01FB00A9
:10B710007001A201D401640064006400640014029A
:10B72000640050026400640064006400640064000B
:10B7300064006400640064006400640064006400E9
:10B7400064006400640064006400640064006400D9
:10B7500064006400640064006400640064006400C9
:10B7600064006400840264006400B60209011121CF
:10B77000EA682046FFF772FFD4F80011FF2900F0B5
:10B78000AD824A1C2923C4F80021635484F8043193
:10B79000BDE8F88F2A461121BDE8F84FFFF75EBFDC
:10B7A000CD4D4FF00009D0F800114FF0010805F120
:10B7B000090A08E03D46591CAA45C4F80011E654A0
:10B7C00084F80461E4D0FF296E7805F101070B4687
:10B7D000F0D1204684F8FF90D4E942329847D4F85B
:10B7E0002831BA45267003F1010384F80461C4F8D6
:10B7F0000081C4F82831CBD015F8026F0123DAE7B5
:10B80000B64D4FF00009D0F800114FF0010805F1D6
:10B81000090A08E03D46591CAA45C4F80011E6543F
:10B8200084F80461B4D0FF296E7805F101070B4656
:10B83000F0D1204684F8FF90D4E942329847D4F8FA
:10B840002831BA45267003F1010384F80461C4F875
:10B850000081C4F828319BD015F8026F0123DAE784
:10B860009F4F4FF00009D0F800114FF0010807F189
:10B87000060A08E02F46591CBA45C4F80011E654E0
:10B8800084F8046184D03D46FF290B4615F8016B0E
:10B89000F0D1204684F8FF900237D4E9423298472D
:10B8A000D4F82831AA45267003F1010384F8046115
:10B8B000C4F80081C4F828313FF46AAF2E78012320
:10B8C000D9E7D0F80011FF2900F067824A1C26232F
:10B8D000C4F80021635484F80431BDE8F88FDFF820
:10B8E00010824FF0000AD0F800114FF0010908F162
:10B8F000060B09E0B046591CC345C4F80011E754D3
:10B9000084F8047100F0D4814646FF290B4616F8EE
:10B91000017BEFD1204684F8FFA008F10208D4E9AA
:10B9200042329847D4F828315E45277003F101036D
:10B9300084F80471C4F80091C4F8283100F027821B
:10B9400037780123D7E7D0F80031FF2B00F01082C1
:10B95000591C2022C4F80011E25484F8042127E085
:10B96000D0F80011FF2900F0F3814A1C2023C4F80D
:10B97000002120466354112184F804312A69BDE86E
:10B98000F84FFFF76BBED0F80011FF2900F0D2810D
:10B990004A1C2A23C4F80021635484F80431F7E6D2
:10B9A000EA681121BDE8F84FFFF758BED0F8001142
:10B9B0004C4F4FF000094FF0010807F1020A09E06F
:10B9C0002F46591CBA45C4F80011E65484F80461A6
:10B9D0003FF4DEAE3D46FF290B4615F8016BEFD173
:10B9E000204684F8FF900237D4E942329847D4F8D1
:10B9F0002831AA45267003F1010384F80461C4F8D4
:10BA00000081C4F828313FF4C3AE2E780123D8E773
:10BA1000354D4FF00009D0F800114FF0010805F145
:10BA2000090A09E03D46591CAA45C4F80011E6542C
:10BA300084F804613FF4ACAEFF296E7805F101078C
:10BA40000B46EFD1204684F8FF90D4E94232984764
:10BA5000D4F828315745267003F1010384F80461B6
:10BA6000C4F80081C4F828313FF492AE15F8026F93
:10BA70000123D8E71D4F4FF00009D0F800114FF017
:10BA8000010807F10B0A09E02F46591CBA45C4F812
:10BA90000011E65484F804613FF47AAE3D46FF2974
:10BAA0000B4615F8016BEFD1204684F8FF90023762
:10BAB000D4E942329847D4F82831AA45267003F1D8
:10BAC000010384F80461C4F80081C4F828313FF40C
:10BAD0005FAE2E780123D8E7B72A0210C32A0210DE
:10BAE000D02A0210002B0210032B0210102B021080
:10BAF000F82A021090F80431282B40F0FE80BF4F46
:10BB00001121EA682046FFF7A9FD4FF00009D4F89B
:10BB1000001107F1030A4FF0010809E02F46591CF4
:10BB2000BA45C4F80011E65484F804613FF430AE1D
:10BB30003D46FF290B4615F8016BEFD1204684F8EE
:10BB4000FF900237D4E942329847D4F82831AA4509
:10BB5000267003F1010384F80461C4F80081C4F87D
:10BB600028313FF415AE2E780123D8E7DFF898820C
:10BB70004FF0000AD0F800114FF0010908F10A0B4C
:10BB800009E0B046591CC345C4F80011E75484F8D5
:10BB900004713FF4ECAD4646FF290B4616F8017BD5
:10BBA000EFD1204684F8FFA008F10208D4E9423220
:10BBB0009847D4F828315E45277003F1010384F8D3
:10BBC0000471C4F80091C4F828313FF4D0AD37783F
:10BBD0000123D7E78A4D4FF00009D0F800114FF04C
:10BBE000010805F1110A09E03D46591CAA45C4F8AF
:10BBF0000011E65484F804613FF4CAADFF296E7861
:10BC000005F101070B46EFD1204684F8FF90D4E9F7
:10BC100042329847D4F82831BA45267003F101031F
:10BC200084F80461C4F80081C4F828313FF4B0AD51
:10BC300015F8026F0123D8E7724E4FF0000AD0F8D2
:10BC400000114FF0010906F1090B08E04646591CA6
:10BC5000B345C4F80011E75484F8047128D0FF29D3
:10BC6000777806F101080B46F0D1204684F8FFA052
:10BC7000D4E942329847D4F82831C345277003F1FC
:10BC8000010384F80471C4F80091C4F828317ED00F
:10BC900016F8027F0123DAE7D0F80031FF2B38D005
:10BCA0002022591CC0F80011C25480F804210AE671
:10BCB0002A69002A3FF46CADFF297DD0481C282357
:10BCC000C4F8000120466354112184F80431FFF7C1
:10BCD000C5FCD4F80011FF297FF453AD00252046A0
:10BCE000D4E9423284F8FF509847D4F82831012231
:10BCF00029461344C4F8283144E5D0F80011FF293F
:10BD00006CD04A1C2023C4F80021635484F8043109
:10BD1000F5E600201946D4E9425284F8FF00204697
:10BD2000A847D4F82831012120220B442270C4F8FE
:10BD30002831CBE50025D0E9423280F8FF50984702
:10BD4000D4F82831012229461344C4F8283120E6CA
:10BD50000026D0F80831D0F80C2180F8FF60984711
:10BD6000D4F82831012231461344C4F82831FDE5C6
:10BD700000251946D0E9426280F8FF50B047D4F858
:10BD8000282101212B460A44C4F82821E1E52A692B
:10BD9000002A3FF4FDAC012190E700252046D4E9BC
:10BDA000423284F8FF509847D4F8283101222946BE
:10BDB0001344C4F828318AE50026D4F80831D4F8B1
:10BDC0000C21204684F8FF609847D4F828310120E0
:10BDD0002A6931460344C4F8283170E70026D0F8B8
:10BDE0000831D0F80C2180F8FF609847D4F828314A
:10BDF000012231461344C4F8283183E71C2B02107A
:10BE0000D72A0210EB2A0210202B02102DE9F04F46
:10BE1000044683B090461D46002B00F01F811A4651
:10BE2000002601208E4F9368A3B953681B78193BF5
:10BE3000DBB2132B00FA03F109D839423FD111F4D8
:10BE4000E05F40F0B080082B08BF46F001061268A2
:10BE5000002AE8D10023D4F814912A461121C4F80D
:10BE60001431204600F000F9D4F80031FF2B4FD0F8
:10BE70002822591CC4F80011E25484F80421002E31
:10BE80005ED1D8F810201AB111212046FFF7E6FB49
:10BE9000D4F80011FF2900F09F804B1C2920C4F822
:10BEA00000312A4601236054112184F80401204600
:10BEB00000F0DAF8C4F8149103B0BDE8F08F94F8FC
:10BEC0000431202BD4F8001140F09580FF2974D064
:10BED0004B1CC4F80031002728232A46204663540F
:10BEE0001121D4F8149184F804313B46C4F814713C
:10BEF00000F0BAF8D4F80011FF2900F087804B1C3D
:10BF00002922FF2BC4F80031625484F80421AFD1F8
:10BF10004FF0000A1946204684F8FFA0D4E9427287
:10BF2000B847D4F82821534601210132C4F8001142
:10BF3000C4F828212822E25484F80421002EA0D03D
:10BF4000484F4FF0000B0195254607F1050A3C4686
:10BF500008E03446591CA245C5F80011EF5485F895
:10BF600004711DD02646FF290B4616F8017BF0D13F
:10BF7000284685F8FFB00234D5E9423298470123BC
:10BF8000B2452F70C5F80031D5F8283185F8047115
:10BF900003F10103C5F8283147D037780123D9E7E9
:10BFA0002C46019D6DE794F8043103F0FD02282A28
:10BFB00087D1D4F80011FF298AD100272046D4E97F
:10BFC000423284F8FF709847D4F82831394601335B
:10BFD000C4F8283101237CE700262046D4E9423208
:10BFE00084F8FF609847D4F8283131460133C4F80B
:10BFF0002831012352E7FF2920D04B1C2022C4F80E
:10C0000000316254194684F804215FE7D4E94232D2
:10C01000204684F8FF709847D4F828310133C4F8DB
:10C02000283129232370012322E7D8F810202C4639
:10C03000019D002A7FF428AF01212EE7002320462E
:10C0400084F8FF30D4E942329847D4F828310121EE
:10C050000133C4F828312023237039E71E46F9E65E
:10C06000076208002C2B0210002A00F0AF802DE997
:10C07000F04F054689B0144601271E46D5F8183101
:10C0800003BBA3680BBB6268137836B94F2B1CD077
:10C090001FD8A3F11C01052917D9E1682A2BD5F86F
:10C0A0001081A760C5F810111ED02B2B26D0022BB3
:10C0B0002ED011212846FFF7FFFA2468C5F8108119
:10C0C000002CDBD109B0BDE8F08F2468002CD5D15D
:10C0D000F8E7523B012BF8D90123D5F81081A36072
:10C0E000E368C5F81031E4E7236811212846FFF71B
:10C0F0008DFEC5F8108109B0BDE8F08F23681121CD
:10C10000284600F011F9C5F8108109B0BDE8F08F9C
:10C110004FF0000AD5F81471DFF800921121D268AF
:10C120002846C5F814A14646FFF798FA09F1020B14
:10C13000D5F80011C5F8147109E0B946591CCB4572
:10C14000C5F8001105F8038085F8048121D04F4619
:10C15000FF290B4617F8018BEFD1284685F8FFA081
:10C1600009F10209D5E94232984701235F4585F874
:10C170000080C5F80031D5F8283185F8048103F135
:10C180000103C5F8283103D097F800800123D5E7D3
:10C19000012163681C692378492B18D04F2BA3F128
:10C1A0005202A3F11C010ED00BD805290BD922464F
:10C1B00011212846FFF752FAC5F8106109B0BDE811
:10C1C000F08F012AF3D8E4682378E7E77047DFF8B7
:10C1D00050914FF0000A09F10D0B09E0B946591CC6
:10C1E000CB45C5F8001105F8038085F8048120D0FF
:10C1F0004F46FF290B4617F8018BEFD1284685F8EB
:10C20000FFA009F10209D5E9423298470123BB4555
:10C2100085F80080C5F80031D5F8283185F804810B
:10C2200003F10103C5F8283103D097F800800123FA
:10C23000D5E7226901A838490132F5F755FF01A871
:10C2400003F070FAD5F80011834688B30DF10408A5
:10C250004FF0000AC34409E0B846591CC345C5F86D
:10C26000001105F8039085F8049121D04746FF2975
:10C270000B4617F8019BEFD1284685F8FFA008F17F
:10C280000208D5E94232984701235F4585F80090BE
:10C29000C5F80031D5F8283185F8049103F1010380
:10C2A000C5F8283103D097F800900123D5E7012184
:10C2B000DFF870904FF0000A09F1030B0AE0B9466D
:10C2C000591CCB45C5F8001105F8038085F8048199
:10C2D0003FF479AF4F46FF290B4617F8018BEED19B
:10C2E000284685F8FFA009F10209D5E942329847AE
:10C2F00001235F4585F80080C5F80031D5F8283165
:10C3000085F8048103F10103C5F828313FF45BAFE0
:10C3100097F800800123D3E7B82202100828021002
:10C320000C2802101C2802102DE9F04F044683B09F
:10C33000174653B11E469D687DB31B68002BFAD18A
:10C34000324611212046FFF78FFED4F80031FF2B33
:10C350005AD0591C2022FF29C4F80011E25484F855
:10C36000042128D05B224B1CC4F80031625484F8AD
:10C370000421FA682AB111212046FFF76FF9D4F899
:10C380000031FF2B30D0591C5D22C4F80011E2545B
:10C3900084F8042103B0BDE8F08F5B681B782B2B79
:10C3A0004ED111212B4632462046FFF75DFED4F8D0
:10C3B0000011FF29D6D10022D4F80831204684F894
:10C3C000FF20D4F80C2198475B21D4F828210123C1
:10C3D000217084F80411D118FA68C4F80031C4F847
:10C3E0002811002AC7D1CEE700251946204684F837
:10C3F000FF50D4E94262B047D4F8282101212B46EE
:10C400000A44C4F82821BFE7002219462046D4F880
:10C41000085184F8FF20D4F80C21A84745F62031B4
:10C420005B20D4F828212180022384F80401511CC8
:10C43000FA68C4F80031C4F82811002A9BD1A2E799
:10C44000DFF8B4904FF0010AD4F8001109F1020BA3
:10C45000019626464C46A94608E04446591CA34589
:10C46000C6F80011F55486F804511DD0A046FF29E6
:10C470000B4618F8015BF0D1304686F8FF90023485
:10C48000D6E942329847D6F82831D845357003F1BD
:10C49000010386F80451C6F800A1C6F8283103D07C
:10C4A00098F800500123D9E73446019E112100235A
:10C4B00032462046FFF7D8FDD4F80011FF2907D0F7
:10C4C00029224B1CC4F80031625484F804213EE751
:10C4D0000022D4F80831204684F8FF20D4F80C213B
:10C4E0009847D4F8283142F22902022101332280F0
:10C4F000C4F8283136E700BF002A0210117833292A
:10C5000002D01121FFF7AAB8D3682DE9F047D3E98B
:10C51000015787B32F440446D0F80011013D013F75
:10C520004FF000094FF0010808E05546591CAF4292
:10C53000C4F80011E65484F804611CD0FF296E7819
:10C5400005F1010A0B46F0D1204684F8FF90D4E9AA
:10C5500042329847D4F82831BA45C4F8008103F133
:10C560000103267084F80461C4F8283103D015F85B
:10C57000026F0123DAE7BDE8F08700BF2DE9F04F35
:10C58000E9B00646037800AF5F2BC7E9002100F051
:10C590002F8108229D49304602F0F8FD00287AD00C
:10C5A00000239946002B07F110054FF00103A9F174
:10C5B000020AAB635FFA8AFA14BF46234723BB60C3
:10C5C000304603F0AFF81123002231182E606A6163
:10C5D0006960AA62EA63C5E902364300B3F5006FF9
:10C5E000AB61C7E90F22C5E908206A6300F2EE805B
:10C5F0008100E84600EB8000B9F1010F01F107016D
:10C60000A8EBC00221F007019546EB46ADEB010D0A
:10C61000C5F810B0C5F81CD05FD0BAF1010F55D8DD
:10C62000F17A06F10B045F29EC6003D1317B5A29C2
:10C6300000F0B7802046FB6003F074F8FB68002B25
:10C6400000F0C18000230121CBE90133696100289A
:10C6500000F0B9808BF80030CBE903405A46002344
:10C66000B9682846F9F74AFC8346204603F05AF891
:10C670002318EB60235C33B9BBFA8BF46409BBF17C
:10C68000000F40F0C580AB6B013340F0AA8000235F
:10C69000AB63C54694E7327A5F2A18BF2E2A0CBFD7
:10C6A00001230023242A08BF43F0010363B1727AF7
:10C6B000492A18BF442A0CBF0123002304D1B17AB0
:10C6C0005F2900F0FF80034699466BE72846FAF79A
:10C6D000E9F8EB6883461B78CDE733785F2BD2D13E
:10C6E000731CEB6073785A2BCDD1B31CEB60B3781D
:10C6F000472B00F08580542B00F082804946284665
:10C70000FBF7F4FD8346D5E90201C2070B78B2D5E9
:10C710002E2BB0D14B78A3F16102192A05D95F2BDA
:10C7200003D0303B092B00F2CA808B788C1CA3F11C
:10C730006100A3F13002092A88BF192809D814F82A
:10C74000013FA3F16100A3F13002092A88BF192833
:10C75000F5D95F2BF3D02E2B11D16378303B092B09
:10C760000DD8A3780234A3F13002092AF3D814F8C3
:10C77000013FA3F13002092AF9D92E2BEDD0621A1C
:10C780002846EC60F9F736FC5A4603465021284605
:10C79000F9F7B4FB237883462E2B7FF46CAF214648
:10C7A000B8E706F10D032846EB60737B472B13D0E7
:10C7B000A3F15401B1FA81F1490969B9FBF796FD7A
:10C7C000EC6883464AE74FF0000B47E7104607F551
:10C7D000D277BD46BDE8F08FFBF724FEEC688346B8
:10C7E0003CE70020C54607F5D277BD46BDE8F08F8F
:10C7F00043785A2B7FF4CDAE00234FF00109D1E6E8
:10C800002846FBF70FFE83467DE700BF98270210FE
:10C810007B6807F1500500200021C5F808313B680E
:10C82000C5F80041C5F80C3185F80441C5F8204130
:10C83000C5F82C41C7E9640159462846C7E9614457
:10C84000C5E94444C5E94944C5E94644F9F796FCBD
:10C85000D5F81C31B3F5006F01DAC5F81C41D5F8E5
:10C8600038116E46D5F84431002401295A4601FB9F
:10C8700003F32846B8BF0121012BA6EBC1018D4669
:10C880004FF01101EC46C5E95134B8BF0123ACEBC0
:10C89000C3039D46C5F830C1C5F83CD1FEF7DEFEA6
:10C8A000D5F80011B54628466C54D5E94232984770
:10C8B000D5F81801C546B0FA80F0400993E7EB6857
:10C8C0001B78D8E6492A03D003464FF0030969E6EE
:10C8D0004FF0020966E600BF70B5137882B01546C6
:10C8E0000446012B07D9A3F13206B6FA86F676097B
:10C8F0000EB9062B36D16B68012B2EDCD4F81C2127
:10C90000B2F5806F29DC0126013301321121204666
:10C910006B60D4F82C31C4F81C212A46C4F82CD101
:10C9200001930095FCF772F86A68D4F81C310199FC
:10C93000013A013BC4F82C116A60C4F81C317EB97D
:10C94000D4F80011FF2924D04A1C2923C4F800215F
:10C95000635484F8043102B070BD0123C4F8183167
:10C9600002B070BDD0F80031FF2B21D0591C282215
:10C97000C0F80011C25480F804216B68012B04DC5C
:10C98000D0F81C21B2F5806FBEDD0123C4F8183148
:10C99000D8E700252046D4E9423284F8FF50984772
:10C9A000D4F82831012229461344C4F82831CCE7B1
:10C9B000194680F8FF60D0E9423298472822D4F81F
:10C9C00028310121227084F804215A1C6B68C4F8B4
:10C9D00028218B42C4F8001104DCD4F81C21B2F5E4
:10C9E000806F91DDC4F818110121ADE7D368DB68D1
:10C9F0001B681978662966D11269D0F824112DE9CF
:10CA0000F04FD2E9038483B00746227800913D2A93
:10CA10004FF0FF3208BFD4E90349C0F8242118BF02
:10CA20004FF000095B786C2B00F099804ED84C2BAE
:10CA300002D0522B40F0DD80D7F80011FF2900F022
:10CA400006814B1CC7F800312823224638467B5408
:10CA5000112187F804314FF0000A844EFFF73CFFA4
:10CA600011214246384606F1030BFFF747FDD7F880
:10CA7000001109E02646591CB345C7F80011FD54C2
:10CA800087F8045100F0BD803446FF290B4614F8A6
:10CA9000015BEFD1384687F8FFA00236D7E9423272
:10CAA00098470123A3453D70C7F80031D7F82831D6
:10CAB00087F8045103F10103C7F8283100F0A18081
:10CAC00025780123D7E7002318467047722B40F0E2
:10CAD0009080D0F80011FF2900F0AB804B1CC7F804
:10CAE00000312823224638467B54112187F804312F
:10CAF0004FF000095E4EFFF7EFFE42461121384627
:10CB000006F1040AFFF7FAFC4FF00108D7F800110C
:10CB100008E02646591CB245C7F80011FD5487F8B5
:10CB2000045166D03446FF290B4614F8015BF0D15E
:10CB3000384687F8FF900236D7E942329847D7F84F
:10CB40002831A2453D7003F1010387F80451C7F86D
:10CB50000081C7F828314CD025780123DAE7454E0B
:10CB60004FF0000901944FF0010BD0F8001106F1CD
:10CB7000040A0446374608E02F46591CBA45C4F853
:10CB80000011E65484F804611CD03D46FF290B4691
:10CB900015F8016BF0D1204684F8FF900237D4E9F4
:10CBA00042329847D4F828315545267003F10103E5
:10CBB00084F80461C4F800B1C4F8283102D02E789A
:10CBC0000123DAE72746019C424611213846FFF748
:10CBD00095FC224611213846FFF77EFED7F800115A
:10CBE000FF2915D04A1C2923C7F800217B5487F858
:10CBF00004310123009A1846C7F8242103B0BDE888
:10CC0000F08F424611213846FFF778FC4A46E1E7AB
:10CC10000024D7F80831D7F80C21384687F8FF40B0
:10CC20009847D7F82831012221461344C7F8283104
:10CC3000D9E70025D0E9423280F8FF509847D7F86D
:10CC4000283129460133C7F82831012347E7002559
:10CC50003846D7E9423287F8FF509847D7F828314D
:10CC600029460133C7F828310123EBE6042A0210D4
:10CC70003C2B0210342B0210137803F0FD03392BE8
:10CC800062D1D368DB682DE9F04F1F6883B03B7831
:10CC9000642B03D0002003B0BDE8F08F7E7883467C
:10CCA00006F0DF03582B06D0A6F16900B0FA80F039
:10CCB00040090028EFD01369692EDBF80011D3E991
:10CCC000035443D0FF2900F096804B1CCBF8003171
:10CCD0005B230BF801308BF804312A4611215846AA
:10CCE000FEF7BCFC7B78582B47D0692B0CD0DBF8C7
:10CCF0000011FF2900F09F804A1C5D23CBF8002122
:10CD00000BF801308BF80431237803F0FD03392B45
:10CD100005D1E368DB681B681A78642A20D0DBF849
:10CD20000011FF2976D04A1C3D23CBF8002158463C
:10CD300022460BF8013011218BF80431FFF7CCFDAE
:10CD4000012003B0BDE8F08F00207047FF2900F0FC
:10CD500083804B1CCBF800312E230BF80130BAE74F
:10CD60005B7803F0DF02582A01D0692BD7D1224625
:10CD700011215846FEF772FCE2E73F4E4FF00009E2
:10CD8000DBF800114FF00108019406F1050A5C463A
:10CD9000B34608E0AB46591CD345C4F80011E6542D
:10CDA00084F804611DD05D46FF290B4615F8016B20
:10CDB000F0D1204684F8FF900BF1020BD4E9423207
:10CDC0009847D4F82831AA45267003F1010384F866
:10CDD0000461C4F80081C4F8283102D02E78012300
:10CDE000D9E7A346019C1121E2685846FEF736FCBC
:10CDF00024697B7879E700265846DBE942328BF8D4
:10CE0000FF609847DBF8283131460133CBF82831F1
:10CE100001235BE70025DBF80831DBF80C215846DD
:10CE20008BF8FF509847DBF828310122294613443C
:10CE3000CBF8283178E70025DBF80831DBF80C2146
:10CE400058468BF8FF509847DBF8283101222946D5
:10CE50001344CBF8283150E700265846DBE942322C
:10CE60008BF8FF609847DBF8283131460133CBF867
:10CE7000283101236EE700BF442B02102DE9F04159
:10CE80001D4684B0002839D00C46174609B1002A47
:10CE900034D000236A462849CDE90033CDE9023376
:10CEA000FFF76CFB009E00283AD0039BD3B1002E05
:10CEB0003FD04FF0010884B3304602F033FC3B68AA
:10CEC000984224D2421C3146204602F0B5FB30463F
:10CED0002646F3F7A5FDB5B1002330462B6004B01C
:10CEE000BDE8F081DDF80880002EE4D155B1B8F13D
:10CEF000010F1AD14FF0FF332B6003E015B16FF033
:10CF000002032B600026304604B0BDE8F0812046C5
:10CF1000F3F786FDC7F80080DDE7002FFAD1DAE7E6
:10CF20003046F3F77DFD002DECD06FF001032B6050
:10CF3000E8E7002DDED1E5E7B1620110F3F770BD3F
:10CF400020494A6830B5A0F1080432B350F8085CB3
:10CF500004EB050E724520D8536825D073B301F158
:10CF6000040C05E0596802F1040C1A4651B10B4655
:10CF70009E45F7D820D1536819685B680D4453600B
:10CF8000DCF800301A6899188C420AD05B6840E9D6
:10CF90000253DCF800305C6030BD40F8042C4C607B
:10CFA00030BD2A441A6030BD126840F8043C2A445F
:10CFB00040F8082C4C6030BD1346E3E7134601F1FE
:10CFC000040CDFE7E82B002000F108031449082BCC
:10CFD000486838BF082308B30733043123F0070338
:10CFE00002E0011D406890B102689342F9D80868D8
:10CFF000026870B4D41A4668072C09D9C5186E6047
:10D00000C4500868036008300D6070BC70477047FA
:10D010003546026008300D6070BC7047704700BF35
:10D02000E82B002010B500F180042046F3F7BEFC89
:10D0300038B1034680220021184601F0F1FF80300C
:10D0400010BD2046FFF7C0FF03460028F2D1F8F7D5
:10D05000E3FC00BF064B8038D3E902231344984217
:10D0600003D2824201D2FFF76BBFF3F7D9BC00BFF6
:10D07000E82B0020F0B50026354D89B03548EE602C
:10D08000C5E9016600F00EFD0822334B0921049624
:10D09000CDE90223314A0423CDE905120793002884
:10D0A00036D0044623780F222D483A2B08BF01348E
:10D0B000214601F009FF10B9E37B2E2B16D0204644
:10D0C0003A2101F0FBFF04460028EBD1079A049CAB
:10D0D000402AA8BF4022002C08BF06243E3402FB91
:10D0E00004F4A400EC60BCB909B0F0BD103402AE89
:10D0F000376821463A461FB1706801F0E5FE10B965
:10D10000E35D3D2B12D00C3608AB9E42F0D1D6E742
:10D110004FF488631C46EB602046F3F747FCA86099
:10D12000A0B100236860C0E90043DDE7781C00225D
:10D1300001A9204401F02CFB019C23783A2B01D05B
:10D14000002BBCD10028A8BFB060B8E7E860CBE7EF
:10D15000E82B002094300210A8300210B4300210E6
:10D16000C03002100378472B17D143784E2B14D1CF
:10D170008378552B11D1C378432B0ED10379432BE0
:10D180000BD143792B2B08D183792B2B05D1C07977
:10D1900001288CBF0020012070470020704708B58F
:10D1A00050B1044600F076F82046FFF7DBFF18B1D7
:10D1B00054F8140CF8F728FCF8F72EFC2DE9F04F82
:10D1C00083B00246FFF7CEFF38B1D2F828A0002581
:10D1D00052E90674D2E90C6905E0044601250746C8
:10D1E000814606468246104600F054F80DB1F8F725
:10D1F0001FFC3846F8F718FC00F04CF80DB1F8F7B2
:10D200000BFCF8F7EDF8D0F800804FEA960B0027FA
:10D2100098F82730012B0CBFD8F8003008F17803BC
:10D220000093BA451DDD07FB0BF359F8236009EBAA
:10D23000830306B11E446B460022314608F12000EC
:10D24000F7F7FCFF08B100F003F9336801AA019079
:10D2500030460D491E690123B04728430137C5B246
:10D26000DFE745B10420FFF7DDFE084B084A064919
:10D27000036000F0D1F82046F8F7C6FB00F048F84C
:10D2800000F046F8F7F7D4FF184602108046021067
:10D29000C553011038B50446F8F7A6F805682246CC
:10D2A00012F82039472B03D085BB0260284638BDD1
:10D2B00063784E2BF8D1A378552BF5D1E378432B27
:10D2C000F2D12379432BEFD163792B2BECD1A379C6
:10D2D0002B2BE9D1E379012BE6D854F80C3C002B39
:10D2E00011DB013344F80C3C9542436803F1FF33F2
:10D2F000436002D044F8105C0260656A204603F087
:10D300004BF9284638BDC3F10103EBE7F8F784FB7E
:10D3100008B5F8F765F80246006870B390F8201079
:10D32000472906D000212030BDE80840116003F0F5
:10D3300043B990F821104E29F4D190F822105529C4
:10D34000F0D190F823104329ECD190F82410432910
:10D35000E8D190F825102B29E4D190F826102B293C
:10D36000E0D190F827100129DCD84169002905DBBC
:10D37000013908D04B1C0DD0416108BD0131FBD1F2
:10D3800003691360F8E701692030BDE808401160C7
:10D3900003F012B9F8F740FB012810B516D8A1F137
:10D3A0002803D3E8EF2F013AC3E8E02F0028F8D193
:10D3B0005AB951F81C3C01F158040BB1204698476A
:10D3C0002046BDE81040FFF745BE10BD51F8140CD3
:10D3D000F8F71AFB002310B5044640F8803C40E9FA
:10D3E0001E12F8F733FB44F8700CF8F729FB0749D5
:10D3F000074A084B44F86C0CA4F1800044F8581C10
:10D4000044F8542C44F8503C10BD00BF474E5543DF
:10D41000432B2B0099D3011070B504460D461646D8
:10D42000F7F7E2FF03462046324629465C6801349E
:10D430005C60FFF7CFFF0123044644F8283B2046F9
:10D4400003F0D2F82046FFF725FFF8F7E5FA00BF12
:10D4500010B5F7F7C9FFD0E900420132426064B16C
:10D4600094F82020472A0AD0002202602034204667
:10D4700003F07AF82046FFF70DFFF8F7CDFA94F89D
:10D4800021204E2AF0D194F82220552AECD194F88C
:10D490002320432AE8D194F82420432AE4D194F8A5
:10D4A00025202B2AE0D194F826202B2ADCD194F8D1
:10D4B0002720012AD8D8626952426261D6E700BFAC
:10D4C00008B5F7F791FF006830B190F82730012BCD
:10D4D00001D100687838006808BD00BF014BD3E86F
:10D4E000AF0F7047C02F0020406870470D49436858
:10D4F0000D4A10B5044682B00160A3F10C009042C1
:10D5000005D12046F7F75CFF204602B010BD53F866
:10D51000042C511E002A43F8041CF2DC01A900F07F
:10D5200017F9EEE750500210443000200D494368CF
:10D530000D4A10B5044682B00160A3F10C00904280
:10D5400005D12046F7F73CFF204602B010BD53F846
:10D55000042C511E002A43F8041CF2DC01A900F03F
:10D56000F7F8EEE750500210443000200F494368AE
:10D570000F4A10B5044682B00160A3F10C0090423E
:10D5800008D12046F7F71CFF2046FFF7D7FC2046BE
:10D5900002B010BD53F8042C511E002A43F8041C9D
:10D5A000EFDC01A900F0D4F8EBE700BF5050021007
:10D5B000443000200F4943680F4A10B5044682B03A
:10D5C0000160A3F10C00904208D12046F7F7F8FE65
:10D5D0002046FFF7B3FC204602B010BD53F8042CE0
:10D5E000511E002A43F8041CEFDC01A900F0B0F83A
:10D5F000EBE700BF50500210443000201B4BF0B549
:10D60000044683B0036071B308460D4602F08AF801
:10D610000646A8B101AA002100F070F8012E0746C5
:10D6200000F10C0311D018462946324602F004F8E6
:10D6300003460F4A97420BD12046636003B0F0BD0A
:10D640000C4B2046636003B0F0BD2A780273F0E70C
:10D6500000223E603E44BA603273EDE72046F7F7A1
:10D66000AFFEF7F7E5FD0448F8F760FB50500210F5
:10D670004430002050300020D030021010B5044655
:10D68000FFF7BCFF014B2046236010BD6450021021
:10D69000F0B5054683B0E2B10E4629B31446002129
:10D6A00001AA204600F02AF8012C074600F10C03DD
:10D6B0000CD018463146224601F0BEFF03460C4A04
:10D6C00097420BD128462B6003B0F0BD327802732D
:10D6D000F5E7084B28462B6003B0F0BD00223C6004
:10D6E0003C44BA602273EDE70348F8F71FFB00BF24
:10D6F0004430002050300020D0300210124B9842AD
:10D7000010B51DD88842044612D94A00904238BF4D
:10D71000144604F11D02B2F5805F09D9A14207D277
:10D7200004F58054C2F30B02A41A9C4228BF1C4685
:10D7300004F10D00F8F790F90022C0E9014210BD94
:10D740000248F8F70BFB00BFFCFFFF3FFC30021064
:10D75000FFF7F4BB0868B0F1804F08B51DD29042C6
:10D7600004D9B0EB420F4FEA420304D30130BDE8C5
:10D770000840F8F771B9B3F1804F08D36FF0404318
:10D780004FF080400B60BDE80840F8F765B9581CC1
:10D790000B60BDE80840F8F75FB90148F8F7DEFA1A
:10D7A0001822021070B5054682B0044655F8083BB1
:10D7B00001919D42019B14BF82680F22934201D8C0
:10D7C00002B070BD01A9FFF7C5FF63682168064676
:10D7D0005A1C73B13AB90846FFF7B0FB019B2660AB
:10D7E000A36002B070BD01F027FF21688D42F2D125
:10D7F000F4E70B780370F8E7004870471431021023
:10D800001368994201D0002070475368181AB0FA83
:10D8100080F04009704700BF704700BF0048704764
:10D820001C310210742A10B41CDC572A0FDC4D2A5C
:10D8300013DC3B2A28DC242A21DC0F2A01DC0E2AF7
:10D840000BD8154BC0E900235DF8044B7047A2F1DB
:10D850005804124BE340DC07F3D45DF8044BC0E9F5
:10D8600000217047A2F17603182BF6D80C4C24FA4D
:10D8700003F3DB07F1D5084BC0E90023E4E7A2F18D
:10D880002D03012BDDD9E8E7A2F13C04054BE34071
:10D89000DB07E2D5D5E700BF302600209D00BF1F83
:10D8A000BF07F1018F080200704700BFC0E90021E7
:10D8B000704700BF4B68834201D000207047086862
:10D8C000801AB0FA80F04009704700BF704700BF6F
:10D8D000704700BF2DE9F04300F108034FF0000846
:10D8E00085B03C2704469146C0F8048080F8088043
:10D8F00003600BE02B7803B3284601F013FF0646C4
:10D900002368666003F80680636893B93946204649
:10D91000FFF748FF25683A464846294685F80080C3
:10D9200001F06EFC0028E7D02228E3D17F0000261A
:10D93000E6E7204605B0BDE8F0830D4BEC46EE4629
:10D940000D260FCBACE80700ACF800302B73BEE817
:10D95000070028606960AA60D2E72046ECF7D0FD96
:10D96000F7F766FC0023226863601370F5E700BFD9
:10D970002431021010B50446FFF7E0FA204610BD2E
:10D9800010B50446FFF7DAFA204610BD0B6810B553
:10D9900086B004461B69684698472046DDE90012B8
:10D9A000FFF776FE009802AB984201D0FFF7C6FA67
:10D9B000204606B010BD6846ECF7A2FDF7F738FC2C
:10D9C000742910B41BDC572924DC4D2908DC3B29C1
:10D9D0002CDC242925DC0F2901DC0E2900D817486E
:10D9E0005368834203D000205DF8044B70471068F1
:10D9F0005DF8044B401AB0FA80F040097047A1F17D
:10DA00007603182BECD80E4C24FA03F3DB07E7D58A
:10DA10000A48E5E7A1F158040A4BE340DC07DFD5EB
:10DA2000DDE7A1F12D03012BD9D9D9E7A1F13C0400
:10DA3000054BE340DB07D3D5D1E700BF30260020FC
:10DA4000BF07F1019D00BF1F8F0802000649074A6A
:10DA5000074808B500F012F8044A06490648BDE830
:10DA6000084000F00BB800BFCDD801100000001036
:10DA700030260020D1D801102C2600200B4601466C
:10DA8000184600F091BE00BF062008B501F0E6FB85
:10DA90000120F4F793FB00BF002301461A46184605
:10DAA00001F06EBE00B583B0044B014601AA1868B0
:10DAB00000F006F803B05DF804FB00BF482A002020
:10DAC0002DE9F047DFF8749080460E46174601F0C6
:10DAD000A3FED9F800504DB13378344663B13D2BE5
:10DAE0000AD014F8013F3BB13D2BFAD1404601F07A
:10DAF00099FE0020BDE8F0873D2BF7D02868A41BD5
:10DB00000028F3D02246314601F040FB28B92868AE
:10DB1000035D00EB040A3D2B04D055F8040F0028E8
:10DB2000F0D1E3E7D9F800304046ED1AAD103D6082
:10DB300001F078FE0AF10100BDE8F087942B002087
:10DB4000024B0146186800F00BB800BF482A0020BD
:10DB5000024B0146186801F0C7BE00BF482A0020EA
:10DB600001F10B03162B2DE9F04F074683B023D8A4
:10DB7000102900F2AF8000F0AFFA10251823022020
:10DB8000BA4E33445C68A3F10802944200F0568117
:10DB90006368384623F00303D4E902122344CA60C1
:10DBA00091605A68083442F001025A6000F09AFA13
:10DBB000204603B0BDE8F08F002B23F00705C0F22C
:10DBC0008980A94200F2868000F086FAB5F5FC7FD4
:10DBD000C0F07B826B0A00F08480042B00F262812B
:10DBE000AB0903F1390003F1380EC3009F4E3344F3
:10DBF000A3F1080C5C68A44507D10DE0002AE16898
:10DC000080F216818C450C4606D0636823F003032E
:10DC10005A1B0F2AF2DD7046DFF8688234694445EA
:10DC200000F0F280636823F0030CACEB05030F2BCC
:10DC300000F37481002BC6E9048880F26381BCF58F
:10DC4000007FD6F804E080F0FF804FEADC03012279
:10DC50004FEA5C1C013302FA0CF256F833104EEA1C
:10DC6000020E06EBC302083AC6F804E0C4E9021249
:10DC700046F83340CC6083104FF0010C0CFA03FCE3
:10DC8000F44534D81CEA0E0F07D120F003004FEA08
:10DC90004C0C04301CEA0E0FF9D006EBC00A81468A
:10DCA000D646DEF80C300BE05A681C46DB6822F0E2
:10DCB0000302511B0F2900F30181002980F2158115
:10DCC0009E45F1D109F101090EF1080E19F0030F7B
:10DCD000E7D158E10C233B600024204603B0BDE8A7
:10DCE000F08F4FF4007340204FF03F0E7EE7B46892
:10DCF000636823F00309A945A9EB050302D30F2BA1
:10DD000000F385805A4B08201B6803F1100804EBD0
:10DD10000903009301F006FB564AA84483461368A2
:10DD2000013305D008F1FF384342804403EA080874
:10DD30004146384601F0D6FAB0F1FF3F82464D4ADF
:10DD400000F0078104EB0903834200F200814A4B93
:10DD50000BF1FF3C18684044186000F064811168C2
:10DD6000013100F06C8104EB0902AAEB02020244CB
:10DD70001A601AF00702CDE9002300F02781C2F1F2
:10DD80000802384692445A44D04408EA0C01521A18
:10DD900002EA0C0B594601F0A5FA421C019B00F067
:10DDA0006A81A0EB0A0000EB0B08186848F001023A
:10DDB000B442C6F808A05844CAF80420186017D026
:10DDC000B9F10F0F40F23E816168A9F10C024FF0EA
:10DDD000050C22F0070201F0010111430F2A6160D6
:10DDE00004EB0201C1E901CC00F24D81DAF8042014
:10DDF000224B54461968814238BF1860204B19687D
:10DE0000814238BF1860A6E0D6F804E033E7621913
:10DE100045F0010543F00103083444F8045C38463A
:10DE2000B260536000F05EF9204603B0BDE8F08FA9
:10DE3000A26823443846D1608A60B2E6DC68A34217
:10DE40007FF4A6AE0230E7E6BCF5206F4FEA5C2215
:10DE500076D3142A00F2CD8002F15C035B32DB0042
:10DE6000F118F3580839994211D1A5E04026002055
:10DE70002832002034260020F831002020320020F3
:10DE800024320020482600209B68994204D05A681A
:10DE900022F003026245F7D8D968C4E902318C60E8
:10DEA000DC60E8E6142B63D9542B00F2AB802B0B1B
:10DEB00003F16F0003F16E0EC30097E6D4F808C0BB
:10DEC0003846671945F001056560CCF80C30C3F899
:10DED00008C041F00103C6E90477C7E902887B6006
:10DEE000A150083400F0FEF8F7E6224438465168A5
:10DEF00041F00101516054F8082FD3609A6000F09E
:10DF0000F1F8EAE6A44438460834DCF8043043F07B
:10DF10000103CCF8043000F0E5F8DEE6621943F0C6
:10DF2000010145F0010538466560C6E90422C2E9F1
:10DF30000288516044F80C30083400F0D3F8CCE685
:10DF40004FEA9C1202F139033832DB0088E7B44211
:10DF500062D0B468626822F00308A845A8EB050304
:10DF600002D30F2B3FF753AF384600F0BBF8B3E6B0
:10DF700003F15C0003F15B0EC30037E65AF8083981
:10DF8000534540F0A08010F0030F00F1FF30F5D1B1
:10DF9000736823EA0C0373604FEA4C0C0CF1FF32F8
:10DFA0009A4204D3A3E64FEA4C0C09F104091CEA97
:10DFB000030FF8D0484670E692104FF0010C0CFAAF
:10DFC00002F24EEA020EC6F804E066E70AEB080227
:10DFD000384602EA0C02ABEB020B0BEA0C0B59467B
:10DFE00001F080F9431C019B7FF4DBAEDDF800B04B
:10DFF000DBE6542A2AD84FEA1C3202F16F036E3254
:10E00000DB002DE7B3F5AA7F2AD8EB0B03F17800EC
:10E0100003F1770EC300E9E52E4B0BF1FF3C1868C6
:10E02000404418609BE61AEA0C0F7FF498AEC8448F
:10E03000D6F808A048F00102CAF80420D8E6C2F8D1
:10E0400000A096E60123CAF804308DE7B2F5AA7F56
:10E0500024D84FEADC3202F178037732DB00FFE6A6
:10E0600040F25452934224D8AB0C03F17D0003F1EB
:10E070007C0EC300BAE5009A4FF0000B083A9044BA
:10E08000A8EB0A0891E6384604F10801009301F074
:10E090002BFC009BD6F808A01868A7E640F2545362
:10E0A0009A420CD84FEA9C4202F17D037C32DB009D
:10E0B000D6E64FF47E737F204FF07E0E96E54FF448
:10E0C0007E737E22CCE6736866E7E80805F10803F4
:10E0D00056E500BFF8310020014801F01FB900BF2C
:10E0E000F0310020014801F01BB900BFF0310020E1
:10E0F000024B0A460146186800F002B8482A002080
:10E100002DE9F04F164683B0002900F09E800C46A2
:10E1100006F10B058046FFF7DFFF54F8040C162DBF
:10E12000A4F1080920F0030762D810220023154645
:10E13000B542C0F0A280002B40F09F80974261DA88
:10E14000DFF82CB309EB0701DBF80830D1F804C085
:10E150008B4200F09A802CF001030B445B68DB07D4
:10E1600068D42CF0030C07EB0C03934245DAC30789
:10E1700012D454F8083CA9EB030ADAF8043023F06F
:10E18000030084440CEB070B5A4540F3018107EB75
:10E19000000B5A4540F3D78031464046FFF7E0FC7C
:10E1A0000646002800F02C8154F8043CA0F1080237
:10E1B00023F001034B44934200F0B4803A1F242A19
:10E1C00000F2E280132A00F2B3800346224611686F
:10E1D00019605168596092689A602146404601F082
:10E1E00083FB4046FFF77EFF304603B0BDE8F08F6B
:10E1F00025F007052A46EB0F9AE71F46D1E90223CF
:10E20000D3609A60781BD9F8043009EB07020F2815
:10E2100003F001031FD83B43C9F80430536843F0AF
:10E220000103536026464046FFF75CFF304603B0CB
:10E23000BDE8F08FC307AFD454F8083CA9EB030A3C
:10E24000DAF8043023F00300A1E7114603B0BDE87B
:10E25000F04FFFF785BC2B4309EB050140F00100AF
:10E26000C9F80430083141F8040C4046536843F0C3
:10E270000103536001F038FBD4E70C23C8F80030E9
:10E280000026304603B0BDE8F08F2CF0030C05F1FA
:10E2900010010CEB07038B4280F29280C0073FF520
:10E2A0007BAF54F8083CA9EB030ADAF8043023F0FA
:10E2B000030084440CEB070399423FF768AF3A1F11
:10E2C0005646DAF80C1056F8080F242AC160886008
:10E2D00000F2B080132A40F2AB8021681B2ACAF8F2
:10E2E00008106168CAF80C1000F2AB8008340AF11B
:10E2F00010022168116061685160A16891605B1B28
:10E300000AEB0502404643F00103CBF808205360B6
:10E31000DAF8043003F001032B43CAF80430FFF7A6
:10E32000E1FE83E750F8043C23F003031F4469E750
:10E3300023681B2A03606368436036D804F108022F
:10E3400000F1080343E73A1F5646DAF80C30242A56
:10E3500056F8081FCB60996022D8132A1ED923686B
:10E360001B2ACAF808306368CAF80C303CD8083455
:10E370000AF1100322681A6062685A60A2689A6003
:10E3800034465F46D1463DE7214600F0CBFD24E709
:10E39000D1E902133A1FCB609960D5E73346E9E72C
:10E3A0002146304600F0BEFDEAE7A368242A8360D8
:10E3B000E368C36028D004F1100200F1100306E7FF
:10E3C0005B1B09EB05024046264643F00103CBF8F0
:10E3D0000820536054F8043C03F001032B4344F835
:10E3E000043CFFF77FFE21E7A368242ACAF8103017
:10E3F000E368CAF8143010D010340AF11803B9E7F2
:10E400004046FFF76FFE3BE7236904F11802036102
:10E410006369436100F11803D9E623691834CAF827
:10E42000183054F8043CCAF81C300AF12003A1E764
:10E4300032465EE721463046019300F073FD019BB2
:10E440005DE7A168242ACAF81010E168CAF8141020
:10E4500003D010340AF118024BE722691834CAF8C5
:10E46000182054F8042CCAF81C200AF1200240E7B6
:10E47000402600202DE9F04F81468E466D487546B6
:10E480001EF801BB10F80B4014F00804F7D1BBF1E3
:10E490002D0F23F010075DD0BBF12B0F10D0AFB9BB
:10E4A000BBF1300F00F08D80002B00F08580102331
:10E4B0006FF078460F27984600246FF0004A0DE071
:10E4C0009EF800B005F1020E002F60D06FF00047FB
:10E4D0009846B7FBF3F6BA4603FB167700252846A5
:10E4E0000EE0ABF1370C9C451DDA013504D0B0428B
:10E4F00002D822D1BC4520DD4FF0FF351EF801BB0C
:10E50000ABF1300CBCF1090FEDD9ABF1410CBCF112
:10E51000190FE6D9ABF1610CBCF1190F03D8ABF1BF
:10E52000570C9C45E1DB6B1C0BD004B1404212B18F
:10E53000002D57D11160BDE8F08F08FB00C0012508
:10E54000DCE72223C9F80030002A4DD00EF1FF315C
:10E550005046EFE79EF800B005F1020E67B9BBF137
:10E56000300F44D0002B50D10A23334E082701240A
:10E5700098464FF0004AB1E74FF0004A9846012410
:10E58000BAFBF3F603FB06F7AAEB0707A6E7BBF116
:10E59000300F89D1A87800F0DF0058281ED1102351
:10E5A00095F803B005F1040E98466FF00047B7FBED
:10E5B000F8F608FB16777FE70A231F4E07279846D1
:10E5C0007AE79EF8000000F0DF00582806D11023FB
:10E5D0009EF801B005F1030E9846E6E723BB082339
:10E5E0009846E2E78246B1E75046BDE8F08FA8784A
:10E5F00000F0DF00582810D0CBB1102398464FF020
:10E60000004A0124BAFBF8F668E710234FF00066D1
:10E6100001244FF0004A984660E7102395F803B0B4
:10E6200005F1040E9846EAE710239846BDE7082353
:10E630009846E4E755510210CCCCCC0C242A134662
:10E6400010B509D8012A07D0064C0A4601462068B1
:10E65000BDE81040FFF70EBF00F056FE1623036022
:10E66000002010BD482A00202DE9F04707460E463D
:10E670004548354616F801EB10F80EC01CF0080CA2
:10E68000F7D1BEF12D0F63D0BEF12B0F3AD0644607
:10E6900033F010003ED04FF0FF389A46B8FBF3F845
:10E6A00003FB08F96FEA0909002528460EE0AEF1E0
:10E6B000370C63451DDD013504D0404502D834D107
:10E6C000CC4532DD4FF0FF3516F801EBAEF1300CE2
:10E6D000BCF1090FEDD9AEF1410CBCF1190FE6D92F
:10E6E000AEF1610CBCF1190F03D8AEF1570C6345C4
:10E6F000E1DC6B1C25D004B140420AB135BB11608E
:10E70000BDE8F08733F0100096F800E0644605F1AC
:10E710000206C0D1BEF1300F1FD05BB90A234FF003
:10E720000509DFF868809A46BEE70AFB00C00125AC
:10E73000CAE70BB310234FF00F096FF070489A46E9
:10E74000B2E7222328463B60002AD9D0711ED6E7C3
:10E7500096F800E00124AE1C9AE7307800F0DF0064
:10E760005828E6D1102396F801E04FF00F09023641
:10E770006FF070489A4697E708234FF007096FF04B
:10E7800060489A4690E700BF55510210999999192F
:10E7900010B4044C13460A46014620685DF8044B49
:10E7A000FFF762BF482A00208446134602200A462B
:10E7B000614600F0E5BF00BF144B70B51E6805460A
:10E7C0000C460EB1736BE3B1636ED80702D4A38914
:10E7D000990512D522462946304600F063FA636E49
:10E7E0000546DA0702D4A3899B0501D5284670BDEA
:10E7F000A06D00F095FD284670BDA06D00F08EFD67
:10E80000E8E7304601F0CCFADEE700BF482A0020F6
:10E8100030B587B0054608461446019100F082FFE6
:10E8200001AA012305900290CDE9032315B16B6B7A
:10E83000002B3CD0636EB4F90C20D80716D5910498
:10E840001DD442F4005223F40053A281636628468B
:10E8500003AA214600F038F8636E0546DA0702D4B1
:10E86000A3899B0510D5284607B030BD900511D56A
:10E870009104E6D59B04EAD54FF0FF35F0E79B0401
:10E88000E5D54FF0FF35EEE7A06D00F049FD2846D5
:10E8900007B030BDA06D00F041FDB4F90C20636EEF
:10E8A0009004CED59904D2D54FF0FF35D6E728464F
:10E8B00001F076FABEE700BF024B0A46014618682F
:10E8C000FFF7A6BF482A00209368002B00F0B7800E
:10E8D000B1F90CC01CF0080F2DE9F04F174683B0BA
:10E8E00080460C4627D00B692BB31CF002033D6811
:10E8F0002DD04FF0000ADFF8B0B2B94656465E455B
:10E9000033465246404628BF5B46002E00F08680C4
:10E91000E169676AB847002840F38980D9F8083070
:10E920008244361A1B1AC9F80830002BE7D10020A0
:10E9300003B0BDE8F08F2146404600F045FA0028BC
:10E940007AD1B4F90CC03D681CF00203D1D11CF09F
:10E95000010976D14E460097002E5BD01CF4007F53
:10E960002068D4F808B000F0B280B3455A4600F2EF
:10E97000E0801CF4906F33D06369216913EB43038B
:10E98000A0EB010B48BF01334FEA630A0BF101030F
:10E9900033445246534501D99A461A461CF4806FB7
:10E9A00000F0E58011464046FFF7DAF8002800F055
:10E9B000F4805A462169019000F03EFEA289019B35
:10E9C00022F4906242F08002A28103EB0B002361EB
:10E9D0003246AAEB0B03B346C4F814A0A360206030
:10E9E0004946019200F09EFAA368019AB246A3EB51
:10E9F0000B01236800261344A1602360009AD144D0
:10EA00009368A3EB0A039360002B90D0B4F90CC079
:10EA1000002EA3D1D5E9009608359DE7D5E900A6DB
:10EA200008356CE72146404601F0ECF870B3B4F9C4
:10EA30000C3043F04003A3814FF0FF3078E7002013
:10EA400070471E46BA46994618461F4600955EB363
:10EA5000002831D04A46A168B2426369206828BFC5
:10EA6000324603EB010B2169884201D95A4570DC1B
:10EA7000934261DC3A46E1694046656AA847B0F1D5
:10EA8000000BD4DDB9EB0B09CCD00120DAF808304B
:10EA90005F44A6EB0B06A3EB0B03CAF80830002B70
:10EAA0003FF445AF002ED3D1009A56681346083282
:10EAB0000092002EF8D01F6832460A21384600F036
:10EAC0007BFD002866D00130A0EB0709C2E723696F
:10EAD000834216D36269B24213D86FF00043E169F2
:10EAE0004046676AB34228BF334693FBF2F302FB0A
:10EAF00003F34A46B847B0F1000A98DDA6EB0A06D0
:10EB00007CE7B345DA46494628BFB246524600F094
:10EB100009FAA3682268A3EB0A035244A3602260A7
:10EB2000002BEBD12146404601F06CF80028E5D0DF
:10EB30007DE7B346324653E73946019200F0F2F9D9
:10EB4000019AA36893469B1AA36023681344236029
:10EB500098E739465A4600F0E5F9236821464046D1
:10EB60005B44236001F04EF800288BD05FE74046FD
:10EB7000FFF7C6FA034600287FF427AF2169404615
:10EB800000F0B2FEB4F90C300C2223F08003C8F878
:10EB900000204EE7721C91465DE70C22B4F90C3060
:10EBA000C8F8002045E700BF00FCFF7F2DE9F041D9
:10EBB00086B002FB03F81D46174601AB0C9C0646C7
:10EBC000019103930123CDF80880CDF814800493BC
:10EBD00010B1436B002B4CD0636EB4F90C20D807F6
:10EBE00007D5910409D59B040DD5002006B0BDE8DA
:10EBF000F081900530D591041DD442F4005223F4E5
:10EC00000053A2816366304603AA2146FFF75CFEEB
:10EC1000636E03F00103B8B12BB9A3899B0502D43D
:10EC2000A06D00F07DFB059BA8EB0308B8FBF7F097
:10EC300006B0BDE8F0819804E5D5A3899905D4D440
:10EC4000A06D00F06DFBD0E713B9A3899A0513D529
:10EC5000284606B0BDE8F081A06D00F05FFBB4F976
:10EC60000C20636E9104C8D59A04CCD5D807BCD4C7
:10EC7000E3E701F095F8AFE7A06D00F051FB2846FF
:10EC8000E7E700BF94460A46014630B51C4683B00C
:10EC9000034D634628680094FFF788FF03B030BD3A
:10ECA000482A002070B50E460546144610B1436B45
:10ECB000002B2FD0636ED80702D4A389990520D5E5
:10ECC000A368013B002BA36019DAA26993420FDB12
:10ECD000F0B20A280CD0236805465A1C22601E7028
:10ECE000636EDA0702D4A3899B050ED5284670BD52
:10ECF00028462246314600F011F80546F0E7F0B20A
:10ED0000E9E7A06D00F00AFBDAE7A06D00F008FB70
:10ED1000284670BD01F044F8CCE700BFF8B50D46B9
:10ED20000646144610B1436B002B4AD0B4F90C30A0
:10ED3000A2691807A2601FD52269EAB1EDB2990451
:10ED4000626E2F4624D592042FD42268236961690C
:10ED5000D31A99422CDD0133A1680139A160511CFD
:10ED60002160157062699A4219D00A2D02D1A389D7
:10ED7000DB0714D43846F8BD2146304600F024F8AD
:10ED800098B9B4F90C30EDB2626E99042F46DAD41A
:10ED900043F4005322F40052A3816266D5E7214672
:10EDA000304600F02FFF0028E4D04FF0FF37E1E7B6
:10EDB0002146304600F026FF0028F6D122680123C4
:10EDC000CAE700F0EDFFB1E738B53E4B05460C460B
:10EDD0001B6813B15A6B002A5BD0B4F90C301907C9
:10EDE0000BD522699AB113F0010221D06369002288
:10EDF0005B42A260A361002038BDDA0659D55807EE
:10EE00001BD4226943F00803A381002AEBD19905A2
:10EE100029D5180603F0800125D4D80742D49D07D0
:10EE20003DD5A2600029E6D043F04003A38145E030
:10EE30009B0716D46369A360DDE7216B51B104F130
:10EE40004002914204D0284600F04EFDB4F90C3047
:10EE5000002222630021226923F02403C4E9002157
:10EE6000D0E7A260C7E72146284600F0E5FFB4F9E5
:10EE70000C30226913F001010FD061690020494272
:10EE8000A060A161002AB6D103F080010029B2D0B0
:10EE9000CAE7184600F084FF9FE7980700D461692D
:10EEA000A160EFE76069A2604042A0610029A2D0A2
:10EEB000BAE7092243F040032A60A3814FF0FF30F4
:10EEC00038BD00BF482A0020032A30B412D941EAD5
:10EED000000484460B46A40721D11946604653F826
:10EEE000044B5CF8045BA54219D1043A032AF4D818
:10EEF00060461946541E7AB1431E0139021901E0D9
:10EF00009A4209D013F8010F11F801CF6045F7D0EC
:10EF1000A0EB0C0030BC7047002030BC7047541E82
:10EF2000EAE700BF88420DD98B1883420AD900EB6B
:10EF3000020C5AB3624613F801CD994202F801CD92
:10EF4000F9D170470F2A0DD802F1FF3CF2B10CF154
:10EF5000010C431E8C4411F8012B614503F8012F6D
:10EF6000F9D1704740EA01039B07F0B50C460ED07B
:10EF700002F1FF3C03460CF1010C013B8C4411F8FB
:10EF8000012B614503F8012FF9D1F0BD7047A2F1C3
:10EF9000100501F1200E01F1100300F1100C25F015
:10EFA0000F05AE4453F8106C10330CF1100C4CF8F4
:10EFB000206C53F81C6C4CF81C6C53F8186C73459F
:10EFC0004CF8186C53F8146C4CF8146CEAD101EB43
:10EFD000050C12F00C0F05440CF1100105F11003A3
:10EFE00002F00F050E4618D0043DA0EB040E25F0EC
:10EFF0000304A4440CF1140C0F6801EB0E0504315A
:10F000002F606145F8D1043402F00302A1192344B2
:10F0100002F1FF3C002AAED1F0BD2A46F8E700BF5E
:10F02000830730B546D08418844604E003F8011BFA
:10F030009D0704D09C46A4456346F7D130BD013AF4
:10F040000244A2EB0C02032A29D9CCB20F2A04EB0A
:10F05000042404EB04442FD9A2F1100C03F1100591
:10F060002CF00F0CAC44C3E90044C3E90244103354
:10F070006345F8D112F00C0F02F00F0E18D02EF0ED
:10F08000030CAEF104051A469C4442F8044B624559
:10F09000FBD125F0030404330EF003022344002ABD
:10F0A000CCD0C9B21A4403F8011B9342FBD130BD46
:10F0B0007246F4E70346C6E79646E0E711F0FF0123
:10F0C000034600F0030239D08ABB10B501EB012ED4
:10F0D00002680EEB0E4EA2F101338EEA020423EA1F
:10F0E0000203A4F1013222EA0402134313F0803F29
:10F0F0000FD150F8044F84EA0E0CA4F10133ACF1A7
:10F10000013223EA040322EA0C02134313F0803F86
:10F11000EFD0037823B936E010F8013F002B32D04E
:10F120009942F9D110BD8A4228D09A0729D01A787D
:10F1300018460133002AF6D110467047CAB9026852
:10F14000A2F1013323EA020313F0803F08D150F803
:10F15000042FA2F1013323EA020313F0803FF6D01B
:10F1600003785BB110F8013F002BFBD17047990782
:10F1700005D0184613F8012B002AF8D1704718461D
:10F18000DDE71846A1E7184610BD00BF82B30B4665
:10F1900030B540EA01048646A40717D1032A07D8F0
:10F1A00014E0043A22D01CF0803F1FD1032A23D957
:10F1B000DEF80040194653F8045B7046A4F1013CA8
:10F1C0000EF1040EAC422CEA040CEAD00378013AAA
:10F1D0000C78A3420ED1024406E03BB110F8013F87
:10F1E00011F8014FA34205D19042F6D1002030BD65
:10F1F00010467047181B30BD70461946E6E700BF41
:10F20000F0B5002683B0019612B3134B14460F4697
:10F2100001220146186801AB00F0C0FE054600F06F
:10F2200081FAA0420DD22946384600F067F90198CC
:10F2300008B103B0F0BD2B78002B08BF162003B037
:10F24000F0BD013C29463846224600F0F5F93E550E
:10F25000222003B0F0BD00BF482A002038B51F2887
:10F26000134B1D681ED8D5F83821044662B152F8F8
:10F2700020304BB1012B05D0591C0FD0002142F892
:10F2800020109847002038BD284600F029F8224673
:10F2900001462846BDE8384000F00CB8162301208E
:10F2A0002B6038BD16234FF0FF302B6038BD00BFF8
:10F2B000482A002070B50C460346084D002620461B
:10F2C00011461C462E60F2F795FF431C00D070BD1E
:10F2D0002B68002BFBD0236070BD00BF6838002076
:10F2E000F2F786BF38B50022064D044608462A606C
:10F2F000F2F768FF431C00D038BD2B68002BFBD011
:10F30000236038BD68380020014B1868704700BF83
:10F31000482A0020704700BF704700BF704700BFF9
:10F32000704700BF082802D14FF48050704708B5DD
:10F33000FFF7EAFF162203464FF0FF301A6008BDC0
:10F3400080EA010C1CF0030F37D110F0030C20F001
:10F35000030021F0030150F8042B08BF51F8043BCF
:10F360000ED08CF0030C6FF07F434FEACC0C23FAE5
:10F370000CFC51F8043B42EA0C0243EA0C0300BFC8
:10F38000A2F1013C9A4201BF2CEA020C1CF0803F22
:10F3900050F8042B51F8043BF2D04FEA02604FEAD8
:10F3A0001222012828BFB0EB036F08BF1B0AF4D05C
:10F3B00003F0FF03000EC01A704710F0030F0AD0CD
:10F3C00010F8012B11F8013B012A28BF9A42F4D012
:10F3D000A2EB030070474DF8045D50F8042B01F0D8
:10F3E000030521F0030151F8043B022D26D04DD82E
:10F3F00022F07F45B5EB132FA2F1013C2CEA020C61
:10F400000DD11CF0803C08BF51F8043B0AD185EABD
:10F410000205B5EB036F0CD150F8042BE8E74FEA77
:10F4200013235BE03CF07F4C54D10B784FEA12651C
:10F4300054E04FEA126503F0FF034FE04FEA024544
:10F44000A2F1013C4FEA15452CEA020CB5EB134F33
:10F4500018D11CF0803C08BF51F8043B07D185EA65
:10F460000205B5EB034F09D150F8042BE6E75FEA3C
:10F470000C4C2FD10B884FEA12452FE04FEA034383
:10F480004FEA12454FEA134328E000BF02F0FF05A0
:10F49000B5EB136FA2F1013C2CEA020C0DD11CF06C
:10F4A000803C08BF51F8043B0AD185EA0205B5EB60
:10F4B000032F0AD150F8042BE8E74FEA13630DE05D
:10F4C00012F0FF0F06D051F8043B4FEA122523F04B
:10F4D0007F4303E04FF0000020BC704705F0FF02BF
:10F4E00003F0FF00012828BF904204BF2D0A1B0A29
:10F4F000F4D0A2EB000020BC704700BF80EA0102FC
:10F50000844612F0030F4FD111F0030F32D14DF8A2
:10F51000044D11F0040F51F8043B0BD0A3F101325C
:10F520009A4312F0803F04BF4CF8043B51F8043B6F
:10F5300016D100BF51F8044BA3F101329A4312F0E7
:10F54000803FA4F101320BD14CF8043BA24312F0EE
:10F55000803F04BF51F8043B4CF8044BEAD02346EB
:10F560000CF8013B13F0FF0F4FEA3323F8D15DF89D
:10F57000044B704711F0010F06D011F8012B0CF865
:10F58000012B002A08BF704711F0020FBFD031F8DD
:10F59000022B12F0FF0F16BF2CF8022B8CF8002064
:10F5A00012F47F4FB3D1704711F8012B0CF8012BE7
:10F5B000002AF9D1704700BF30B586468007CCB22B
:10F5C00015D00EEB0205F44606E013F8011BA1422C
:10F5D00007D0990706D09C46654563466046F4D13E
:10F5E000002030BD013A72449E46A2EB0C02032A71
:10F5F0000CD8002AF4D07346724401E09A42EFD04E
:10F60000184613F8011BA142F8D130BD04EB0425C4
:10F61000714605EB05458E4651F8043B6B40A3F15E
:10F62000013020EA030313F0803FE4D1043A032AB7
:10F63000F1D88E46DDE700BF844641EA000313F0AF
:10F64000030349D1403A23D30B6803604B684360FE
:10F650008B688360CB68C3600B6903614B6943614E
:10F660008B698361CB69C3610B6A03624B6A436236
:10F670008B6A8362CB6AC3620B6B03634B6B43631E
:10F680008B6B8363CB6BC36340304031403ADBD23A
:10F6900030320BD30B6803604B6843608B68836028
:10F6A000CB68C36010301031103AF3D20C3205D35E
:10F6B00051F8043B40F8043B043AF9D2043208D034
:10F6C000D2071CBF11F8013B00F8013B01D30B88A6
:10F6D00003806046704700BF082A13D38B07B1D060
:10F6E00010F00303AED0C3F10403D21ADB071CBF32
:10F6F00011F8013B00F8013BA4D331F8023B20F89C
:10F70000023B9FE7043AD9D3013A11F8013B00F8D4
:10F71000013BF9D20B7803704B7843708B78837080
:10F720006046704720F0030110F00300C0F10000B4
:10F7300051F8043B00F1040C4FEACC0C6FF00002CE
:10F740001CBF22FA0CF213434FF0010C4CEA0C2CB4
:10F750004CEA0C4CA3EB0C0222EA030212EACC1294
:10F7600004BF51F8043B0430F4D0C2F1000102EAB6
:10F770000102B2FA82F2C2F11F0200EBD20070471E
:10F780002DE9F8431C4D064698460F4628689146D9
:10F79000FFF7C4FD194B1C682CB3286865681F2D42
:10F7A00024DC4EB96B1C0235636044F82570FFF70A
:10F7B000B7FD0020BDE8F88304EB85010123022E8C
:10F7C000C1F8889003FA05F3D4F8882142EA0302CD
:10F7D000C4F88821C1F80881E4D1D4F88C211A43F7
:10F7E000C4F88C21DEE7064C1C60D6E7FFF798FDD5
:10F7F0004FF0FF30DEE700BF902B00205430002098
:10F8000058300020024B13B10248FEF745B970474B
:10F8100000000000690402100148FFF77FBD00BF2F
:10F82000EC3100200148FFF77BBD00BFEC31002028
:10F830002DE9F8430646DFF8AC8008208946FFF73B
:10F8400071FD05463046FEF747FCD8F808305F6882
:10F8500027F00307A7F11104A4EB09042C44B4FB1F
:10F86000F5F4013C05FB04F4A54208DC0021304618
:10F87000FFF738FDD8F808303B44984205D03046B1
:10F88000FEF730FC0020BDE8F88361423046FFF708
:10F8900029FD01300FD03F1B104AD8F80830304600
:10F8A00047F001075F6013681B1B1360FEF71AFC2B
:10F8B0000120BDE8F88300213046FFF713FDD8F89A
:10F8C0000820831A0F2BDADD43F00103034953604C
:10F8D000034B1B68C01A0860D1E700BFF831002055
:10F8E000342600204026002000295AD0F8B50C46C6
:10F8F0000746FEF7F1FB734D54F804CCA4F108025F
:10F90000A8682CF001030CF0010ED1184E68884253
:10F9100026F003067CD088194E60406800F0010094
:10F92000BEF1000F2ED154F8084C05F1080C121B43
:10F9300023449468644560D0D2F80CE0C4F80CE02D
:10F94000CEF8084000287DD043F0010050600B60E5
:10F95000B3F5007F2ED25809D90801238340686887
:10F960000131034355F831006B6005EBC103083BDF
:10F97000C2E9020345F83120C2603846BDE8F840CC
:10F98000FEF7B0BB70B9334405F1080C886843F04A
:10F99000010460456ED0C968C16088605460D3506E
:10F9A000D6E770474CF00101B3F5007F44F8041C22
:10F9B000D350D0D3B3F5206F4FEA532144D29909E5
:10F9C00001F1390001F13804C1006818695808389C
:10F9D000884203D155E08968884204D04C6824F0FD
:10F9E00003049C42F7D8C868C2E902108260384616
:10F9F000CA60BDE8F840FEF775BB80BB1E44D1E984
:10FA00000213CB60996046F0010353609651B4E74E
:10FA10001E44BEF1000F07D154F8083CD21A1E4410
:10FA2000D2E90213CB60996046F001035360264B84
:10FA3000AA601B68B342A0D8244B38461968FFF768
:10FA4000F7FE9AE73344A1E714290DD954291FD8AA
:10FA5000190B01F16F0001F16E04C100B5E743F02D
:10FA6000010050600B6088E701F15C0001F15B046C
:10FA7000C100AAE7C5E90422C2E902CC5460D35010
:10FA80007BE7A4100123A3406C6823436B60ABE7C2
:10FA9000B1F5AA7F06D8D90B01F1780001F17704FE
:10FAA000C10092E740F25450814206D8990C01F10E
:10FAB0007D0001F17C04C10087E74FF47E717E2454
:10FAC00083E700BF4026002038260020283200208F
:10FAD000B1F90C202DE9F04115070C4680464ED4B3
:10FAE000496842F400630029A38163DDA66A002E01
:10FAF00042D0002112F48052D8F80050C8F800100B
:10FB000065D10123E1694046B0470246501C6CD0E4
:10FB1000B4F90C30A66A590705D56368D21A236B6D
:10FB20000BB1E36BD21A0023E1694046B047421C97
:10FB3000B4F90C304DD1D8F800101D2940D8304A06
:10FB4000CA40D7073CD523F40062DE04A2814FF0FF
:10FB5000000262602269226001D5002943D0216B36
:10FB6000C8F8005041B104F14003994202D0404628
:10FB7000FFF7BAFE002323630020BDE8F0810E6981
:10FB8000002EF9D092070D680E600CBF4B69002360
:10FB9000AD1B8B600BE02B463246E1694046676A3D
:10FBA000B847B0F1000CA5EB0C05664406DD002D4E
:10FBB000F1DCE1E7E16B002998DCDDE7B4F90C301A
:10FBC00043F040034FF0FF30A381BDE8F081226D88
:10FBD000A1E723F40062DB04A2814FF0000262601F
:10FBE00022692260BBD52065B9E7D8F80030002B28
:10FBF0008ED01D2B01D0162BE0D1C8F80050BBE7EA
:10FC00000100402038B505460C4608B1436B03B3EC
:10FC1000B4F90C0088B1636EDB0701D481050FD500
:10FC200028462146FFF754FF636E0546DA0702D4E3
:10FC3000A3899B0508D5284638BD0546284638BD0A
:10FC4000A06DFFF76BFBEBE7A06DFFF769FB2846A4
:10FC500038BD00F0A5F8DBE7024A0349034800F08D
:10FC6000C9B800BF982B002091040210502A002030
:10FC70000C4B4168994210B5044601D000F008FCD5
:10FC8000A168094B994202D0204600F001FCE168CE
:10FC9000064B994204D02046BDE8104000F0F8BB66
:10FCA00010BD00BF2C32002094320020FC32002016
:10FCB0002DE9F843314A0025314C04233149DFF85E
:10FCC000D89004F15C00DFF8D4802F4F2F4E1160E4
:10FCD0002946082225606566C4E90335C4E9015553
:10FCE000C4E90555FFF79CF904F15800E662C4E940
:10FCF0000749C4E90987FFF70DFB254B2946082270
:10FD000004F1C40063672567C4F8CC50C4F8805080
:10FD1000C4E91A55C4E91E55FFF782F904F16803D6
:10FD200004F1C000C4F88430C4E92298C4E9247600
:10FD3000FFF7F0FA174B294604F596700822C4F82D
:10FD4000DC30C4F8D850C4F83451C4F8E850C4E9E1
:10FD50003455C4E93855FFF763F904F1D00304F5CD
:10FD60009470C4F8F090C4F8FC60C4F8EC30C4E9B6
:10FD70003D87BDE8F843FFF7CDBA00BF64330020EC
:10FD80002C32002059FC01106DFF011095FF01106D
:10FD9000090001001200020009FF01102DFF0110EF
:10FDA00010B504460A48FFF7B9FA636B23B9094B4B
:10FDB000094A1B68626323B10548BDE81040FFF79C
:10FDC000AFBAFFF775FF0248BDE81040FFF7A8BAC9
:10FDD000F43100206433002071FC01100148FFF76A
:10FDE0009DBA00BFF43100200148FFF799BA00BF67
:10FDF000F43100202DE9F8434FF00009074688460A
:10FE00001646D6E90154013D0FD4A389012B08D928
:10FE1000B4F90E3021463846013302D0C04749EAD2
:10FE20000009013D68346B1CEFD13668002EE8D123
:10FE30004846BDE8F88300BFB1F90C3070B50C46F8
:10FE4000990796B007D504F1430301222360C4E962
:10FE5000043216B070BDB4F90E10054600292BDB34
:10FE60006A4600F097FA002824DB4FF480612846A8
:10FE7000019EFDF775FEB4F90C30A0B306F4704690
:10FE800043F080034FF480622060B6F5005F20618C
:10FE9000A381626135D1B4F90E10284600F090FAC2
:10FEA000B4F90C3068B323F003034FF4006243F05D
:10FEB000010314E0B4F90C3013F0800F28460CBF96
:10FEC0004FF4806540252946FDF74AFEB4F90C3011
:10FED00048B143F0800300222060C4E904051343C5
:10FEE000A38116B070BD9A05B3D423F0030304F1C7
:10FEF0004302012143F002032260C4E90421A381EB
:10FF0000A7E74FF40062EAE710B50C46B1F90E100E
:10FF100000F07EFA002803DB236D0344236510BD47
:10FF2000A38923F48053A38110BD00BF2DE9F041C4
:10FF30000C46B1F90C101F460546CB0516460BD4EE
:10FF400021F480513B4632462846A181B4F90E1077
:10FF5000BDE8F04100F072BAB4F90E10022300229D
:10FF600000F040FAB4F90C10EAE700BF10B50C46F7
:10FF7000B1F90E1000F036FA421CB4F90C3004D07E
:10FF800043F480532065A38110BD23F48053A381E3
:10FF900010BD00BFB1F90E1000F0EAB98C46114651
:10FFA000BCF18E0F00F29180DFE81CF039013701BF
:10FFB0003501330131012F012D012B0129012701C9
:10FFC0002501230121011F011D018F001B011901C2
:10FFD00017011501130111010F010D010B01090199
:10FFE0000701050103010101FF00FD00FB00F9000D
:10FFF000F700F500F3008F008F008F008F008F0057
:020000041002E8
:100000008F008F008F00F100EF008F008F008F00B6
:100010008F008F008F008F008F008F008F008F0068
:100020008F008F00ED00EB00E900E7008F008F00EC
:100030008F00E5008F008F008F00E3008F008F009E
:10004000E1008F008F00DF008F008F008F008F0096
:100050008F008F008F008F008F008F00DD008F00DA
:10006000DB00D900D7008F008F00D5008F008F00F4
:100070008F008F008F008F008F008F00D300D10082
:10008000CF00CD00CB00C9008F00C700C500C30062
:10009000C100BF00BD00BB00B900B700B500B30090
:1000A000B100AF008F00AD00AB00A900A7008F002A
:1000B0008F008F008F008F00A5008F008F008F00B2
:1000C000A300A1009F009D009B00002B14BF1A46B7
:1000D0000246604608B500F049F9002800F0A1800A
:1000E00008BD5148704751487047514870475148C2
:1000F00070475148704751487047514870475148C0
:1001000070475148704751487047514870475148AF
:10011000704751487047514870475148704751489F
:10012000704751487047514870475148704751488F
:10013000704751487047514870475148704751487F
:10014000704751487047514870475148704751486F
:10015000704751487047514870475148704751485F
:10016000704751487047514870475148704751484F
:10017000704751487047514870475148704751483F
:10018000704751487047514870475148704751482F
:10019000704751487047514870475148704751481F
:1001A000704751487047514870475148704751480F
:1001B00070475148704751487047514870475148FF
:1001C00070475148704751487047514870475148EF
:1001D00070475148704751487047514870475148DF
:1001E00070475148704751487047514870475148CF
:1001F00070475148704751487047514870475148BF
:1002000070475148704751487047514870475148AE
:10021000704751487047514870475148704751489E
:100220007047514808BD00BFA83702109037021030
:100230007C370210E0370210D8340210103402105C
:1002400048370210603702104C3302100C3702108E
:10025000803502100838021014320210DC3102100E
:10026000E4320210E4330210D43202101C380210BF
:1002700028330210FC34021024370210F436021026
:10028000C4360210AC3602108C3602106C360210E6
:100290003C36021018360210D8360210BC37021055
:1002A00000360210E4350210D0350210B4350210C9
:1002B000A83502109435021070350210583502101E
:1002C000443502102C350210343602101C35021051
:1002D00014350210F0340210C4340210A834021095
:1002E000943402106434021058340210483402105E
:1002F0003034021020340210F8330210D4330210CC
:10030000C4330210AC3302108C3302106C33021071
:100310001433021004330210C4320210B43202103B
:10032000A0320210943202107C320210703202109D
:100330005C320210483202103432021008320210CD
:10034000F8310210C8310210B43102109831021095
:100350008C310210743102106431021048310210E5
:100360003C31021034310210841102100020704719
:1003700038B50022064D044608462A60F1F75CFFB6
:10038000431C00D038BD2B68002BFBD0236038BD48
:100390006838002070B50C460346084D00262046FC
:1003A00011461C462E60F1F74FFF431C00D070BD74
:1003B0002B68002BFBD0236070BD00BF6838002085
:1003C00038B50022064D044608462A60F1F740FF82
:1003D000431C00D038BD2B68002BFBD0236038BDF8
:1003E0006838002038B50C4684461146074D1A4639
:1003F0000023204664462B60F1F722FF431C00D007
:1004000038BD2B68002BFBD0236038BD6838002036
:1004100038B50C4684461146074D1A46002320463F
:1004200064462B60F1F7EAFE431C00D038BD2B6810
:10043000002BFBD0236038BD6838002038B50C464F
:1004400084461146074D1A460023204664462B6019
:10045000F1F7E2FE431C00D038BD2B68002BFBD027
:10046000236038BD6838002038B5074D074C2C1B79
:10047000A41005D0013C55F8043D9847002CF9D153
:10048000BDE83840F1F79CBE8006021080060210DD
:1004900070B500293FD006460C4610B1436B002BC7
:1004A0003CD0636EB4F90C20DD0732D4900538D50A
:1004B00021463046FFF70CFBE36A054633B1E1699C
:1004C000304698470028B8BF4FF0FF35A3891A0679
:1004D00039D4216B41B104F14003994202D0304636
:1004E000FFF702FA00232363616C21B13046FFF766
:1004F000FBF900236364FFF771FC636E0022DB07E6
:10050000A2811CD5A06DFEF707FFFFF76DFC284602
:1005100070BD002ACCD10025284670BDFFF740FCF5
:10052000BFE7A06DFEF7FAFEB4F90C30002BBFD187
:10053000636ED907EFD4A06DFEF7F2FEEBE7A06D76
:10054000FEF7EEFEDEE721693046FFF7CDF9C0E7A2
:100550005FF800F03D0E00205FF800F0C32400209B
:100560005FF800F0010500205FF800F0A5200020F2
:100570005FF800F0D90500205FF800F011010020BD
:100580005FF800F0C51800205FF800F09D0D002016
:100590005FF800F0791800205FF800F0691800207B
:1005A0005FF800F0F90D00205FF800F0C50D0020A5
:1005B0005FF800F0A92400205FF800F06D1800201B
:1005C0005FF800F0C90100205FF800F0010300208F
:1005D0005FF800F0610200205FF800F0BD24002009
:1005E0005FF800F0C90200205FF800F05D200020F5
:1005F0005FF800F09D2400205FF800F05504002013
:100600005FF800F0790100205FF800F0712400200D
:100610005FF800F0812000205FF800F05511002005
:1006200005F8001079F70010ADF7001095F80010EC
:10063000E5F70010DDF600102DF80010C9F60010E7
:1006400015EA001031F80010E1ED001029F7001054
:1006500019F80010C9F700100DE4001035E400107F
:100660009549011005F80110892B011091720010B5
:1006700031BD001091DC001075D001104DDA011071
:100680005365636F6E6420636F7265206C61756E75
:10069000636865640A0000005069636F4932434231
:1006A00075733A20493243207772697465206F7000
:1006B00065726174696F6E2074696D6564206F7511
:1006C000742E204465766963652061646472657385
:1006D000733A203078253032580A00005069636F31
:1006E0004932434275733A20493243207772697424
:1006F00065206F7065726174696F6E206661696CE8
:10070000656420776974682067656E657269632027
:100710006572726F722E204465766963652061642C
:1007200064726573733A203078253032580A0000BD
:100730005069636F4932434275733A20493243200E
:100740007772697465206F7065726174696F6E206D
:10075000696E636F6D706C6574652E204465766993
:10076000636520616464726573733A203078253064
:1007700032582C204578706563746564206C656E12
:100780006774683A20257A752C2041637475616C12
:10079000206C656E6774683A2025640A00000000CA
:1007A0005069636F4932434275733A20493243209E
:1007B000726561645265676973746572206F7065F4
:1007C000726174696F6E2074696D6564206F7574F1
:1007D000206174207772697465206F70657261742E
:1007E000696F6E2E2044657669636520616464726A
:1007F0006573733A203078253032582C2052656763
:10080000697374657220616464726573733A203031
:1008100078253032580A00005069636F49324342EC
:1008200075733A2049324320726561645265676985
:1008300073746572206F7065726174696F6E206683
:1008400061696C6564206174207772697465206FDA
:100850007065726174696F6E3A2061646472657369
:1008600073206E6F742061636B6E6F776C65646765
:100870006564206F72206E6F206465766963652001
:1008800070726573656E742E2044657669636520A9
:10089000616464726573733A203078253032582C65
:1008A0002052656769737465722061646472657350
:1008B000733A203078253032580A00005069636F4F
:1008C0004932434275733A2049324320726561646C
:1008D0005265676973746572206F706572617469BF
:1008E0006F6E20696E636F6D706C6574652028771C
:1008F00072697465206F7065726174696F6E292EFC
:100900002044657669636520616464726573733A37
:10091000203078253032582C205265676973746511
:100920007220616464726573733A203078253032C6
:10093000582C204578706563746564206C656E671B
:1009400074683A20312C2041637475616C206C65A9
:100950006E6774683A2025640A0000005069636F6E
:100960004932434275733A204932432072656164CB
:100970005265676973746572206F7065726174691E
:100980006F6E2074696D6564206F757420617420CA
:1009900072656164206F7065726174696F6E2E207C
:1009A00044657669636520616464726573733A2097
:1009B0003078253032582C2052656769737465721F
:1009C00020616464726573733A2030782530325840
:1009D0000A0000005069636F4932434275733A2040
:1009E0004932432072656164526567697374657248
:1009F000206F7065726174696F6E206661696C65E5
:100A0000642061742072656164206F706572617426
:100A1000696F6E3A2061646472657373206E6F74DF
:100A20002061636B6E6F776C6564676564206F72BD
:100A3000206E6F20646576696365207072657365EA
:100A40006E742E2044657669636520616464726506
:100A500073733A203078253032582C2052656769FC
:100A60007374657220616464726573733A203078C0
:100A7000253032580A0000005069636F4932434202
:100A800075733A2049324320726561645265676923
:100A900073746572206F7065726174696F6E20691E
:100AA0006E636F6D706C657465202872656164207B
:100AB0006F7065726174696F6E292E204465766966
:100AC000636520616464726573733A203078253001
:100AD00032582C20526567697374657220616464B2
:100AE000726573733A203078253032582C2045785F
:100AF000706563746564206C656E6774683A202560
:100B0000642C2041637475616C206C656E67746839
:100B10003A2025640A0000005069636F493243425D
:100B200075733A204932432072656164206F7065A5
:100B3000726174696F6E2074696D6564206F75747D
:100B40002E20446576696365206164647265737301
:100B50003A203078253032580A0000005069636F1F
:100B60004932434275733A204932432072656164C9
:100B7000206F7065726174696F6E206661696C6563
:100B8000642061646472657373206E6F74206163A6
:100B90006B6E6F776C6564676564206F72206E6F33
:100BA000206465766963652070726573656E742E66
:100BB0002044657669636520616464726573733A85
:100BC000203078253032580A000000005069636FE9
:100BD0004932434275733A20493243207265616459
:100BE000206F7065726174696F6E20696E636F6DDE
:100BF000706C6574652E2044657669636520616458
:100C000064726573733A203078253032582C204551
:100C100078706563746564206C656E6774683A20EB
:100C2000257A752C2041637475616C206C656E6744
:100C300074683A2025640A0050696F4F6E655769E1
:100C4000726553657269616C3A2052656164207403
:100C5000696D656F757420616674657220256C64BA
:100C6000206D6963726F7365636F6E64732C20739C
:100C70006F757263652070696F3A2025702C207340
:100C80006D5F72783A2025752C206C656E3A2025B0
:100C90007A750A00535344313330363A204661693D
:100CA0006C656420746F2073657420636F6E74725A
:100CB0006173740A000000004D54363730313A2019
:100CC0004661696C656420746F207265616420619F
:100CD0006E676C6520726567697374657220666FF4
:100CE0007220646576696365206174206164647252
:100CF000657373203078253032580A0053534431DD
:100D00003330363A204661696C656420746F207711
:100D100072697465206164647265737320636F6DBA
:100D20006D616E64730A0000535344313330363AB8
:100D3000204661696C656420746F20777269746500
:100D4000206C696E6520646174610A004C534D36F5
:100D50004453523A204661696C656420746F207276
:100D600065616420646174612066726F6D207365D3
:100D70006E736F722E0A00004C534D364453523A34
:100D8000204661696C656420746F2072656164201F
:100D90005354415455535F524547207265676973F8
:100DA0007465722E0A000000535344313330363AD2
:100DB000204661696C656420746F2073656E6420E1
:100DC000636F6D6D616E64203078253032580A0093
:100DD0004C534D364453523A204661696C65642049
:100DE000746F20726561642057484F5F414D5F49C1
:100DF0002072656769737465722077697468696EBB
:100E00002074686520696E697469616C697A6174BF
:100E1000696F6E2064656C6179202575206D732E75
:100E20000A0000004C534D364453523A2046616943
:100E30006C656420746F20726561642057484F5F51
:100E4000414D5F492072656769737465722E0A00AF
:100E50004C534D364453523A204661696C656420C8
:100E6000746F2077726974652052455345545F5200
:100E700045472072656769737465722E0A00000029
:100E80004C534D364453523A204661696C65642098
:100E9000746F20726561642057484F5F414D5F4910
:100EA0002072656769737465722077697468696E0A
:100EB0002074686520696E697469616C697A61740F
:100EC000696F6E2064656C6179206166746572205B
:100ED0007265736574202575206D732E0A000000FD
:100EE0004C534D364453523A2057484F5F414D5F63
:100EF00049207265676973746572207265747572D2
:100F00006E656420756E65787065637465642076BF
:100F1000616C75653A203078253032582C20736822
:100F20006F756C64206265203078253032580A0075
:100F30004C534D364453523A204661696C656420E7
:100F4000746F2072656164204354524C315F584C79
:100F50002072656769737465722E0A004C534D36B2
:100F60004453523A204661696C656420746F20775F
:100F700072697465204354524C315F584C2072653D
:100F80006769737465722E0A000000004C534D3679
:100F90004453523A20556E6B6E6F776E20616363D7
:100FA000656C65726F6D657465722072616E6765E0
:100FB0002E0A00004C534D364453523A2046616984
:100FC0006C656420746F2073657420616363656C65
:100FD00065726F6D657465722072616E67652E0A49
:100FE000000000004C534D364453523A204661698C
:100FF0006C656420746F2072656164204354524CA8
:10100000325F472072656769737465722E0A00004B
:101010004C534D364453523A204661696C65642006
:10102000746F207772697465204354524C325F4765
:101030002072656769737465722E0A004C534D36D1
:101040004453523A20556E6B6E6F776E20677972FB
:101050006F73636F70652072616E67652E0A0000A2
:101060004C534D364453523A204661696C656420B6
:10107000746F20736574206779726F73636F706526
:101080002072616E67652E0A000000004C534D36D9
:101090004453523A204661696C656420746F207332
:1010A0006574206461746120726174652E0A0000A9
:1010B0004C534D364453523A204661696C65642066
:1010C000746F2072657365742E0A00004465627542
:1010D0006720564255532064657465637465642CBB
:1010E00020656E61626C696E672064656275672059
:1010F0006D657373616765732E0A0000456E636FDB
:101100006465727320696E697469616C697A61746F
:10111000696F6E207375636365737366756C0A001F
:101120004661696C656420746F20696E69746961D9
:101130006C697A65204D543637303120656E636FA7
:101140006465722028726967687420736964652910
:101150000A0000004661696C656420746F20696E46
:10116000697469616C697A65204D54363730312075
:10117000656E636F64657220286C656674207369A0
:101180006465290A00000000496E697469616C6930
:101190007A696E6720494D552E2E2E0A00000000F8
:1011A0004661696C656420746F20696E6974696159
:1011B0006C697A6520494D550A0000004C534D3644
:1011C0004453523A204661696C656420746F207202
:1011D000656164204354524C345F432072656769F3
:1011E000737465722E0A00004C534D364453523AC4
:1011F000204661696C656420746F2077726974653C
:10120000204354524C345F432072656769737465A0
:10121000722E0A004C534D364453523A20466169AF
:101220006C656420746F2072656164204354524C75
:10123000365F432072656769737465722E0A000019
:101240004C534D364453523A204661696C656420D4
:10125000746F207772697465204354524C365F4333
:101260002072656769737465722E0A004661696C45
:10127000656420746F2073657420494D552067792B
:10128000726F204C50460A004C534D364453523A2C
:10129000204661696C656420746F2072656164200A
:1012A0004354524C385F584C2072656769737465BB
:1012B000722E0A004C534D364453523A204661690F
:1012C0006C656420746F2077726974652043545292
:1012D0004C385F584C2072656769737465722E0ACA
:1012E000000000004661696C656420746F207365BE
:1012F0007420494D5520616363656C204C50460A4B
:10130000000000004C534D364453523A2046616968
:101310006C656420746F207265616420494E54319D
:101320005F4354524C2072656769737465722E0A6C
:10133000000000004C534D364453523A2046616938
:101340006C656420746F20777269746520494E540F
:10135000315F4354524C2072656769737465722E15
:101360000A0000004C534D364453523A20446174F5
:1013700061207265616479206576656E7420636FA3
:101380006E666967757265642E0A0000494D5520C6
:10139000696E697469616C697A6174696F6E2073D2
:1013A00075636365737366756C0A00004661696CEA
:1013B000656420746F2073657420494D5520696EF3
:1013C00074657272757074730A00000043616C6911
:1013D00062726174696E6720494D552E2E2E0A0087
:1013E000494D552063616C6962726174696F6E204A
:1013F000636F6D706C6574652E2053616D706C65E4
:10140000733A2025642C20416363656C2042696136
:10141000733A2028252E32662C20252E32662C2069
:10142000252E3266292C204779726F20426961731C
:101430003A2028252E32662C20252E32662C202597
:101440002E3266290A000000494D552063616C69FF
:1014500062726174696F6E2073756363657373661E
:10146000756C0A00494D552063616C696272617444
:10147000696F6E206661696C65643A206E6F2064E6
:101480006174612073616D706C657320636F6C6C47
:1014900065637465640A0000496E697469616C690A
:1014A0007A696E672073656E736F72732E2E2E0AC3
:1014B00000000000496F496E746572727570744562
:1014C00076656E743A20496E697469616C697A69EF
:1014D0006E672073746174696320696E7374616EE2
:1014E00063657320616E642073657474696E672030
:1014F0004952512063616C6C6261636B0A000000A9
:101500004750494F2070696E206E756D626572207C
:1015100025642065786365656473206D6178696D05
:10152000756D20737570706F727465642070696E6C
:101530007320666F7220696F5F696E746572727571
:1015400070745F6576656E74000000004F6E6557BD
:101550006972654465766963653A205761697469A3
:101560006E6720666F7220646576696365202575F5
:1015700020746F20626F6F742077697468207469BB
:101580006D656F7574202564206D730A000000007E
:101590005225303258253032580A00004F6E6557B8
:1015A0006972654465766963653A204661696C6570
:1015B0006420746F2072656164207265676973745A
:1015C0006572202530325820666F72206465766916
:1015D00063652025750A00004F6E65576972654482
:1015E00065766963653A204465766963652025758B
:1015F00020726573706F6E646564207375636365D4
:10160000737366756C6C790A0000000055253032E2
:10161000580A00004F6E65576972654465766963C4
:10162000653A2054696D656F7574207265616368F1
:1016300065642C206465766963652025752064697E
:1016400064206E6F7420726573706F6E640A0000A0
:101650004952207265636569766572206661696CBE
:10166000656420746F20626F6F74206F72206973DD
:10167000206E6F7420726573706F6E64696E670A96
:10168000000000004661696C656420746F2072651B
:10169000737461727420495220726563656976655E
:1016A000720A000053656E736F7220696E69746907
:1016B000616C697A6174696F6E20737563636573B9
:1016C0007366756C0A0000004661696C656420747D
:1016D0006F2064657465726D696E65206261756402
:1016E00020726174650000004661696C6564207455
:1016F0006F2073657420492F4F206D6F6465000063
:101700004661696C656420746F207365742073652D
:101710007269616C20626175642072617465000099
:101720004661696C656420746F207361766520631F
:101730006F6E66696775726174696F6E0000000094
:101740004661696C656420746F20726573746172A0
:1017500074206465766963650000000057253032A7
:101760005825303258253033580A00004F6E6557DF
:101770006972654465766963653A204661696C659E
:101780006420746F2073657420492F4F206D6F643F
:101790006520666F72206465766963652025750A29
:1017A000000000004F6E6557697265446576696395
:1017B000653A204661696C656420746F20736574B6
:1017C0002073657269616C20626175642072617456
:1017D0006520666F72206465766963652025750AE9
:1017E000000000004F6E6557697265446576696355
:1017F000653A2044657669636520257520736572B6
:1018000069616C2062617564207261746520736522
:101810007420746F2025750A0000000053253032B3
:10182000580A00004661696C656420746F20736516
:10183000742072616E67652074696D696E6700005F
:101840004661696C656420746F20736574206D69EE
:101850006E696D756D2072616E6765004661696CB9
:10186000656420746F20736574206D6178696D758F
:101870006D2072616E6765004661696C65642074F5
:101880006F2073657420646574656374696F6E207E
:101890006D6F6465000000004661696C65642074CA
:1018A0006F2073657420646574656374696F6E205E
:1018B0006C6F776572207468726573686F6C640012
:1018C0004661696C656420746F207365742064657B
:1018D00074656374696F6E207570706572207468CA
:1018E000726573686F6C64004661696C656420742E
:1018F0006F20736574206176657261676520636F20
:10190000756E7400436F6E6669677572696E6720E5
:1019100073656E736F72732E2E2E0A00456E74659A
:1019200072696E6720636F6E66696775726174694C
:101930006F6E206D6F64652E2E2E0A00436F6E66EB
:1019400069677572696E672064697374616E636537
:101950002073656E736F72732E2E2E0A00000000C6
:1019600044697374616E63652073656E736F722072
:10197000256420636F6E66696775726174696F6E46
:10198000206661696C65643A2025730A00000000D6
:10199000436F6E6669677572696E67206C696E6504
:1019A0002073656E736F72732E2E2E0A0000000076
:1019B0004C696E652073656E736F722025642063B9
:1019C0006F6E66696775726174696F6E20666169B2
:1019D0006C65643A2025730A00000000436F6E6650
:1019E00069677572696E672049522072656365691F
:1019F0007665722E2E2E0A00495220726563656943
:101A000076657220636F6E66696775726174696F5F
:101A10006E206572726F723A2025730A0000000012
:101A200053656E736F7220636F6E6669677572615E
:101A300074696F6E20636F6D706C6574650A000069
:101A400043616C6962726174696E67206C696E656E
:101A50002073656E736F722025642E2E2E0A00008F
:101A6000496E76616C6964206C696E652073656E81
:101A7000736F7220696E64657820256420666F72CA
:101A80002063616C6962726174696F6E0A000000A4
:101A90004C696E652073656E736F722025642066D5
:101AA00061696C656420746F20626F6F7420666F6B
:101AB000722063616C6962726174696F6E0A000002
:101AC0004C696E652073656E736F722025642063A8
:101AD000616C6962726174696F6E206661696C65C0
:101AE000643A20696E73756666696369656E742011
:101AF00076616C69642073616D706C657320636FCF
:101B00006C6C65637465640A000000004C696E6566
:101B10002073656E736F722025642063616C696247
:101B2000726174696F6E20636F6D706C6574652E81
:101B3000204D696E3A2025642C204D61783A20258D
:101B4000642C205468726573686F6C643A20256455
:101B50000A0000004661696C656420746F2073653B
:101B600074206C696E652073656E736F72202564D6
:101B700020757070657220646574656374696F6E3A
:101B8000207468726573686F6C640A004661696CE2
:101B9000656420746F20736574206C696E652073B2
:101BA000656E736F72202564206C6F776572206498
:101BB0006574656374696F6E207468726573686FAD
:101BC0006C640A004661696C656420746F207361FF
:101BD0007665206C696E652073656E736F72202563
:101BE0006420636F6E66696775726174696F6E20D9
:101BF00061667465722063616C6962726174696F99
:101C00006E0A00004C696E652073656E736F7220FA
:101C100025642063616C6962726174696F6E20650E
:101C20006E636F756E7465726564206572726F7233
:101C3000730A00004C696E652073656E736F7220C5
:101C400025642063616C6962726174696F6E2073D0
:101C500075636365737366756C0A000074727565ED
:101C60000000000066616C73650000004E6F207616
:101C7000616C696420636F6E66696720666F756E5C
:101C80006420696E204E564D2C206C6F6164696E25
:101C9000672064656661756C74730A00436F6E66D5
:101CA0006967206C6F616465642E0A004163636537
:101CB0006C20426961733A2028252E32662C20253B
:101CC0002E32662C20252E3266292C204779726F01
:101CD00020426961733A2028252E32662C20252E59
:101CE00032662C20252E3266290A000043616C6979
:101CF0006272617465643A2025732C20436F6E66AE
:101D00006967757265643A2025730A004552524F1F
:101D1000525B25645D3A2000535344313330363AE8
:101D2000204661696C656420746F20777269746500
:101D300020696E69743120646174610A00000000DA
:101D4000535344313330363A204661696C65642020
:101D5000746F20777269746520696E6974322064CB
:101D60006174610A00000000535344313330363A45
:101D7000204661696C656420746F207772697465B0
:101D800020696E69743320646174610A0000000088
:101D9000535344313330363A204661696C656420D0
:101DA000746F20777269746520696E697434206479
:101DB0006174610A00000000535344313330363AF5
:101DC000205374617274696E672073656C662D743C
:101DD0006573740A00000000535344313330363ABF
:101DE00020436C656172696E6720646973706C6111
:101DF000792062756666657220666F722073656C05
:101E0000662D746573740A00535344313330363A87
:101E10002044726177696E67207465737420706105
:101E2000747465726E20666F722073656C662D74B3
:101E30006573740A00000000535344313330363A5E
:101E40002044726177696E6720626F7264657220E8
:101E5000666F722073656C662D746573740A00007A
:101E6000535344313330363A2044726177696E6798
:101E700020766572746963616C206D616A6F72208F
:101E80006772696420666F722073656C662D746575
:101E900073740A00535344313330363A204472612C
:101EA00077696E6720686F72697A6F6E74616C20F3
:101EB0006D616A6F72206772696420666F72207349
:101EC000656C662D746573740A00000053534431C9
:101ED0003330363A2044726177696E6720746F70D0
:101EE0002072756C6572207469636B7320666F7203
:101EF0002073656C662D746573740A005353443106
:101F00003330363A2044726177696E67206C6566BB
:101F1000742072756C6572207469636B7320666FD0
:101F2000722073656C662D746573740A000000007E
:101F3000535344313330363A2053656C662D746503
:101F40007374207061747465726E20647261776E50
:101F50002C207570646174696E6720646973706C9D
:101F600061790A00496E697469616C697A617469A2
:101F70006F6E206572726F720000000048617264BB
:101F80007761726520696E697469616C697A6174E0
:101F9000696F6E207375636365737366756C0A0091
:101FA0004C61756E6368696E67207365636F6E64FC
:101FB00020636F72652E2E2E0A00000050696F4F4D
:101FC0006E655769726553657269616C3A20466146
:101FD000696C656420746F206164642054582070BB
:101FE000726F6772616D20746F2050494F2E2053BD
:101FF0006F757263652070696F3A2025700A000062
:1020000050696F4F6E655769726553657269616C8F
:102010003A204661696C656420746F2061646420B5
:1020200052582070726F6772616D20746F20504932
:102030004F2E20536F757263652070696F3A2025AB
:10204000700A000050696F4F6E655769726553657D
:102050007269616C3A204661696C656420746F2016
:10206000696E697469616C697A652054582073746B
:10207000617465206D616368696E652E20536F75AC
:102080007263652070696F3A2025702C20736D5F34
:1020900074783A2025752C206F66667365745F74BA
:1020A000783A2025640A000050696F4F6E655769C1
:1020B000726553657269616C3A204661696C65644A
:1020C00020746F20696E697469616C697A65205249
:1020D00058207374617465206D616368696E652E44
:1020E00020536F757263652070696F3A2025702CDC
:1020F00020736D5F72783A2025752C206F666673A9
:1021000065745F72783A2025640A000050494F5F79
:102110005753323831323A204661696C6564207415
:102120006F2073657420636F6E7365637574697671
:10213000652070696E20646972656374696F6E737F
:1021400020666F722050494F207374617465206D52
:10215000616368696E652E20536F757263652070C8
:10216000696F3A2025702C20736D3A2025752C203C
:1021700070696E3A2025750A0000000050494F5FD3
:102180005753323831323A204661696C65642074A5
:102190006F20616464205753323831322070726F7F
:1021A0006772616D20746F2050494F2E20536F75F8
:1021B0007263652070696F3A2025700A0000000084
:1021C00050494F5F5753323831323A204661696C7B
:1021D000656420746F20696E697469616C697A65E1
:1021E0002050494F207374617465206D6163686984
:1021F0006E652E20536F757263652070696F3A208B
:1022000025702C20736D3A2025752C206F6666731F
:1022100065743A2025640A0062617369635F7374B0
:1022200072696E673A3A5F4D5F637265617465000B
:10223000596573004E6F0000496E76616C696420C9
:1022400073656E736F7220646174610057484954FE
:1022500045000000424C41434B000000613A2025FC
:102260002E32662C20252E32662C20252E3266003A
:10227000773A20252E32662C20252E32662C2025FA
:102280002E3266004F3A20252E32662C20252E3223
:10229000662C20252E32660053746174696F6E615E
:1022A00072793A2025730000523A20252E3266209A
:1022B0004C3A20252E326600256400004D454E55CF
:1022C000000000004E6F20766965772073656C65AD
:1022D000637465640000000053454E534F52530031
:1022E000656E61626C65640064697361626C6564EB
:1022F00000000000554E4B4E4F574E00526563652F
:102300006976656420495220636F6D6D616E643A31
:1023100020726570656174203078253032582C2029
:1023200025730A0052656365697665642049522009
:10233000636F6D6D616E643A203078253032582CB1
:102340002025730A000000004465627567206F75E0
:10235000747075742025730A000000005265626F66
:102360006F74696E672E2E2E0A00000043483000FD
:102370004348310043483200434833004348340067
:102380004348350043483600434837004348380047
:102390004348390054494D4500000000504F57450F
:1023A000520000004D55544500000000494E464F74
:1023B00000000000564F4C5550000000564F4C4452
:1023C0004F574E0055500000444F574E000000003C
:1023D00052494748540000004C4546540000000054
:1023E00053554254000000004D50000043485550E2
:1023F000000000004348444F574E000041554449F7
:102400004F00000045504700455849540000000067
:102410005A4F4F4D00000000464156004D4F444575
:10242000000000004359434C45202F204C41535499
:102430000000000054564156000000005445585416
:1024400000000000505652202F204F4B000000008B
:102450004D6F74696F6E3A204572726F72207265AB
:102460006164696E6720494D5520646174610A009A
:102470004661696C656420746F20726561642061D7
:102480006E676C652066726F6D206C6566745F6543
:102490006E636F6465720A004661696C65642074DE
:1024A0006F207265616420616E676C652066726F73
:1024B0006D2072696768745F656E636F6465720A28
:1024C000000000004D6F74696F6E3A20494D552031
:1024D0006461746120726561642074696D656F75F3
:1024E000740A00004C696E652073656E736F72200C
:1024F0002564206576656E743A20307825780A0068
:102500004661696C656420746F2072656164206443
:10251000697374616E63652073656E736F722025D5
:10252000640A0000766563746F723A3A5F4D5F72B9
:1025300065616C6C6F635F617070656E6400000054
:102540000A2A2A2A2050414E4943202A2A2A0A00D0
:102550004E6F207370696E6C6F636B732061726570
:1025600020617661696C61626C6500004E6F207558
:1025700073657220495251732061726520617661E2
:10258000696C61626C6500004861726477617265B4
:1025900020616C61726D20256420616C72656164DC
:1025A0007920636C61696D65640000004861726444
:1025B00020617373657274004F7574206F66206DAF
:1025C000656D6F727900000052656C65617365001E
:1025D000626F6F74325F77323571303830000000CF
:1025E000302E3100322E332E310000007069636FBF
:1025F000320000006D696E692D73756D6F2D763236
:10260000000000004F637420203520323032360045
:10261000666E692B00000000666E69006E616E00D8
:10262000666E692D00000000555342207374646982
:102630006E202F207374646F757400005261737084
:102640006265727279205069000000005069636F02
:1026500000000000426F61726420434443000000A8
:102660005265736574000000556E68616E646C6538
:10267000642049525120307825780A006570202561
:102680003032582077617320616C72656164792003
:10269000617661696C61626C6500000043616E2760
:1026A0007420636F6E74696E75652078666572203C
:1026B0006F6E20696E616374697665206570202590
:1026C000303258007374643A3A6261645F657863CB
:1026D000657074696F6E00007465726D696E617407
:1026E000652063616C6C65642072656375727369E3
:1026F00076656C790A0000007465726D696E6174AC
:10270000652063616C6C6564206166746572207419
:1027100068726F77696E6720616E20696E7374618D
:102720006E6365206F66202700000000270A000006
:102730007465726D696E6174652063616C6C65644B
:1027400020776974686F757420616E2061637469A5
:10275000766520657863657074696F6E0A000000A5
:1027600020207768617428293A2020007374643A25
:102770003A6261645F616C6C6F6300007374643A09
:102780003A6261645F61727261795F6E65775F6CF6
:10279000656E6774680000005F474C4F42414C5FB4
:1027A0000000000028616E6F6E796D6F7573206E8A
:1027B000616D657370616365290000006175746FF8
:1027C000000000006465636C74797065286175743D
:1027D0006F290000737472696E67206C697465728A
:1027E000616C0000737464006465636C7479706577
:1027F000286E756C6C707472290000005B616269F0
:102800003A0000002C2000003A3A00007B64656624
:1028100061756C7420617267230000007D3A3A0094
:102820006175746F3A00000074656D706C61746559
:1028300020706172616D65746572206F626A656394
:102840007420666F72200000696E697469616C693A
:102850007A657220666F72206D6F64756C652000FA
:10286000767461626C6520666F7220005654542045
:10287000666F722000000000636F6E737472756380
:1028800074696F6E20767461626C6520666F722069
:10289000000000002D696E2D000000007479706545
:1028A000696E666F20666F72200000007479706533
:1028B000696E666F206E616D6520666F7220000024
:1028C00074797065696E666F20666E20666F72201F
:1028D000000000006E6F6E2D7669727475616C2059
:1028E0007468756E6B20746F20000000636F7661F2
:1028F0007269616E742072657475726E2074687589
:102900006E6B20746F2000006A61766120436C61F9
:10291000737320666F722000677561726420766140
:10292000726961626C6520666F722000544C53209E
:10293000696E69742066756E6374696F6E20666F68
:1029400072200000544C53207772617070657220C1
:1029500066756E6374696F6E20666F72200000008A
:102960007265666572656E63652074656D706F7201
:10297000617279202300000068696464656E2061DB
:102980006C69617320666F72200000006E6F6E2D9F
:102990007472616E73616374696F6E20636C6F6EC5
:1029A0006520666F722000006F70657261746F72CF
:1029B000000000006F70657261746F72200000008B
:1029C0003E280000636C000069780000717500000B
:1029D000203A20006E65772000000000756C000032
:1029E0006C6C0000756C6C006A61766120726573B6
:1029F0006F757263652000006465636C747970653F
:102A0000202800002E2E2E0074686973000000003C
:102A10007B7061726D230000676C6F62616C206374
:102A20006F6E7374727563746F7273206B65796502
:102A30006420746F20000000676C6F62616C20641A
:102A4000657374727563746F7273206B65796564F6
:102A500020746F20000000007B6C616D6264610077
:102A6000292300007B756E6E616D6564207479703A
:102A700065230000205B636C6F6E65200000000022
:102A80005B667269656E645D000000007479706554
:102A90006E616D650000000074656D706C61746539
:102AA0000000000020636C61737300002072657188
:102AB00075697265732000002072657374726963B2
:102AC0007400000020766F6C6174696C6500000012
:102AD00020636F6E73740000207472616E736163A3
:102AE00074696F6E5F73616665000000206E6F65CC
:102AF0007863657074000000207468726F7700005E
:102B000026260000205F436F6D706C657800000022
:102B1000205F496D6167696E617279003A3A2A00F7
:102B2000205F5F766563746F722800007468697354
:102B300020000000282E2E2E000000002E2E2E2910
:102B400000000000202E2E2E200000002454000043
:102B5000244E0000245454007374643A3A616C6C3F
:102B60006F6361746F720000616C6C6F6361746F8E
:102B7000720000007374643A3A62617369635F7350
:102B80007472696E6700000062617369635F7374D9
:102B900072696E67000000007374643A3A7374726D
:102BA000696E67007374643A3A62617369635F7354
:102BB0007472696E673C636861722C207374643A46
:102BC0003A636861725F7472616974733C636861CF
:102BD000723E2C207374643A3A616C6C6F6361745A
:102BE0006F723C636861723E203E00007374643A09
:102BF0003A6973747265616D000000007374643A21
:102C00003A62617369635F6973747265616D3C6395
:102C10006861722C207374643A3A636861725F74FD
:102C200072616974733C636861723E203E0000000B
:102C300062617369635F6973747265616D0000003E
:102C40007374643A3A6F73747265616D00000000CA
:102C50007374643A3A62617369635F6F7374726527
:102C6000616D3C636861722C207374643A3A6368E6
:102C700061725F7472616974733C636861723E2053
:102C80003E00000062617369635F6F737472656117
:102C90006D0000007374643A3A696F737472656111
:102CA0006D0000007374643A3A62617369635F692E
:102CB0006F73747265616D3C636861722C2073740C
:102CC000643A3A636861725F7472616974733C63F9
:102CD0006861723E203E000062617369635F696FE4
:102CE00073747265616D0000614E0000263D000046
:102CF000615300003D00000061610000616400005C
:102D000026000000616E0000616C69676E6F6620CE
:102D10000000000061770000636F5F617761697494
:102D200020000000617A000063630000636F6E732F
:102D3000745F63617374000028290000636D0000F4
:102D40002C000000636F00007E000000645600004D
:102D50002F3D0000645800005B2E2E2E5D3D0000CC
:102D60006461000064656C6574655B5D2000000053
:102D70006463000064796E616D69635F636173749D
:102D8000000000002A00000064690000646C00007C
:102D900064656C6574652000647300002E2A000071
:102DA00064740000647600002F0000006478000066
:102DB000654F00005E3D0000656F00005E00000092
:102DC000657100003D3D0000664C00006652000049
:102DD000666C0000667200003E3D000067730000F4
:102DE000677400005B5D00006C5300003C3C3D00DC
:102DF0003C3D00006C6900006F70657261746F7219
:102E0000222220006C7300003C3C00006C74000027
:102E10003C0000006D4900002D3D00006D4C00009D
:102E20002A3D00006D6900002D0000006D6C00005F
:102E30006D6D00002D2D00006E6100006E65775BEA
:102E40005D0000006E650000213D00006E74000012
:102E5000210000006E7700006E6577006E7800003C
:102E60006E6F657863657074000000006F5200003B
:102E70007C3D00006F6F00007C7C00007C00000047
:102E8000704C00002B3D0000706C00002B00000017
:102E9000706D00002D3E2A00707000002B2B00008A
:102EA00070730000707400002D3E00003F000000B1
:102EB000724D0000253D0000725300003E3E3D0073
:102EC000726300007265696E746572707265745F1A
:102ED0006361737400000000726D00002500000043
:102EE000727300003E3E00007350000073697A6503
:102EF0006F662E2E2E000000735A000073630000D0
:102F00007374617469635F63617374003C3D3E0078
:102F100073697A656F662000737A0000747200002E
:102F20007468726F77000000747700007468726FC5
:102F3000772000007369676E6564206368617200C2
:102F4000626F6F6C00000000626F6F6C65616E00F5
:102F5000636861720000000062797465000000001F
:102F6000646F75626C6500006C6F6E6720646F75CE
:102F7000626C6500666C6F61740000005F5F666C78
:102F80006F61743132380000756E7369676E656405
:102F90002063686172000000696E7400756E736969
:102FA000676E656420696E7400000000756E736959
:102FB000676E656400000000756E7369676E656416
:102FC000206C6F6E670000005F5F696E743132388D
:102FD00000000000756E7369676E6564205F5F694D
:102FE0006E7431323800000073686F727400000034
:102FF000756E7369676E65642073686F7274000024
:10300000766F69640000000077636861725F740026
:103010006C6F6E67206C6F6E67000000756E736971
:10302000676E6564206C6F6E67206C6F6E67000062
:10303000646563696D616C333200000064656369C7
:103040006D616C3634000000646563696D616C31DC
:103050003238000068616C660000000063686172CD
:10306000385F74006368617231365F74000000007D
:103070006368617233325F74000000005F466C6FFA
:10308000617400007374643A3A62666C6F61743103
:10309000365F7400474C49424358585F54554E417F
:1030A000424C4553000000006F626A5F73697A65A5
:1030B000000000006F626A5F636F756E740000004D
:1030C000676C69626378782E65685F706F6F6C00FB
:1030D00062617369635F737472696E673A3A5F53D2
:1030E0005F636F6E737472756374206E756C6C20A1
:1030F0006E6F742076616C696400000062617369B0
:10310000635F737472696E673A3A5F535F637265A7
:103110006174650067656E657269630073797374C5
:10312000656D0000556E6B6E6F776E206572726F05
:103130007200000053756363657373004E6F7420F3
:103140006F776E65720000004E6F207375636820A4
:1031500066696C65206F72206469726563746F7252
:10316000790000004E6F20737563682070726F6382
:1031700065737300496E746572727570746564204E
:1031800073797374656D2063616C6C00492F4F20F7
:103190006572726F720000004E6F20737563682055
:1031A000646576696365206F72206164647265731B
:1031B00073000000417267206C69737420746F6F34
:1031C000206C6F6E670000004578656320666F7243
:1031D0006D6174206572726F72000000536F636BD3
:1031E000657420616C726561647920636F6E6E65D1
:1031F00063746564000000004261642066696C6568
:10320000206E756D626572004E6F206368696C6434
:1032100072656E0044657374696E6174696F6E20C7
:103220006164647265737320726571756972656437
:10323000000000004E6F206D6F72652070726F632A
:1032400065737365730000004E6F7420656E6F7553
:103250006768207370616365000000005065726DDF
:10326000697373696F6E2064656E69656400000040
:1032700042616420616464726573730044657669B9
:103280006365206F72207265736F7572636520626B
:103290007573790046696C6520657869737473008D
:1032A00043726F73732D646576696365206C696E14
:1032B0006B0000004E6F207375636820646576694B
:1032C000636500004E6F74206120646972656374E9
:1032D0006F727900486F737420697320646F776E22
:1032E00000000000436F6E6E656374696F6E20614D
:1032F0006C726561647920696E2070726F677265A7
:103300007373000049732061206469726563746F90
:1033100072790000496E76616C696420617267752C
:103320006D656E74000000004E6574776F726B20DF
:10333000696E74657266616365206973206E6F746F
:1033400020636F6E6669677572656400436F6E6EA9
:10335000656374696F6E2061626F72746564206268
:1033600079206E6574776F726B000000546F6F2068
:103370006D616E79206F70656E2066696C65732073
:10338000696E2073797374656D00000046696C6521
:103390002064657363726970746F722076616C75F6
:1033A0006520746F6F206C61726765004E6F7420CA
:1033B0006120636861726163746572206465766917
:1033C00063650000546578742066696C65206275D9
:1033D0007379000046696C6520746F6F206C6172B0
:1033E00067650000486F737420697320756E72659D
:1033F00061636861626C65004E6F20737061636524
:10340000206C656674206F6E206465766963650064
:103410004E6F7420737570706F7274656400000075
:10342000496C6C6567616C207365656B000000001A
:10343000526561642D6F6E6C792066696C652073CE
:10344000797374656D000000546F6F206D616E7943
:10345000206C696E6B73000042726F6B656E20703A
:10346000697065004D617468656D6174696373208E
:10347000617267756D656E74206F7574206F66205C
:10348000646F6D61696E206F662066756E63746926
:103490006F6E0000526573756C7420746F6F206CD2
:1034A00061726765000000004E6F206D6573736187
:1034B0006765206F6620646573697265642074793E
:1034C000706500004964656E746966696572207292
:1034D000656D6F7665640000496C6C6567616C2092
:1034E000627974652073657175656E6365000000AF
:1034F000446561646C6F636B000000004E65747717
:103500006F726B20697320756E72656163686162AA
:103510006C6500004E6F206C6F636B004E6F742003
:10352000612073747265616D0000000053747265F0
:10353000616D20696F63746C2074696D656F75745B
:10354000000000004E6F2073747265616D2072651B
:10355000736F7572636573005669727475616C2060
:103560006369726375697420697320676F6E6500A3
:1035700050726F746F636F6C206572726F720000AF
:10358000556E6B6E6F776E2070726F746F636F6CB9
:10359000000000004D756C7469686F702061747470
:1035A000656D707465640000426164206D657373BD
:1035B0006167650046756E6374696F6E206E6F7427
:1035C00020696D706C656D656E7465640000000047
:1035D0004469726563746F7279206E6F7420656DD3
:1035E0007074790046696C65206F72207061746830
:1035F000206E616D6520746F6F206C6F6E670000C8
:10360000546F6F206D616E792073796D626F6C6994
:1036100063206C696E6B73004E6F20627566666521
:103620007220737061636520617661696C61626CA0
:10363000650000004E6F2064617461004164647233
:103640006573732066616D696C79206E6F74207389
:103650007570706F727465642062792070726F7417
:103660006F636F6C2066616D696C790050726F7466
:103670006F636F6C2077726F6E672074797065204E
:10368000666F7220736F636B65740000536F636BBA
:103690006574206F7065726174696F6E206F6E2043
:1036A0006E6F6E2D736F636B6574000050726F7474
:1036B0006F636F6C206E6F7420617661696C6162FC
:1036C0006C650000436F6E6E656374696F6E207287
:1036D0006566757365640000436F6E6E656374693B
:1036E0006F6E2072657365742062792070656572F3
:1036F000000000004164647265737320616C726540
:1037000061647920696E207573650000416464729C
:10371000657373206E6F7420617661696C61626C91
:1037200065000000536F6674776172652063617590
:1037300073656420636F6E6E656374696F6E20617C
:10374000626F727400000000536F636B65742069D0
:1037500073206E6F7420636F6E6E656374656400B2
:10376000536F636B657420697320616C726561646B
:103770007920636F6E6E6563746564004F70657267
:103780006174696F6E2063616E63656C65640000CF
:103790005374617465206E6F74207265636F766513
:1037A0007261626C6500000050726576696F7573B6
:1037B000206F776E65722064696564004F70657272
:1037C0006174696F6E206E6F7420737570706F72A4
:1037D000746564206F6E20736F636B657400000006
:1037E00056616C756520746F6F206C61726765201F
:1037F000666F7220646566696E65642064617461D9
:1038000020747970650000004D65737361676520F1
:10381000746F6F206C6F6E6700000000436F6E6EF8
:10382000656374696F6E2074696D6564206F75746B
:103830000000000080250000004B00000096000002
:1038400000E100008024010000C2010000840300A8
:1038500090D00300000000000000000015030010DD
:10386000C50500101D040010850300102D0A00106E
:1038700000000000000000007D0C0010350E00105C
:103880007D110010050D0010000000000000000078
:103890005D0500100D050010BD0E0010110900108F
:1038A0004909001000000000000000002D06001073
:1038B00035070010C90F00107103001075030010C8
:1038C0000000000000000000210300102903001088
:1038D0002D0300101104001005040010000000006A
:1038E000000000001D180010091A00100000000060
:1038F00000000000B9140010451300100000000083
:10390000000000003103001035030010211C0010DE
:103910006D1B00103D0300108909001035080010D0
:10392000411600108D12001001000000050000007B
:10393000010000000500000000050000210000005B
:103940009001000001000000000000006400000081
:10395000C8000000000500002100000090010000E8
:10396000010000000000000064000000C80000002A
:10397000000500002100000090010000010000008F
:103980000000000064000000C80000000005000006
:103990002100000090010000010000000000000074
:1039A00064000000C80000000005000021000000C5
:1039B0009001000001000000000000006400000011
:1039C000C800000000050000210000009001000078
:1039D000010000000000000064000000C8000000BA
:1039E000000500002100000090010000010000001F
:1039F0000000000064000000C80000000400000097
:103A00000E00000000050100103A021009FF01003D
:103A1000202027EA01404206C80014C0A020000070
:103A2000208000002C3A021005FF0100A096EFA0B4
:103A300027FF816043060000403A021004FF0000A7
:103A400021632312001242A200D300408D14000013
:103A500000DB40A4A62EAF00502F0020802F0020B6
:103A60000000000000000000717F001005780010C9
:103A70004D770010557700104577001049770010FA
:103A800035770010397700103D770010417700102E
:103A90000000000000000000C97A00105D770010EF
:103AA000617700106977001071770010757700104A
:103AB000797700107D770010817700108D770010E6
:103AC000000000000000000019A500109977001008
:103AD000B5770010D977001000000000000000004A
:103AE000F18800109D770010A1770010A5770010D5
:103AF00000000000000000000000000002000000C4
:103B00007300000003000500000000000400000036
:103B1000A0000000030005000000000004000000F9
:103B20000000000003000500000000000400000089
:103B30000000000003000500000000000400000079
:103B40000000000003000500000000000400000069
:103B50000000000003000500000000000400000059
:103B60009B000000030005000000000004000000AE
:103B70007D000000030005000000000004000000BC
:103B800082000000030005000000000004000000A7
:103B90000000000003000500000000000400000019
:103BA00069000000030005000000000004000000A0
:103BB0009600000003000500000000000400000063
:103BC0005500000003000500000000000400000094
:103BD0005A0000000300050000000000040000007F
:103BE0006400000003000500000000000400000065
:103BF00005000000030005000000000004000000B4
:103C00000A0000000300050000000000040000009E
:103C10000F00000003000500000000000400000089
:103C20001400000003000500000000000400000074
:103C3000190000000300050000000000040000005F
:103C40001E0000000300050000000000040000004A
:103C50002300000003000500000000000400000035
:103C60002800000003000500000000000400000020
:103C70002D0000000300050000000000040000000B
:103C800032000000030005000000000004000000F6
:103C90005F000000030005000000000004000000B9
:103CA0009F01000003000500000000000400000068
:103CB0008C0000000300050000000000040000006C
:103CC0008700000003000500000000000400000061
:103CD0009100000003000500000000000400000047
:103CE0007800000003000500000000000400000050
:103CF000A500000003000500000000000400000013
:103D00003700000003000500000000000400000070
:103D10003C0000000300050000000000040000005B
:103D20004100000003000500000000000400000046
:103D30004600000003000500000000000400000031
:103D40004B0000000300050000000000040000001C
:103D50005000000003000500000000000400000007
:103D6000AA0000000300050000000000040000009D
:103D7000AF00000003000500000000000400000088
:103D8000B400000003000500000000000400000073
:103D9000B90000000300050000000000040000005E
:103DA000BE00000003000500000000000400000049
:103DB000C300000003000500000000000400000034
:103DC000C80000000300050000000000040000001F
:103DD000CD0000000300050000000000040000000A
:103DE000D2000000030005000000000004000000F5
:103DF000D7000000030005000000000004000000E0
:103E0000DC000000030005000000000004000000CA
:103E1000E1000000030005000000000004000000B5
:103E2000E6000000030005000000000004000000A0
:103E3000EB0000000300050000000000040000008B
:103E4000F000000003000500000000000400000076
:103E5000F500000003000500000000000400000061
:103E6000FA0000000300050000000000040000004C
:103E7000FF00000003000500000000000400000037
:103E80000401000003000500000000000400000021
:103E9000090100000300050000000000040000000C
:103EA000A401000003000500000000000400000061
:103EB0000E010000030005000000000004000000E7
:103EC000A90100000300050000000000040000003C
:103ED00013010000030005000000000004000000C2
:103EE0006E00000003000500000000000400000058
:103EF0009B0000000300050000000000040000001B
:103F00001D01000003000500000000000400000087
:103F10002201000003000500000000000400000072
:103F2000270100000300050000000000040000005D
:103F30002C01000003000500000000000400000048
:103F40003101000003000500000000000400000033
:103F5000360100000300050000000000040000001E
:103F60003B01000003000500000000000400000009
:103F700040010000030005000000000004000000F4
:103F800045010000030005000000000004000000DF
:103F90004A010000030005000000000004000000CA
:103FA0004F010000030005000000000004000000B5
:103FB00054010000030005000000000004000000A0
:103FC000590100000300050000000000040000008B
:103FD0005E01000003000500000000000400000076
:103FE0006301000003000500000000000400000061
:103FF000680100000300050000000000040000004C
:104000006D01000003000500000000000400000036
:104010007201000003000500000000000400000021
:10402000770100000300050000000000040000000C
:104030007C010000030005000000000004000000F7
:1040400081010000030005000000000004000000E2
:1040500086010000030005000000000004000000CD
:104060008B010000030005000000000004000000B8
:1040700090010000030005000000000004000000A3
:10408000950100000300050000000000040000008E
:104090009A01000003000500000000000400000079
:1040A0007D00000003000500000000000400000087
:1040B000AE01000003000500000000000400000045
:1040C0008200000003000500000000000400000062
:1040D00018010000030005000000000004000000BB
:1040E000E0A040A0E0E0A0A0A0E040C04040E0E0B0
:1040F00020E080E0E020E020E0A0A0E02020E080C0
:10410000E020E0E080E0A0E0E020202020E0A0E04F
:10411000A0E0E0A0E020E0E0A0E0A0A0C0A0C0A05F
:10412000C0E0808080E0C0A0A0A0C0E080E080E08F
:10413000E080E080800000E000000000000040001F
:104140004000400020204080800040E0400000000F
:104150000000E04040400040E020400040408080BF
:104160008040402020204000E000E00020408040CF
:10417000208040204080000000408040400000003F
:10418000A0A0000000E0A0E080E0E080A0A0E0A00F
:10419000A0E0A0A0E0404040E0202020A0E0A0A0BF
:1041A000C0A0A080808080E0A0E0E0A0A0A0E0E02F
:1041B000E0A0E0A0A0A0E0E0A0E08080E0A0A0E07F
:1041C00020C0A0C0A0A0E080E020E0E0404040404F
:1041D000A0A0A0A0E0A0A0A0A040A0A0E0E0A0A07F
:1041E000A040A0A0A0A0404040E0204080E080800F
:1041F00040202040A00000000060A0C00000C020BF
:10420000E0E080C0A0A0C000E08080E02060A0A02E
:104210006000E0E080E06080C080800060A06020FE
:1042200080C0A0A0A0400040404020002020A080EE
:10423000A0C0A0A0C0404040E000E0E0A0A000C0BE
:10424000A0A0A000E0A0A0E000C0A0C0800060A0EE
:10425000602000A0C0808000E0C060E040E04040FE
:104260006000A0A0A06000A0A0A04000A0A0E0A0CE
:1042700000A04040A000A06020C000E060C0E000BE
:1042800040004080C0808080C0602020206040408E
:10429000404040006C23021070230210742302106F
:1042A000782302107C230210802302108423021042
:1042B000882302108C2302109023021094230210F2
:1042C000F42202109C230210A4230210F4220210F4
:1042D000AC230210B4230210BC230210C42302102A
:1042E000C8230210D0230210D8230210E0230210AA
:1042F000F4220210F4220210F4220210F42202101E
:10430000F4220210F4220210F4220210F42202100D
:10431000E8230210EC230210F4230210F42202100E
:10432000FC230210F42202100424021008240210BC
:1043300010240210F422021018240210F422021099
:104340001C24021024240210F4220210F422021071
:10435000F4220210F4220210F4220210F4220210BD
:10436000F4220210F4220210F4220210F4220210AD
:10437000F422021034240210F4220210F42202105B
:10438000BC2202103C240210F4220210F42202107B
:104390004424021000000000FFFFFFFFFFFFFF7F2B
:1043A00006005250D3F07542C82502100600525044
:1043B000E182887FD0250210060052503ABCA91134
:1043C000E025021006005250ABB36053E425021002
:1043D00006005250BBFF3CB6EC25021006005250BE
:1043E000861C0302F4250210060052505422A29D9E
:1043F0000426021005005250DE65F4685C84021049
:10440000000000000000F03F000000000000244019
:1044100000000000000059400000000000408F40F4
:10442000000000000088C34000000000006AF8405F
:104430000000000080842E4100000000D012634183
:104440000000000084D797410000000065CDCD41F9
:104450000D0A00000600525053B4F4A128260210A1
:10446000000000003C2602104C260210744200207E
:104470005426021060260210090254000301008035
:104480007D080B0002020200000904000001020284
:104490000004052400200105240100010424020673
:1044A0000524060001070581030800100904010026
:1044B000020A000000070502024000000705820210
:1044C0004000000904020000FF0001051201100273
:1044D000EF0201408A2E09000001010203010000E1
:1044E0000A00000000000306A60008000200020007
:1044F0009C001400030057494E5553420000000031
:1045000000000000000080000400010028004400BA
:104510006500760069006300650049006E00740064
:104520006500720066006100630065004700550089
:104530004900440000004E007B0062006300370029
:10454000330039003800630031002D00370033009C
:10455000630064002D0034006300620037002D000A
:1045600039003800620038002D0039003100330076
:104570006100380066006300610037006200660079
:1045800036007D0000000000050F2100011C100511
:1045900000DF60DDD88945C74C9CD2659D9E648A4A
:1045A0009F00000306A600010000000000000000BC
:1045B0003D2D011000000000412D01104D2D011076
:1045C000792D0110752D0110000000000000000081
:1045D000F13F01106140011091400110DD400110D8
:1045E0009D4101105D4201100000000053743965C7
:1045F0007863657074696F6E00000000A847021050
:10460000EC450210537431336261645F6578636511
:104610007074696F6E000000C846021004460210F4
:10462000FC4502104E31305F5F63787861626976D5
:104630003131355F5F666F726365645F756E776990
:104640006E644500A8470210244602104E31305FC8
:104650005F637878616269763131395F5F666F7266
:104660006569676E5F657863657074696F6E450034
:10467000A84702104C460210000000001846021025
:10468000C5530110D1530110C95301104E31305F91
:104690005F637878616269763132305F5F73695F3A
:1046A000636C6173735F747970655F696E666F4583
:1046B00000000000C84602108C4602109447021009
:1046C00000000000B4460210955A0110A95A0110CA
:1046D000B55B0110B55B0110D15E0110FD5D0110ED
:1046E000855B0110015B0110C55A011053743974C8
:1046F0007970655F696E666F00000000A847021060
:10470000EC4602105374396261645F616C6C6F63D4
:1047100000000000C846021004470210FC450210C9
:104720000000000014470210955D0110A95D011002
:104730008D5D0110537432306261645F6172726129
:10474000795F6E65775F6C656E6774680000000066
:10475000C84602103447021014470210000000003F
:1047600050470210CD5D0110E15D0110C55D0110E3
:104770004E31305F5F637878616269763131375FDF
:104780005F636C6173735F747970655F696E666F88
:1047900045000000C846021070470210FC46021097
:1047A0000000000094470210415E0110555E0110A8
:1047B000B55B0110B55B0110D15E0110FD5D01100C
:1047C000B55E0110715E0110355E01104C2B0210B8
:1047D000502B0210542B021074000000E42702102A
:1047E00003000000E42702100300000000000000A6
:1047F0000000000061000000582B02100E000000B5
:10480000582B02100E000000682B02100900000057
:1048100062000000742B021011000000742B0210C3
:1048200011000000882B02100C0000007300000033
:10483000982B02100B000000A42B02104600000071
:10484000882B02100C00000069000000EC2B021005
:104850000C000000FC2B021031000000302C021074
:104860000D0000006F000000402C02100C00000042
:10487000502C021031000000842C02100D000000AA
:1048800064000000942C02100D000000A42C021003
:1048900032000000D82C02100E000000E82C02109C
:1048A000EC2C02100200000002000000F02C0210AC
:1048B000F42C02100100000002000000F82C02108D
:1048C000002B02100200000002000000FC2C02106D
:1048D000002D02100100000001000000042D021054
:1048E000002D0210010000000200000080300210C4
:1048F000082D02100800000001000000142D021015
:10490000182D02100900000001000000242D0210E3
:10491000082D02100800000001000000282D0210E0
:104920002C2D02100A00000002000000C429021011
:10493000382D021002000000020000003C2D021081
:10494000402D02100100000002000000442D021062
:10495000482D021001000000010000004C2D021043
:10496000502D02100200000002000000542D021021
:10497000582D02100600000003000000602D0210F8
:10498000642D02100900000001000000702D0210CB
:10499000742D02100C00000002000000FC16021032
:1049A000842D02100100000001000000882D02107B
:1049B000F42C021001000000020000008C2D0210F7
:1049C000902D02100700000001000000982D021039
:1049D0009C2D02100200000002000000A02D021019
:1049E000F42E02100100000002000000A42D0210AD
:1049F000A82D02100100000002000000AC2D0210E2
:104A00005C2D02100200000002000000B02D021018
:104A1000B42D02100200000002000000B82D0210A8
:104A2000BC2D02100100000002000000C02D021089
:104A3000C42D02100200000002000000C82D021068
:104A4000042A02100300000003000000CC2D021015
:104A5000042A02100300000003000000D02D021001
:104A6000042A02100300000002000000D42D0210EE
:104A7000042A02100300000002000000E0330210CC
:104A8000D82D02100200000002000000DC2D0210F0
:104A9000082802100200000001000000E02D0210B2
:104AA0002C2C02100100000002000000C829021096
:104AB000E42D02100200000002000000E82D0210A8
:104AC000EC2D02100300000002000000103502105F
:104AD000F02D02100200000002000000F42D021070
:104AE000F82D02100B00000001000000042E02103F
:104AF000082E021002000000020000000C2E02101E
:104B0000102E02100100000002000000142E0210FE
:104B1000182E021002000000020000001C2E0210DD
:104B2000202E02100200000002000000242E0210BD
:104B3000282E021001000000020000002C2E02109E
:104B4000842D02100100000002000000302E02102F
:104B5000342E02100200000001000000382E021066
:104B60003C2E02100500000003000000442E02103D
:104B7000482E021002000000020000003C18021043
:104B8000282E021001000000010000004C2E02102F
:104B9000502E02100100000001000000542E0210EF
:104BA000582E021003000000030000005C2E0210CB
:104BB000602E021008000000010000006C2E0210A0
:104BC000702E02100200000002000000742E02107D
:104BD000782E021002000000020000007C35021056
:104BE0007C2E02100100000002000000802E021046
:104BF000842E02100200000002000000882E021025
:104C00008C2E02100100000002000000902E021005
:104C1000942E02100300000002000000982E0210E3
:104C20009C2E02100200000001000000A02E0210C5
:104C30008C2E02100100000001000000A42E0210C2
:104C4000A82E02100200000002000000CC29021071
:104C5000AC2E02100100000003000000B02E021074
:104C6000B42E02100200000002000000B82E021054
:104C7000BC2E02100300000002000000C02E021033
:104C8000C42E02101000000002000000D82E0210F6
:104C9000DC2E02100100000002000000E02E0210D5
:104CA000E42E02100200000002000000E82E0210B4
:104CB000EC2E02100900000001000000F82E021086
:104CC000EC2E02100900000001000000FC2E021072
:104CD000002F02100B00000002000000A82A0210A2
:104CE0000C2F02100300000002000000342D0210FF
:104CF000102F02100700000001000000182F021002
:104D0000102F021007000000010000001C2F0210ED
:104D1000202F02100500000000000000282F0210C4
:104D20002C2F02100600000001000000000000000F
:104D3000000000000000000000000000342F0210FE
:104D40000B000000342F02100B00000000000000D8
:104D5000402F021004000000482F0210070000003E
:104D600007000000502F021004000000582F02100E
:104D70000400000000000000602F02100600000088
:104D8000602F02100600000008000000682F0210CB
:104D90000B000000682F02100B000000080000004C
:104DA000742F021005000000742F0210050000008F
:104DB000080000007C2F02100A0000007C2F021067
:104DC0000A00000008000000882F02100D000000FB
:104DD000882F02100D00000000000000982F021024
:104DE00003000000982F02100300000001000000E3
:104DF0009C2F02100C000000AC2F021008000000D5
:104E000002000000000000000000000000000000A0
:104E10000000000000000000143802100400000030
:104E2000143802100400000003000000B82F021024
:104E30000D000000B82F02100D000000040000005B
:104E4000C82F021008000000C82F02100800000040
:104E500000000000D42F021011000000D42F021017
:104E60001100000000000000000000000000000031
:104E70000000000000000000000000000000000032
:104E80000000000000000000000000000000000022
:104E90000000000000000000000000000000000012
:104EA00000000000E82F021005000000E82F0210AB
:104EB0000500000000000000F02F02100E000000AE
:104EC000F02F02100E0000000000000000000000A3
:104ED00000000000000000000000000000000000D2
:104EE0000030021004000000003002100400000036
:104EF000090000000830021007000000502F0210C7
:104F00000400000000000000103002100900000042
:104F10001438021004000000050000001C300210CC
:104F2000120000001C3002101200000006000000F9
:104F3000042A021003000000042A021003000000EB
:104F40000000000030300210090000003030021074
:104F500009000000000000003C30021009000000C1
:104F60003C30021009000000000000004830021030
:104F70000A000000483002100A0000000000000093
:104F800054300210040000005430021004000000ED
:104F9000080000005C300210070000005C300210C6
:104FA000070000000000000064300210080000004C
:104FB0006430021008000000000000007030021091
:104FC000080000007030021008000000000000001F
:104FD000E827021011000000E8270210110000006D
:104FE000000000007C300210060000007C3002103F
:104FF0000600000008000000843002100F000000CE
:10500000843002100F00000008000000537431319A
:105010006C6F6769635F6572726F7200C8460210D9
:105020000C500210FC450210537431326C656E67EF
:1050300074685F6572726F7200000000C8460210EB
:10504000285002101C500210000000001C500210DA
:10505000EDD401106DD50110E9D40110000000005D
:105060003C5002102DD50110B5D50110E9D4011026
:105070004E5374335F563231346572726F725F63B0
:10508000617465676F72794500000000A8470210DF
:1050900070500210C8460210A05002108C5002102E
:1050A0002A4E31325F474C4F42414C5F5F4E5F3179
:1050B000323267656E657269635F6572726F725FC7
:1050C00063617465676F727945000000C84602101D
:1050D000D85002108C5002102A4E31325F474C4F8C
:1050E00042414C5F5F4E5F31323173797374656D4D
:1050F0005F6572726F725F63617465676F72794525
:1051000000000000000000009450021019D80110A7
:1051100075D90110F9D701108DD90110D5D801101A
:10512000ADD8011001D80110B5D801100000000061
:10513000CC500210A9D8011081D901101DD801103E
:105140008DD90110D5D8011025D80110C1D9011071
:10515000B5D8011000202020202020202020282841
:105160002828282020202020202020202020202027
:105170002020202020881010101010101010101067
:105180001010101010040404040404040404041097
:105190001010101010104141414141410101010125
:1051A00001010101010101010101010101010101EF
:1051B00010101010101042424242424202020202FB
:1051C00002020202020202020202020202020202BF
:1051D000101010102000000000000000000000006F
:1051E00000000000000000000000000000000000BF
:1051F00000000000000000000000000000000000AF
:10520000000000000000000000000000000000009E
:10521000000000000000000000000000000000008E
:10522000000000000000000000000000000000007E
:10523000000000000000000000000000000000006E
:10524000000000000000000000000000000000005E
:08525000000000000000000056
:1052580008B10181B0B00084000000002103FF7F85
:10526800B0B0A800FFFF01001503FF7FB0B0A80091
:10527800FFFF010084020181B00FB10000000000AF
:1052880084020181B00FB1000000000008B1018163
:10529800B0B000840000000084020181B00FB100AA
:1052A8000000000084020181B00FB100000000007E
:1052B800C9080181B0B0AF80000000003F02018141
:1052C800B00EB1A800000000B502FF7FAF3F040098
:1052D800FFFF01100A0A00008C1FE618FA37008643
:1052E800380400009902FF7FB0AF1800FFFF01A249
:1052F8000116F8110000C812F609B22800CE1C04E5
:105308000000E41C02B22800F21C400000C21DA0EC
:1053180001B22800EA1E0E0000881F18B22800BE3D
:105328001F380000822002B228008C20020000985A
:10533800204AB22800EA20020000F82002B2280021
:105348008221260000B4211AB22800D221E20200EC
:1053580000BC245AB22800A225340000DE253EB243
:105368002800A826020000B0264AB2280082273268
:105378000000BA2712B22800D227020000DA271448
:10538800B22800F227040000F82736B22800B8280F
:105398000A000000E901FF7FB0AB0600FFFF01161D
:1053A8003604F80200840104EE0200A00104E002C1
:1053B8000086027200000000C501FF7FB0AF020046
:1053C800FFFF01105C04B80100C401040000CA0119
:1053D80004B8010008B10181B0B0008400000000E9
:1053E8009D01FF7FB0AF1800FF1019011122EE05D3
:1053F8000000F00604EE0801FE06FC0100000100B2
:10540800000000007901FF7F8408B101B0B0B0004E
:10541800FF100D0104020608010100000000000051
:1054280008B10181B0B000840000000008B101811A
:10543800B0B00084000000004501FF7FB0AA010061
:10544800FF10290118303000006A049E0103702EF5
:105458000000BA0118E20100DC010E0000020001A0
:105468007D000000000000008CF1FFFF08B1018101
:10547800B0B000840000000008B10181B0B0008421
:1054880000000000F900FF7FB0B0A800FFFF01088E
:105498000E041C00180E0000E500FF7FB0B0A80045
:1054A800FFFF01080E041C00180E0000D100FF7F4A
:1054B800B0AF0200FF1019010F320A3C0184013617
:1054C800C00100C801040000010000000000000045
:1054D800AD00FF7FA908B100FFFF0100A100FF7F19
:1054E800B0AB0200FFFF010C1C0460006604000062
:1054F8006C04600008B10181B0B0008400000000B5
:105508007D00FF7FB0AD0400FFFF010F3C04860162
:10551800004C049001008C01040000006100FF7F32
:10552800B0A80500FFFF010C0C02000014042A00BB
:105538003004000008B10181B0B000840000000010
:1055480008B10181B0B000840000000008B10181F9
:08555800B0B000840000000067
:1055600080ACFD7FB0B0AC80A0ADFD7FECFCFF7FD8
:10557000A4ADFD7F010000000CAEFD7FB0AA01804C
:1055800078AEFD7F0100000094AEFD7FB0B0AA8030
:105590007CAFFD7F010000002CB0FD7FB0AC01802E
:1055A0008CB0FD7FB0B0AC808CB2FD7FB0AD02801E
:1055B00060B3FD7FB0FCFF7F90B3FD7FB4FCFF7F45
:1055C000C8B3FD7FAD08B18064B4FD7FB0AC03808B
:1055D000E0B5FD7FA8FCFF7F14B6FD7FACFCFF7F2C
:1055E00048B6FD7FB0FCFF7F64B6FD7FB4FCFF7F53
:1055F0008CB6FD7FB0AB04800CB7FD7FB0AD0680EC
:1056000034B8FD7FB0AB0480B4B8FD7FB0AF048088
:105610006CBBFD7FAD0097803CBCFD7F90FCFF7FA5
:105620006CBCFD7FB0A906801CBDFD7FB0AB0680C1
:1056300010C0FD7FB0AF0680E4C1FD7FB0AD0A8031
:10564000C8C3FD7FB0AA058024C5FD7FB0A9068030
:1056500084C6FD7FB0AF028090C7FD7FAF08978002
:1056600000D7FD7FB0AA018004D8FD7FB0B0A8802C
:1056700074D8FD7FB0AE058088DBFD7FAF049780D6
:1056800040E6FD7FB0AF2C8008F0FD7FB0AF068014
:1056900074F3FD7F24FCFF7F8CF8FD7FB0AA0580AA
:1056A000F0FAFD7FB0AE078078FFFD7FB0AF0E80CF
:1056B000C80BFE7FB0A80980B00CFE7F08FCFF7FFE
:1056C000200DFE7FB0AF0E80C81BFE7F01000000E2
:1056D0008821FE7FB0B0AA80D021FE7F01000000AB
:1056E000E421FE7FB0AF0C80E023FE7FB0AF1280DC
:1056F0008028FE7FB0AF1080F831FE7FD4FBFF7FA3
:10570000004EFE7F01000000104EFE7FE0FBFF7F99
:105710005462FE7F01000000A462FE7FB0AF0C80E7
:105720001066FE7F78FCFF7FBC67FE7FB0AC038015
:10573000686AFE7FB0AF0480246FFE7F0100000026
:105740001870FE7FB0AF34804885FE7F01000000F6
:105750007C85FE7FA908B180B885FE7F010000002E
:105760002086FE7FB0AD04800887FE7F54FCFF7F5B
:10577000E487FE7F01000000C4FAFE7FB0AB028028
:105780006CFBFE7F0100000068FCFE7FB0B0AA80C9
:1057900020FDFE7F48FCFF7F5CFDFE7FAB08B180F3
:1057A000E4FDFE7F44FCFF7F6002FF7F60FCFF7F23
:1057B0006802FF7F010000007002FF7F6CFCFF7F2A
:1057C0007002FF7F70FCFF7F7802FF7F0100000006
:1057D0008802FF7FB0B0A880BC02FF7F01000000FC
:1057E000A403FF7FB0B0AC80C803FF7F01000000BE
:1057F000F403FF7F4CFCFF7FF404FF7F78FCFF7F06
:105800000C05FF7F7CFCFF7F2405FF7F80FCFF7F72
:105810004C05FF7F8CFCFF7F7405FF7F01000000BB
:10582000DC05FF7FB0AA03800C06FF7F01000000AB
:105830008C79FF7F80FCFF7F5C7AFF7F9CFCFF7F81
:10584000D07AFF7F01000000507BFF7FB0B0A880BE
:10585000847BFF7F01000000C07BFF7FB0B0AA8087
:10586000F07BFF7FB0B0A880587CFF7F0100000074
:105870008C7DFF7F70FCFF7F047EFF7FB0B0A8802F
:10588000107EFF7FB0AB0280747EFF7FB0B0A88037
:10589000C07EFF7F01000000BC7EFF7F60FCFF7FB9
:1058A000047FFF7FB0AA0180507FFF7F01000000CE
:1058B0002480FF7F54FCFF7FBC80FF7F010000003D
:1058C000CC80FF7F60FCFF7FF880FF7F010000003D
:1058D00098BCFD0FB0A9028028BDFD0FB0B0A88014
:1058E00078BDFD0F0100000080BDFD0FB0B0AA80A3
:1058F000B8BDFD0FAF76B2808CBEFD0FAB3F3A80D6
:10590000F0BEFD0F01000000FCBEFD0FB0B0AA808C
:1059100038BFFD0F28FCFF7F50BFFD0F01000000C6
:10592000F0BFFD0FAC0FB28070C0FD0FB0AF0880AC
:1059300014C3FD0F0100000024C3FD0FAC3F038022
:1059400024C6FD0F0100000004C8FD0FB0A80380AD
:1059500014C8FD0F0100000010C8FD0FB0AD048099
:1059600010CBFD0FB0A8038034CBFD0FDCFBFF7F15
:1059700038CBFD0FE0FBFF7F44CBFD0F01000000A3
:10598000A0430210AC430210B8430210C4430210FB
:10599000D0430210DC430210E8430210F44302102B
:0459A0005444021059
:1059A4004FF0504330B54FF0000C164C93F90050B3
:1059B40009E02378DBB2C1E88FCF20BF82F31088DF
:1059C40022789A421CD00368EFF3108272B6D3E8AF
:1059D400CFEF0121BEF1000FF9D1C3E84E1FBEF194
:1059E400000FF4D1BFF35F8F90F904300168002BEE
:1059F400DFDA00230571C1E88F3F82F3108830BDE0
:105A040020BFE0E793420020034600B50268EFF3AD
:105A1400108C72B6D2E8CFEF0120BEF1000FF9D19D
:105A2400C2E84E0FBEF1000FF4D1BFF35F8F93F9BC
:105A34000420002A0ADB01B10A60002000221B684E
:105A4400C3E88F2F8CF310885DF804FB4FF05042AD
:105A5400126801201A71F1E74FF050412DE9F04727
:105A64004FF00008044691469A461F4D1F4E0F689A
:105A74002068EFF3108E72B6D0E8CF2F0123002AEE
:105A8400FAD1C0E8423F002AF6D1BFF35F8F94F900
:105A940004202368002A1DDB95F800C05FFA8CFC03
:105AA400C3E88F8F20BF8EF310882B7863450AD00C
:105AB400736A9A45DCD8B26A4A4501D29A45D7D06E
:105AC4000020BDE8F0874846514602F069F90028F5
:105AD400CED0F5E700222771C3E88F2F8EF310880C
:105AE4000120BDE8F08700BF9342002000000B4076
:105AF40030B50468EFF3108C72B6D4E8CFEF01250B
:105B0400BEF1000FF9D1C4E84E5FBEF1000FF4D12D
:105B1400BFF35F8F90F904400568002C10DB00216F
:105B2400C5E88F1F8CF310884FF0504595F900504D
:105B3400A54201D1084630BDBDE83040FFF78CBF17
:105B44004FF05042126800230271C5E88F3F8CF376
:105B54001088012030BD00BF70B505460C4602F028
:105B640013F902460B464FF47A704FF0FF3E6FF084
:105B7400004CE4FB002396457CEB030138BF7246DE
:105B84002846BDE8704038BF6346FFF765BF00BFD5
:105B94000368EFF3108172B6D3E8CFCF0122BCF1D2
:105BA400000FF9D1C3E84C2FBCF1000FF4D1BFF3BF
:105BB4005F8F4FF0FF0C074A80F804C0137801335D
:105BC400DBB2137000230268C2E88F3F81F31088B0
:105BD40040BF70479342002010B40A4C23786BB93D
:105BE400094BC3F1804103F5807001F56021CA5867
:105BF40043F8042F8342FAD1012323705DF8044B48
:105C0400704700BF8D42002064360020004B1847C7
:105C140069360020034B1A6A02609A6A42605B6A22
:105C24008360704700000D4008B500234021DB8AE3
:105C340044F246409847006808BD00BF10B50446CA
:105C440000F00AF9084B20465A68E2609A6822611B
:105C5400DA6862611A69A2615A69E2619B69236226
:105C6400BDE81040FFF7D6BF0000044010B504465D
:105C7400FFF7DAFF1CB10088C0F3033010BD0A201F
:105C840010BD00BF0C4B1B6803B1184710B5044688
:105C94000120FFF7EBFF38B92268084B1A626268EB
:105CA4009A62A2685A6210BD4FF480514AF202020D
:105CB400024BD9621A6310BD3042002000000D402F
:105CC400C168074A5160016991604169D160816985
:105CD4001161C1695161036A9361FFF7D3BF00BFCA
:105CE400000004402DE9F0434318B3F5800F8BB056
:105CF4004BD8002304460D46DA8A002343E800F318
:105D04005E0254BF1021042144F2496090470023ED
:105D14008146DA8A002343E800F3580254BF102175
:105D2400042145F64500904700238046DA8A002383
:105D340043E800F3590254BF1021042144F25250A5
:105D4400904700230746DA8A002343E800F35B0206
:105D540054BF1021042144F2463090470646FFF711
:105D64003BFF01A8FFF76AFFC847C047D8234FF499
:105D7400803229462046B847B047FFF747FF01A8BD
:105D8400FFF79EFF0BB0BDE8F08302F001F800BFFF
:105D94002DE9F0478318B3F5800F8AB04AD8002361
:105DA400154604460E46DA8A002343E800F35F02F0
:105DB40054BF1021042144F24960904700238246D5
:105DC400DA8A002343E800F3580254BF1021042167
:105DD40045F64500904700238146DA8A002343E8CC
:105DE40000F3590254BF1021042145F25200904798
:105DF40000238046DA8A002343E800F35B0254BFA1
:105E04001021042144F2463090470746FFF7E4FE90
:105E140001A8FFF713FFD047C8472A46314620465A
:105E2400C047B847FFF7F2FE01A8FFF749FF0AB0E1
:105E3400BDE8F08701F0ACFF0144884206D200239C
:105E440002F1C052135408308142FBD8BFF34F8F84
:105E5400BFF36F8F704700BF01224FF480410148A8
:105E6400FFF7EABF00C0FF03002108B5134B4FF44E
:105E7400707299601248D960196159619961D96148
:105E8400196259629962D962196359639963D96332
:105E9400196459649964D964196559659965D96512
:105EA400196659669966D966196759679967D967F2
:105EB40001F072FF034B044A1A6008BD0000105041
:105EC400B8380020D4410020800110502DE9F04F53
:105ED4001F4B85B0D3F858A0BAF1000F22D000248C
:105EE40001254FF4E069DFF870801A4F01E0202C9F
:105EF40018D00AEA0502611C2346AB46CCB26D00F9
:105F0400002AF4D004F0010203F0FE06164407EB65
:105F140046163046C8F858B000F00AFC28B93AEAE8
:105F24000B0AE4D105B0BDE8F08F00238DF80930E9
:105F3400B37801A88DF80830F38A0121ADF80490F4
:105F4400039300F013FC304600F098FBE7E700BF32
:105F5400000011507838002000301150F0B5BB4BD0
:105F640085B0D3F8985015F4003674D0B84BB94CBA
:105F7400996A94F83B30B84A022B116000F0D4803F
:105F8400002694F87B30022B00F03B8194F8BB3060
:105F9400022B00F07D8194F8FB30022B00F06C8121
:105FA40094F83B31022B00F0448194F87B31022BAE
:105FB40000F0338194F8BB31022B00F0B68194F8E1
:105FC400FB31022B00F0A68194F83B32022B00F047
:105FD400968194F87B32022B00F0868194F8BB32D0
:105FE400022B00F0768194F8FB32022B00F06681DC
:105FF40094F83B33022B00F0568194F87B33022B48
:1060040000F0A48094F8BB33022B00F0998194F83B
:10601400FB33022B00F0B4803EB9904B1B7823B9BC
:106024004FF400328E4BC3F890204FF44072874BEC
:1060340001219B6C01A8C3F30A03ADF80420029369
:1060440000F094FBEA064FF40036864C07D5FFF7C0
:106054003DFF264603E0EA064FF01004F7D4EB03B5
:1060640022D57C4C46F48036A37E002B40F09980E8
:10607400012394F83A20E370002A40F0AD80012314
:106084004FF4C061784A84F82330ADF8041092E8E4
:10609400030004AA02E90300194601A800F066FB04
:1060A4004FF400326E4B1A65E90408D46A041DD417
:1060B4002B042AD4AE4240F0C58105B0F0BD0024C3
:1060C400624B46F480561C60FFF7CEFE4FF480739B
:1060D400012101A8ADF804308DF8084000F046FB1A
:1060E4004FF400225E4B1A656A04E1D54FF48063D5
:1060F400012101A8ADF8043000F038FB1022584B00
:1061040046F480461A652B04D4D54FF4A0630121CC
:1061140001A8ADF8043000F029FB4FF40062504BA5
:1061240046F400461A65C5E794F83A60002E3FF439
:1061340028AF94F83C30002B3FF423AF002304F144
:10614400200084F83C3000F0C1FA1AE794F87A731E
:10615400002F3FF457AF94F87C33002B40F0648158
:1061640094F8BB33022B40F0F48094F8BA33002B3C
:1061740040F0EB8094F8FB33022B7FF456AF3E469D
:1061840094F8FA33002B3FF447AF94F8FC33002B18
:106194003FF44BAF0023354884F8FC3300F096FA03
:1061A40043E70221324B294A1966536E9F07FCD5F7
:1061B4004FF440520021274800F066FA254800F0C9
:1061C4005DFA0222264B5A661A66012394F83A2095
:1061D400E370002A3FF453AF254A1366A2F5005238
:1061E400536ED807FCD54FF440520021214800F0EB
:1061F4004BFA204800F042FA0122194B5A661A66FB
:106204003DE794F87A70002F3FF4C0AE94F87C30E8
:10621400002B40F001813E46B8E694F87A71002FD5
:106224003FF4C8AE94F87C31002B40F0ED803E463C
:10623400C0E694F83A71002F3FF4B7AE94F83C31BD
:10624400002B40F0D9803E46AFE600BF000011505D
:1062540000000B4078380020643800208B42002076
:10626400003011501000020000001050583C002073
:10627400002011509838002094F8FA70002F3FF451
:106284008FAE94F8FC30002B40F08E803E4687E6BB
:1062940094F8BA70002F3FF47EAE94F8BC30002B13
:1062A4007AD13E4677E694F83A73002F3FF4A5AED0
:1062B40094F83C33002B57D13E469EE694F8FA728C
:1062C400002F3FF495AE94F8FC32002B5CD13E468F
:1062D4008EE694F8BA72002F3FF485AE94F8BC327F
:1062E400002B49D13E467EE694F87A72002F3FF4A3
:1062F40075AE94F87C32002B76D13E466EE694F867
:106304003A72002F3FF465AE94F83C32002B63D10F
:106314003E465EE694F8FA71002F3FF455AE94F8C9
:10632400FC31002B50D13E464EE694F8BA71002F52
:106334003FF445AE94F8BC31002B3DD13E463EE6D9
:1063440094F8BA33002B3FF462AE94F8BC33002BBC
:1063540071D194F8FB33022B7FF467AE94F8FA33CF
:10636400002B3FF462AE10E70023394884F83C3335
:106374003E4600F0ABF940E60023364884F8BC32D0
:106384003E4600F0A3F92EE60023334884F8FC329D
:106394003E4600F09BF92BE60023304884F8BC30DD
:1063A4003E4600F093F9F6E500232D4884F8FC30CE
:1063B4003E4600F08BF9F3E500232A4884F8BC310B
:1063C4003E4600F083F9FAE50023274884F8FC31BF
:1063D4003E4600F07BF9F7E50023244884F83C327C
:1063E4003E4600F073F9F4E50023214884F87C323A
:1063F4003E4600F06BF9F1E500231E4884F83C3179
:106404003E4600F063F9D0E500231B4884F87C3154
:106414003E4600F05BF9CDE50023184884F87C3053
:106424003E4600F053F9B1E50023154884F87C3367
:1064340000F04CF994E60023124884F8BC3300F0D1
:1064440045F986E7104886EA050101F08DFC00BF96
:10645400983B0020183B0020583B002018390020AE
:1064640058390020183A0020583A0020983A002061
:10647400D83A002098390020D8390020D838002094
:10648400D83B0020183C0020682602102DE9F04774
:10649400848A058BC278A54228BF2546171E18BFDB
:1064A4000127641B467882F00102A4B20346C2703D
:1064B400848245F4806040EA4730A6BBD3E90326D2
:1064C4006F1E02EB811E55B3052F98BF721C31D984
:1064D40002EB811C721CACEB0204022C2AD932465A
:1064E4004FEA95094FEA890A06EB890852F8044BEA
:1064F40042454CF8044BF9D15545A7EB0A070EEB7E
:106504000A040AD016F829600EF829602FB15678CB
:10651400012F667001D09278A2701E699C8A2E4465
:106524001E6140F400400CB940F4804001B1000405
:10653400BDE8F0870EF1FF3E2E4400E0013212F870
:10654400014CB2420EF8014FF8D1E6E783680246E7
:10655400186801B1000C5378C0F30900002B3CD03B
:106564002DE9F041D2E90334461E03EB811E40B30A
:10657400052E3BD989014D1C1D44651B022D35D9BF
:106584007346214600F47F774FEA9008FD1853F8CC
:1065940004CBAB4241F804CBF9D1B842A6EB0706D1
:1065A40004EB07030EEB07010AD01EF8285004F889
:1065B40028502EB14C78012E5C7001D089789970E6
:1065C4001469D38A04440344D382138B1461834231
:1065D40084BF00239382BDE8F081D38A0344D3822D
:1065E400138B834284BF002393827047013C0EEBDC
:1065F40000011EF8013B714504F8013FF9D1DFE7C2
:1066040010B50446836800211B68FFF79FFF636889
:106614001B685B0002D5238B834200D010BD20464B
:10662400BDE810400121FFF791BF00BF084B1B6C70
:1066340013F0020302D18278D20901D100207047FD
:10664400C07EA0F10200B0FA80F04009704700BF9C
:106654000000115008B5FFF7E9FF50B1054A064B99
:10666400906A1B68A0F54870C01AC6288CBF002029
:10667400012008BD00000B40643800200023C0E95D
:1066840004338376704700BF10B5836809B11C6872
:10669400214082B1114352050DD51A6854050CD41A
:1066A400084A21F480641C60126C920703D40C2302
:1066B400033BFDD28368196010BD8178024801F064
:1066C40053FB00BF000011507C26021030B5436814
:1066D400002183B004461D68FFF7D8FE134B40F435
:1066E4008052196CA37889070ED55B060ED025F06D
:1066F400A04545F000550021204663681D6003B0A5
:10670400BDE83040FFF7C0BFDB09F0D0A38A002BFF
:10671400EDD0012120460192FFF7B8FE019A25F041
:106724000055024345F0A045E5E700BF00001150C5
:1067340038B5857E044695B1FFF762FFA38A0BB98D
:10674400284638BD2046FFF785FF20B10123237773
:106754000025284638BD2046FFF7B8FFF8E78178C2
:10676400014801F001FB00BF9C2602102DE9F04313
:1067740043780446023B0D4685B0042B13D8DFE86A
:1067840003F00348677042000021784B1A7822F026
:1067940001021A701A7822F002021A7059701A78DB
:1067A40061F382021A70724B1E687369EFF31082F0
:1067B40072B6D3E8CF0F01210028FAD1C3E8401FF5
:1067C4000028F6D1BFF35F8FB2612146304601F055
:1067D400CFFA00237269C2E88F3FB36983F310884C
:1067E40048B94FF0E023D3F8F03DDB0708D500BEED
:1067F40005B0BDE8F0832A466178207801F0D4FA28
:1068040005B0BDE8F0835B4A13780133DBB2137043
:10681400C9E74FF00009584E4B463178DFF86081E4
:10682400564F0FE03A6812EB431305D0DB691BB1F6
:10683400616820789847317809F101095FFA89F392
:106844008B4217D89942EDD85B1A08EB4313EDE756
:10685400464B1A78D707D3D51A7842F004021A7037
:10686400A1E7424B1A78D607CAD51A7822F0040257
:106874001A7098E73D4E3378580737D4F378DA071F
:10688400BED5032300273A4A2178166862688DF83A
:1068940004108DF805307369CDF80670CDF80A70D0
:1068A400ADF80E700292EFF3108272B6D3E8CF0FF8
:1068B40001210028FAD1C3E8401F0028F6D1BFF314
:1068C4005F8F3046B26101A901F052FA7369C3E8DF
:1068D4008F7FB36983F31088002882D02A469DF8FD
:1068E40005109DF8040001F05FFA89E733784FF052
:1068F400000823F00403337005231D4A8DF8053086
:1069040017682278ADF80E808DF804207B69CDF8E5
:106914000680CDF80A80EFF3108272B6D3E8CF0F69
:1069240001210028FAD1C3E8401F0028F6D1BFF3A3
:106934005F8F3846BA6101A901F01AFA7B69C3E88E
:106944008F8FBB6983F3108838B94FF0E023D3F8F5
:10695400F03DD90792D500BE90E72A469DF8051070
:106964009DF8040001F020FA88E700BF40350020BC
:10697400983500208C4200208A4200207033002089
:10698400CC4502104FF05042FF231548136503E035
:10699400936D0168994203D0136DDB07F8D47047F7
:1069A40000B5EFF3108E72B64FF0504CDCF8501077
:1069B4008907FBD5CCF8543040BF01688B4203D122
:1069C40020BF01689942FBD08EF3108803E0936DD9
:1069D40001689942E5D0136DD907F8D45DF804FB3A
:1069E4002026002053B94AB9002908BF00281CBF3B
:1069F4004FF0FF314FF0FF3001F0AEB9ADF1080CAC
:106A04006DE904CE00F006F8DDF804E0DDE90223C8
:106A140004B070472DE9F04F8C46099E04460F469A
:106A2400002B48D18A4215465ED9B2FA82F33BB1B3
:106A3400C3F120029F409D409C4020FA02F217437C
:106A44004FEA154E1FFA85FC220CB7FBFEF10EFB34
:106A5400117701FB0CF042EA0742904207D9AA18C9
:106A640001F1FF3702D2904200F258813946121ADE
:106A7400A4B2B2FBFEF00EFB102200FB0CFC44EAB5
:106A84000244A4450BD92C1900F1FF322CBF012775
:106A94000027A44502D9002F00F04381104640EAA4
:106AA4000140A4EB0C0400211EB1DC400023C6E924
:106AB4000043BDE8F08F8B4206D90EB1C6E9000150
:106AC40000210846BDE8F08FB3FA83F1002951D1C3
:106AD4006345C0F01681824240F213810846002EBD
:106AE400E7D0C6E90047E4E7002A00F0AF80B2FA35
:106AF40082F3002B40F0C2808A1A4FEA154EAFB2DF
:106B04000121200CB2FBFEFC0EFB1C2240EA0242D7
:106B140007FB0CF090420ED9AA180CF1FF382CBFD9
:106B24004FF001094FF00009904203D9B9F1000F69
:106B340000F0F080C446121AA4B2B2FBFEF00EFBC1
:106B4400102200FB07F744EA0244A7420ED92C198D
:106B540000F1FF322CBF4FF0010E4FF0000EA742A0
:106B640003D9BEF1000F00F0D2801046E41B40EAC6
:106B74000C4099E7C1F120058B400CFA01F400FAAE
:106B840001F922FA05F72CFA05FC8A401F4320FA82
:106B940005F3380C23431FFA87FE1C0CBCFBF0F8EA
:106BA40000FB18CC44EA0C4408FB0EFCA4450ED9A7
:106BB4003C1908F1FF3A2CBF4FF0010B4FF0000BCA
:106BC400A44503D9BBF1000F00F0B880D046A4EB74
:106BD4000C041FFA83FCB4FBF0F300FB134403FB27
:106BE4000EFE4CEA0444A6450ED93C1903F1FF30CD
:106BF4002CBF4FF0010C4FF0000CA64503D9BCF19B
:106C0400000F00F09F80034643EA0840A4EB0E0403
:106C1400A0FB02EC64457346E04602D307D1F1457C
:106C240005D2BEEB02036CEB070C0138E0465EB103
:106C3400B9EB030264EB080404FA05F522FA01F344
:106C4400CC401D43C6E90054002132E742082F46D8
:106C54004B08AC4642EAC172AE46C407110C92B26C
:106C640041EA034142EA0142B1FBF5F1B3FBF5F01D
:106C74001F23A2EB0C0241EA004142E79D40C3F10D
:106C8400200299409C402CFA02FC4FEA154E20FA4F
:106C940002F2AFB2BCFBFEF80A430EFB18CC110C97
:106CA40041EA0C4108FB07FC8C4550D9691808F1EE
:106CB400FF302CBF4FF001094FF000098C4502D979
:106CC400B9F1000F30D0A1EB0C01B1FBFEF808FBC9
:106CD40007FC0EFB181192B242EA0142624534D21B
:106CE400AA1808F1FF312CBF4FF001094FF0000939
:106CF4006245BED2B9F1000FBBD1A8F102012A440A
:106D0400B7E7841A6CEB030201201746E7E62C442C
:106D140002382BE7ACF1020C2A440CE702392A446E
:106D2400A5E62C440238BAE6A5EB0C0CA8F1020047
:106D34006144B1FBFEF808FB07FCCAE7A8F10208AE
:106D44003C4444E7023B3C445EE7414691E7A1EB07
:106D54000C014046B1FBFEF808FB07FCB9E700BF95
:106D640003685A004CBF43F0004323F00043184427
:106D7400704700BF2DE9F04729B301F1FF3A80467F
:106D8400914600255646A91948BF0131491008EB20
:106D9400C107CC003846FFF7E3FF8A450DD008341D
:106DA400484508EB04000AD8FFF7DAFF01384D1C08
:106DB4004845E8D33846BDE8F0874845FAD98D42BE
:106DC40001F1FF36DFD100273846BDE8F08700BF68
:106DD400012806D0022802D028B904487047044884
:106DE4007047044870470020704700BF451C0020CE
:106DF400551C00204D1C0020224B30B5044683B0A6
:106E04008D1E43B301A92846AFF30080F0B1019968
:106E14002A46FFF7AFFF0146C0B1FFF7A1FF4B6859
:106E2400A064012B2AD0002B01F1040024DBFFF71E
:106E340097FF002323650368E064002B11DBFFF751
:106E44008FFF03460020236103B030BD00230920D7
:106E5400236103B030BD0C480C49091AC9100191D3
:106E6400D6E7C3F30360FFF7B3FF031E0CBF09208B
:106E74000020236103B030BD0123DBE7002305209C
:106E8400E1E700BF000000006055021080590210C5
:106E94000368DA0710B5044606D49B0700F15000D6
:106EA40009D500F0BBFC2368590709D51A070ED58C
:106EB400DB0613D510BD00F0A9FC23685907F5D4EF
:106EC40004F1D80000F0B2FC23681A07F0D404F5EA
:106ED400AC7000F0B3FC2368DB06EBD404F5EC7073
:106EE400BDE8104000F0EEBC0346006800B1184451
:106EF400704700BF704700BF70B504460E46316C42
:106F04002046FFF779FF054698B9D6F840C03246C7
:106F1400236921460120C4F814C098470828EED0FC
:106F2400072806D12846316CFFF7E4FF301D00F036
:106F340061FC00F015FF00BF2DE9F04F0F1DADF50A
:106F4400777DD0F80C900646D0F818A014460DF1C1
:106F54000C0C02AD4FF0000E0DF5F8780FCFACE835
:106F64000F000FCFACE80F000FCFACE80F0097E88D
:106F74000F00C5F800E08CE80F0021E02B6C4FF403
:106F8400F47229464046736100F012FF33694246A9
:106F94003146584698472146D8F838400746334684
:106FA4003246AC640120CDE9005AC847044618BBF8
:106FB4004FF4F4724146284600F0FAFE082F19D126
:106FC4000934296C3046FFF717FF07465FFA84FB44
:106FD4000028D3D0AC6B334632464BF01001AC647E
:106FE4000120CDE9005AC84730B938460DF5777D00
:106FF400BDE8F08F072F05D0092738460DF5777DBA
:10700400BDE8F08F2046296CFFF774FF03A800F059
:10701400F1FB00BFF0B5CB6BFBB001F1040C0F46E4
:107024000B6401AC05464FF0FF3E6E46BCE80F0012
:107034000FC4BCE80F000FC4BCE80F000FC49CE8E9
:107044000F00CDF800E084E80F0006E02B6932461B
:10705400294698470828044608D1316C2846FFF78A
:10706400CBFE0028F2D009207BB0F0BD3046FFF7FC
:107074000FFF062CF7D139462846FFF73DFF00BF26
:1070840010B4DC6BC1601946826100221C6410BC20
:10709400FFF752BF70B54369C6680B64AEB90369A4
:1070A4000A4604460D46014602209847072805D0A3
:1070B40008280FD129462046FFF71EFF3046296CC9
:1070C400FFF718FF281D00F095FB0122FFF734FF9E
:1070D40000F046FE00F044FEC26808B542B1D1F8A3
:1070E4003CC00022BDE80840C1F840C0FFF724BFFF
:1070F400FFF790FF092008BD704700BF8368014671
:107104000BB1012018477047052915D8DFE801F0B5
:107114000A031403030501207047436C0020009AFE
:107124001360704743B90F2A06D800EB820200208F
:107134005368009A136070470220704710B584B0FA
:1071440000230A4603AC19460094FFF7DDFF0398B9
:1071540004B010BD052915D8DFE801F00A031403B3
:10716400030501207047009B1B684364002070479F
:1071740043B90F2A06D8009B00EB820200201B684B
:10718400536070470220704710B584B0002303ACED
:1071940003920A4619460094FFF7DCFF04B010BDC1
:1071A4002DE9F041D36BADF5107D141D80461364B9
:1071B4000DF15C0C0F4616AD4FF0FF3E6E460FCC42
:1071C400ACE80F000FCCACE80F000FCCACE80F001C
:1071D40094E80F00C5F800E08CE80F0010E0FFF71A
:1071E400D3FF39462846C04703462A46314608207D
:1071F40083B933699847052804460CD009280AD076
:10720400296C3046FFF7F8FD034632460C21284628
:10721400002BE4D009242846FFF73AFE20460DF55A
:10722400107DBDE8F08100BF2DE9F04F1646CA6C11
:1072340089B00D4652F8041B00F0030C0692E3B12A
:107244000C0C09048DF81D40E4B20591022102EBF7
:107254008402BCF1020F8DF81C10296D08BFAA6BC3
:1072640011F001080FD005A9304600F0C5FB002835
:1072740061D1082009B0BDE8F08F09028DF81D30F6
:1072840005910321E5E71768002FECD000F0080111
:10729400BB469A4667460191CDF80880BAF1020FC1
:1072A4004DD0B2F800B002F10409548824F0010270
:1072B400AB6C64000F2102EB03083046FFF73EFF7E
:1072C40004F002040BF00103804543EA04032CD8C4
:1072D4002BF0010B012BC34468D0022B41D053BBCC
:1072E40017B1834500F2D08009F10402D2F800B04E
:1072F400BBF1000FD2D105A93046DDF8088000F0BB
:107304007BFBC0B9B8F1000FB3D00F213046FFF7B3
:1073140015FF0E2102463046FFF736FF6C4A0F2157
:107324003046FFF731FF0720A4E7012B3AD0022BA8
:1073340009D0002BD8D0092009B0BDE8F08F5468DB
:1073440002F10809B2E7D9F8004024F0004877B9FF
:10735400002C01DA09F1040908F1010309EB8302A5
:10736400C4E7D9F8004024F00048002F61D0D5F8D4
:1073740020B00D213046FFF7E1FE8345E8D1AA6A2B
:107384009145E5D100240422C5F82880C5E90B42C3
:107394004A446A63D9F80020A242C0F293800123D0
:1073A4000293D9E71FB909F108029FE7BFB12C6A1C
:1073B4000D213046FFF7C2FE8442F4D1AB6A9945F1
:1073C400F1D14846FFF7CCFC0F2102463046FFF7C7
:1073D400DBFE2A4600213046FFF7D6FEA3E78345AD
:1073E400E1D9D9F80430D9F80020991C4FEAD272B7
:1073F400A1D005F15804013304945CD009F10400D0
:10740400FFF772FD04AB0146284600F0B5FC0028E6
:10741400C9D004460D213046049EFFF78FFE022C8E
:10742400286202D1EE6205F12C060620C5E909693D
:1074340020E783458CD9019B13B1B8F1000F87D1A4
:1074440005F15803039709F1040B00241F460CE0CF
:10745400584600220497FFF747FD04AB014628462F
:107464000BF1040B00F088FC08BB444504F1010453
:10747400EED10D213046FFF761FE049B0246062043
:107484002A62C5E90939F5E64846FFF769FC09F1BE
:10749400040204462846AA6300F072FC00283FF464
:1074A4004AAF22460F213046FFF76EFE3BE7039FAB
:1074B400D9F800404CE730460D21FFF73FFE264641
:1074C4002862B2E708F1010209EB82007AE700BF03
:1074D400BDD101100023FFF7A7BE00BF0123FFF7B2
:1074E400A3BE00BF0223FFF79FBE00BF2DE9F041FA
:1074F4000546C4B01446052904D8DFE801F0122B70
:10750400036B9107022044B0BDE8F081836B002C2B
:10751400F8D153F8042B42648363002044B0BDE8DF
:10752400F081002BEED11FFA84FC806B01262F1D05
:1075340006FA03F1024611EA0C0F04D052F8041BB8
:10754400104647F823100133102BF1D1A404E4D4DE
:10755400A863E2E703F0FB02260CA4B2012AD1D10E
:10756400012B06EB040200F0B880202ACAD80F2EA3
:107574007BD9002CD1D002680193510700F10B8113
:1075840002AF384600F056F9D5F838C0019B102EEA
:1075940031464FEA4404604638BF102104F1FF3EEF
:1075A40007EBC1017246843950F8044B013A41F8A3
:1075B400044F541CF8D10CF1040C012B0CEB8E027B
:1075C40000F0C3800F2EAA6340F2C880384600F052
:1075D4002DF9A2E7032B95D11FFA84F8260C08EBAA
:1075E4001444102C8ED80368180700F19B8022AF36
:1075F400384600F045F9AC6B4FEA480107EBC60387
:107604004A1E41B1E01A1958013A43F8041B511CAF
:10761400F9D104EBC8043846AC6300F00FF97CE7F9
:10762400002B7FF46FAF102C3FF66CAF0368DA06C3
:1076340070D422AF384600F04FF9AE6B39460023C0
:107644004FF0010C0CFA03F230460133224203D00E
:1076540050F8042B06460A60042B01F10401F1D111
:107664003846AE6300F02EF957E7102A40F29A80AC
:107674002968A2F11004CF0774D44A0708D521F071
:1076840004012846019340F8D81B00F0D3F8019B6D
:1076940022AF0193C6F11008384600F0C3F802A8DF
:1076A40000F0C8F8D5F838C0019B4FEA4808604696
:1076B40007EBC60108F1FF3804394246013A50F895
:1076C40004EBB2F1FF3F41F804EFF7D10CF1040CE5
:1076D4000CEB880C74B302AF59E7102A3FF612AFD3
:1076E400102E3FF40FAF0268D10707D522F0030232
:1076F400019340F8502B00F08DF8019B22AF0193C9
:10770400384600F087F8D5F838C0019BFCB1A04694
:107714000024CAE723F0100300F5EC702B6000F09E
:10772400DBF886E723F0080305F5AC702B6000F066
:10773400A7F85CE7012B0AD00F2EC5F838C03FF636
:10774400ECAE384600F06AF8E7E6944622AF0CF156
:1077540004033846AB6300F059F8DEE622A800F0D3
:107764005DF833E721F001022846019342F002025A
:1077740040F8502B00F056F82A68019B12F0040FD1
:1077840086D022F004022846019340F8D82B00F05A
:1077940051F8019B7CE722F0040240F8D82B00F05A
:1077A40049F8EDE60268D0070CD422AF01933846BD
:1077B40000F038F8002CC4D0A046D5F838C0002416
:1077C400019B72E7052B01930AD122F0010228469E
:1077D40042F0020240F8502B00F024F8019BE4E749
:1077E40022F00302284640F8502B00F013F8019BC6
:1077F400DBE700BF00F1340191E838009C46A6465F
:107804004CF8045D90E8FF0FE54600BD90EC210BB9
:10781400704700BF80EC210B704700BF90EC200B39
:10782400704700BF80EC200B704700BFD0EC200BEA
:10783400704700BFC0EC200B704700BFF0EC0201A2
:10784400F0EC0211F0EC0221F0EC0231F0EC024118
:10785400F0EC0251F0EC0261F0EC0271F0EC028108
:10786400F0EC0291F0EC02A1F0EC02B1F0EC02C1F8
:10787400F0EC02D1F0EC02E1F0EC02F1704700BF51
:10788400E0EC0201E0EC0211E0EC0221E0EC023158
:10789400E0EC0241E0EC0251E0EC0261E0EC027148
:1078A400E0EC0281E0EC0291E0EC02A1E0EC02B138
:1078B400E0EC02C1E0EC02D1E0EC02E1E0EC02F128
:1078C400704700BFB0FC0181B0FC0191B0FC01A184
:1078D400B0FC01B1704700BFA0FC0181A0FC019184
:1078E400A0FC01A1A0FC01B1704700BFEC4600B5AB
:1078F4002DE900502DE9FF1F4FF000032DE90C0086
:1079040001A9FFF787FBDDF840E012B0704700BF24
:10791400EC4600B52DE900502DE9FF1F4FF00003A0
:107924002DE90C0001A9FFF7B5FBDDF840E012B02A
:10793400704700BFEC4600B52DE900502DE9FF1F4C
:107944004FF000032DE90C0001A9FFF7C5FBDDF89A
:1079540040E012B0704700BFEC4600B52DE900507E
:107964002DE9FF1F4FF000032DE90C0001ABFFF7D9
:1079740087FBDDF840E012B0704700BFEC4600B56D
:107984002DE900502DE9FF1F4FF000032DE90C00F5
:1079940001AAFFF705FCDDF840E012B0704700BF14
:1079A400027A03468AB9427AB2B14168013A4FF089
:1079B400030C10B442720C1D086883F808C002025C
:1079C4005C60000E10BC1A6070470068013A1A72BD
:1079D4000202000E1A607047B020704710B584B0E0
:1079E40000230C2203AC19460094FFF78DFB039887
:1079F40004B010BDFFF7F2BF2DE9F043002785B0B6
:107A040006460D462846FFF7CBFFB028044600F093
:107A14002481030638D500F0F003A02B00F0838006
:107A24000CD8802B60D0902B04D100F00D030D2BCB
:107A340040F08F80092005B0BDE8F083B02B68D0FA
:107A4400C02B40D1C62800F0F580C72800F008817B
:107A540000F0F803C02B00F01581C82800F0208145
:107A6400C928E7D12846FFF79BFF020300F00F0067
:107A740002F4702201300243012105233046FFF74E
:107A840035FD0028BED0D5E783000DF108090D228D
:107A94003046DBB2CDF8009003F104080023194608
:107AA400FFF732FB029A60064FF000033046CDF830
:107AB40000904CBFA2EB08024244194602920D22E8
:107AC400FFF748FB9EE700F0F803D02BB2D100F09B
:107AD4000702052301213046013242F40022FFF758
:107AE40005FD00288ED0A5E724022846FFF758FF9D
:107AF4002043B0F5004F9DD0040100233046A2B2CC
:107B04001946FFF7F3FC002894D1C4F3C0300743AF
:107B140078E7A0F1B103042B00F2DE80DFE803F084
:107B2400815340362D00C3434FF47F62010703F0B5
:107B3400070342FA03F202F47F6201D542F4804261
:107B4400002330461946FFF7D1FC00283FF45AAF12
:107B540070E70DF10808002300F00F0230461946C3
:107B6400CDF80080FFF7D0FA00230D2230461946E5
:107B7400CDF80080FFF7EEFA44E703AA002330466D
:107B8400009219460D22FFF7BFFA3BE700230521B7
:107B940030461A46FFF7AAFC00283FF433AF49E702
:107BA4002846FFF7FDFE0123020300F00F001946EB
:107BB400013002F4702202433046FFF797FC00289C
:107BC4003FF420AF36E700230DF108090D223046BB
:107BD4001946CDF80090FFF797FA2846FFF7E0FE24
:107BE4000206029C4FF002080CD500F07F0000FA58
:107BF40008F008F10708044428460294FFF7D0FE71
:107C04000306F2D400FA08F004F5017400230D22EF
:107C14000444CDF80090194630460294FFF79AFACE
:107C2400F0E62846FFF7BCFE431E0246DBB20E2BED
:107C340086D9FFE62846FFF7B3FE0323020300F0CC
:107C44000F001946013002F4702202433046FFF758
:107C54004DFC00283FF4D6AEECE66FB30020EAE614
:107C64002846FFF79DFE431E0246DBB20E2B3FF66D
:107C7400E1AE002304213046FFF738FC00283FF42E
:107C8400C1AED7E600F00F02032330460132194695
:107C940042F42022FFF72AFC00283FF4B3AEC9E6E1
:107CA4002846FFF77DFE00F0F00200F00F031032CB
:107CB400013343EA0232DFE602AC3B4639460E2288
:107CC40030460094FFF720FA0F223B4639463046EF
:107CD4000094FFF73FFAC1E700F0FC03B42B3FF434
:107CE400A9AE00F00702012330461A44194642F4B3
:107CF4000022FFF7FBFB00283FF484AE9AE600BFA6
:107D0400024603230846D26C10B584B008328DF8BD
:107D14000C3001A952F8043C1C021B0ECDE90142AF
:107D24008DF80D30FFF768FE04B010BD08B5FFF7FD
:107D340061FE806C08BD00BF08B5FFF75BFEC06C38
:107D4400C37900EB8300083008BD00BF08B500F01C
:107D540007F808B5FFF7FAFF704700BF00000000FE
:107D64005FF800F089DA01105FF800F095E2001086
:107D74005FF800F0214701105FF800F03D52011058
:107D84005FF800F0ED5201105FF800F09DF3001071
:107D94005FF800F02DF700105FF800F021F00110FB
:107DA4005FF800F041F200105FF800F0813101103B
:107DB4005FF800F039F601103025002000000000C3
:107DC400AC380210EC41002001000000E03A02103F
:107DD4004825002000000000000000000000000012
:107DE4000000000000000000FF000000011000007F
:107DF400000000000000010000000000000000007E
:107E04000000020000000000000000000000030069
:107E1400000000000000000000000400000000005A
:107E24000000000000000500000000000000000049
:107E34000000FF000000000001B5486801318E46D3
:107E44000047704609380149884701BD0DE9001013
:107E5400000000000000000000000000000000001E
:107E640000000000C82C00204D280110F927011043
:107E740071270110E126011000000000000100003C
:107E84009C35002010000C000000000000000000E1
:107E9400000000000000000000000000FF000000DF
:107EA40000800940000000000000094000000000BC
:107EB4001E83A873195A0110E55B01103451021096
:107EC4000C510210FFFFFFFF000002000000000041
:107ED4000000000000000000402600204026002092
:107EE4004826002048260020502600205026002046
:107EF40058260020582600206026002060260020F6
:107F040068260020682600207026002070260020A5
:107F14007826002078260020802600208026002055
:107F24008826002088260020902600209026002005
:107F34009826002098260020A0260020A0260020B5
:107F4400A8260020A8260020B0260020B026002065
:107F5400B8260020B8260020C0260020C026002015
:107F6400C8260020C8260020D0260020D0260020C5
:107F7400D8260020D8260020E0260020E026002075
:107F8400E8260020E8260020F0260020F026002025
:107F9400F8260020F82600200027002000270020D3
:107FA4000827002008270020102700201027002081
:107FB4001827002018270020202700202027002031
:107FC40028270020282700203027002030270020E1
:107FD4003827002038270020402700204027002091
:107FE4004827002048270020502700205027002041
:107FF40058270020582700206027002060270020F1
:1080040068270020682700207027002070270020A0
:108014007827002078270020802700208027002050
:108024008827002088270020902700209027002000
:108034009827002098270020A0270020A0270020B0
:10804400A8270020A8270020B0270020B027002060
:10805400B8270020B8270020C0270020C027002010
:10806400C8270020C8270020D0270020D0270020C0
:10807400D8270020D8270020E0270020E027002070
:10808400E8270020E8270020F0270020F027002020
:10809400F8270020F82700200028002000280020CE
:1080A400082800200828002010280020102800207C
:1080B400182800201828002020280020202800202C
:1080C40028280020282800203028002030280020DC
:1080D400382800203828002040280020402800208C
:1080E400482800204828002050280020502800203C
:1080F40058280020582800206028002060280020EC
:10810400682800206828002070280020702800209B
:10811400782800207828002080280020802800204B
:1081240088280020882800209028002090280020FB
:108134009828002098280020A0280020A0280020AB
:10814400A8280020A8280020B0280020B02800205B
:10815400B8280020B8280020C0280020C02800200B
:10816400C8280020C8280020D0280020D0280020BB
:10817400D8280020D8280020E0280020E02800206B
:10818400E8280020E8280020F0280020F02800201B
:10819400F8280020F82800200029002000290020C9
:1081A4000829002008290020102900201029002077
:1081B4001829002018290020202900202029002027
:1081C40028290020282900203029002030290020D7
:1081D4003829002038290020402900204029002087
:1081E4004829002048290020502900205029002037
:1081F40058290020582900206029002060290020E7
:108204006829002068290020702900207029002096
:108214007829002078290020802900208029002046
:1082240088290020882900209029002090290020F6
:108234009829002098290020A0290020A0290020A6
:10824400A8290020A8290020B0290020B029002056
:10825400B8290020B8290020C0290020C029002006
:10826400C8290020C8290020D0290020D0290020B6
:10827400D8290020D8290020E0290020E029002066
:10828400E8290020E8290020F0290020F029002016
:10829400F8290020F8290020002A0020002A0020C4
:1082A400082A0020082A0020102A0020102A002072
:1082B400182A0020182A0020202A0020202A002022
:1082C400282A0020282A0020302A0020302A0020D2
:1082D400382A0020382A0020502A002000000000FC
:1082E400000000002C32002094320020FC320020D8
:1082F400000000000000000000000000000000007A
:108304000000000000000000000000000000000069
:108314000000000000000000000000000000000059
:108324000000000000000000000000000000000049
:108334000000000000000000000000000000000039
:108344000000000000000000000000000000000029
:108354000000000000000000000000000000000019
:108364000000000000000000000000000000000009
:1083740000000000000000000100000000000000F8
:108384000E33CDAB34126DE6ECDE05000B000000BD
:1083940000000000000000000000000000000000D9
:1083A40000000000000000000000000000000000C9
:1083B40000000000000000000000000000000000B9
:1083C40000000000000000000000000000000000A9
:1083D4000000000000000000000000000000000099
:1083E4000000000000000000000000000000000089
:1083F4000000000000000000000000000000000079
:108404000000000000000000000000000000000068
:108414000000000000000000000000000000000058
:10842400E83100209C3C0020000000000300000014
:108434002C320020000000000000000000000000BA
:048444000000000034
:10844800D3DEFFFFFE010000FF010000F07CFDFF0E
:04845800793512ABB5
:040000051000014D99
:00000001FF
